# File produced by Open Asset Import Library (http://www.assimp.sf.net)
# (assimp v3.1.161429758)

mtllib foliage%203.mtl

# vertex positions
v 3.971176 -6.338363 -1.559116
v 4.432014 -1.618160 -1.610035
v 3.376209 -1.553438 -2.179607
v 2.889986 -6.312475 -2.141128
v 4.865578 2.084873 -1.675213
v 3.851414 2.240208 -2.232346
v 3.246168 2.343763 -3.163279
v 2.750854 -1.488715 -3.134836
v 2.244524 -6.286585 -3.113523
v 7.302822 1.722426 -1.675213
v 6.965946 -1.773494 -1.610034
v 8.021751 -1.838217 -2.179607
v 8.316986 1.567093 -2.232346
v 6.569283 -6.390141 -1.559116
v 7.650471 -6.416031 -2.141127
v 8.295935 -6.441920 -3.113523
v 8.647106 -1.902940 -3.134836
v 8.922234 1.463535 -3.163279
v 4.865578 2.084873 -6.887009
v 4.432014 -1.618160 -6.952188
v 3.376209 -1.553438 -6.382614
v 3.851414 2.240208 -6.329875
v 3.971176 -6.338363 -7.003106
v 2.889986 -6.312475 -6.421094
v 2.244524 -6.286585 -5.448699
v 2.750854 -1.488715 -5.427385
v 3.246168 2.343763 -5.398943
v 6.569283 -6.390141 -7.003105
v 6.965946 -1.773494 -6.952187
v 8.021751 -1.838218 -6.382614
v 7.650471 -6.416031 -6.421094
v 7.302822 1.722426 -6.887009
v 8.316986 1.567093 -6.329875
v 8.922234 1.463535 -5.398943
v 8.647106 -1.902940 -5.427385
v 8.295935 -6.441920 -5.448699
v 38.909618 -6.210370 -0.373106
v 39.219540 -5.950716 -0.619388
v 38.767570 -3.805195 -1.213581
v 38.135349 -4.941521 -0.557713
v 39.451889 -6.189186 -0.887733
v 39.298038 -4.889156 -1.623079
v 39.366718 -4.144976 -2.833361
v 39.427555 -2.912492 -2.732320
v 39.771778 -1.112403 -2.756904
v 39.003849 -1.321084 -1.514457
v 37.639347 -1.334347 -0.835533
v 37.183327 -3.069811 -0.712366
v 36.812508 -4.272830 -0.528904
v 30.997604 -4.545361 -2.833442
v 30.986929 -5.256117 -1.623191
v 31.915089 -4.176272 -1.213584
v 31.476814 -3.431652 -2.732337
v 30.721836 -6.551167 -0.887775
v 31.018637 -6.301955 -0.619385
v 31.266817 -6.530799 -0.373096
v 32.152252 -5.205420 -0.557707
v 33.554588 -4.419863 -0.528902
v 33.722111 -3.275293 -0.712363
v 34.250126 -1.651817 -0.835530
v 32.853722 -1.908187 -1.514453
v 32.117393 -1.873465 -2.756901
v 39.366714 -4.144976 -5.728861
v 39.298038 -4.889156 -6.939143
v 38.767570 -3.805195 -7.348640
v 39.427555 -2.912492 -5.829902
v 39.451889 -6.189186 -7.674488
v 39.219540 -5.950716 -7.942833
v 38.909618 -6.210370 -8.189116
v 38.135349 -4.941521 -8.004509
v 36.812508 -4.272830 -8.033318
v 37.183327 -3.069811 -7.849855
v 37.639347 -1.334347 -7.726688
v 39.003849 -1.321084 -7.047764
v 39.771778 -1.112403 -5.805318
v 33.554588 -4.419863 -8.033319
v 32.152252 -5.205420 -8.004515
v 31.915089 -4.176272 -7.348637
v 33.722111 -3.275293 -7.849859
v 31.266817 -6.530799 -8.189125
v 31.018637 -6.301955 -7.942836
v 30.721838 -6.551167 -7.674446
v 30.986931 -5.256117 -6.939031
v 30.997604 -4.545361 -5.728780
v 31.476814 -3.431652 -5.829885
v 32.117393 -1.873465 -5.805321
v 32.853722 -1.908187 -7.047769
v 34.250126 -1.651817 -7.726691
v 20.508795 18.688820 -2.127895
v 20.470623 17.569078 -2.588649
v 21.762487 17.487537 -2.480360
v 21.890388 18.671543 -1.991065
v 20.444735 16.903059 -3.357784
v 21.678280 16.791716 -3.298883
v 22.862942 16.651516 -3.243620
v 23.005466 17.377150 -2.379347
v 23.238029 18.596256 -1.861511
v 20.661478 23.167801 -3.357784
v 20.635590 22.501785 -2.588649
v 22.325251 22.697155 -2.480360
v 22.409456 23.392979 -3.298883
v 20.597418 21.382038 -2.127895
v 22.197350 21.513149 -1.991065
v 23.793192 21.527943 -1.861511
v 24.025755 22.747051 -2.379347
v 24.168278 23.472683 -3.243620
v 20.444735 16.903059 -5.204437
v 20.470623 17.569073 -5.973573
v 21.762486 17.487537 -6.081862
v 21.678280 16.791716 -5.263339
v 20.508795 18.688820 -6.434326
v 21.890388 18.671543 -6.571157
v 23.238029 18.596256 -6.700710
v 23.005466 17.377150 -6.182874
v 22.862942 16.651516 -5.318602
v 20.597418 21.382038 -6.434326
v 20.635590 22.501785 -5.973573
v 22.325253 22.697155 -6.081862
v 22.197350 21.513149 -6.571157
v 20.661478 23.167801 -5.204437
v 22.409458 23.392979 -5.263339
v 24.168280 23.472683 -5.318602
v 24.025755 22.747051 -6.182874
v 23.793194 21.527943 -6.700710
v 10.611386 12.914101 -2.268406
v 11.201370 12.230215 -2.701930
v 12.076113 13.526829 -2.777930
v 11.571937 14.260380 -2.361728
v 11.556890 11.821838 -3.420307
v 12.382438 13.091593 -3.461194
v 13.329449 14.220825 -3.489595
v 13.072312 14.682930 -2.828958
v 12.646304 15.456358 -2.430079
v 11.556890 11.821838 -5.141915
v 11.201372 12.230215 -5.860292
v 12.076113 13.526829 -5.784292
v 12.382441 13.091593 -5.101027
v 10.611387 12.914101 -6.293815
v 11.571937 14.260380 -6.200493
v 12.646305 15.456358 -6.132143
v 13.072312 14.682926 -5.733263
v 13.329449 14.220825 -5.072626
v 9.196953 14.557386 -6.293815
v 8.606968 15.241272 -5.860292
v 9.857742 16.754450 -5.784292
v 10.361917 16.020899 -6.200493
v 8.251450 15.649647 -5.141915
v 9.551415 17.189686 -5.101027
v 10.942266 18.550076 -5.072626
v 11.199402 18.087975 -5.733263
v 11.625410 17.314547 -6.132143
v 8.251450 15.649647 -3.420307
v 8.606968 15.241272 -2.701930
v 9.857742 16.754450 -2.777930
v 9.551415 17.189686 -3.461194
v 9.196953 14.557386 -2.268406
v 10.361917 16.020899 -2.361728
v 11.625410 17.314547 -2.430079
v 11.199401 18.087975 -2.828958
v 10.942266 18.550076 -3.489595
v 33.666698 16.685020 -3.050360
v 33.156460 16.107582 -2.023601
v 34.595642 13.970156 -1.981603
v 35.161469 14.476639 -3.026834
v 32.306084 15.140190 -1.404824
v 33.652660 13.113514 -1.347662
v 35.080723 11.075167 -1.263291
v 36.116386 11.806049 -1.912396
v 36.737797 12.241581 -2.989703
v 30.265200 12.815443 -1.404824
v 29.414824 11.848049 -2.023601
v 30.446520 10.200935 -1.981603
v 31.389503 11.057577 -1.347662
v 28.904585 11.270615 -3.050360
v 29.880693 9.694452 -3.026834
v 30.938074 8.151623 -2.989703
v 31.559486 8.587154 -1.912396
v 32.595150 9.318039 -1.263291
v 28.904585 11.270615 -5.511862
v 29.414824 11.848049 -6.538621
v 30.446520 10.200935 -6.580619
v 29.880693 9.694452 -5.535388
v 30.265200 12.815443 -7.157398
v 31.389503 11.057577 -7.214560
v 32.595150 9.318039 -7.298931
v 31.559486 8.587154 -6.649826
v 30.938074 8.151623 -5.572518
v 32.306084 15.140190 -7.157398
v 33.156460 16.107582 -6.538621
v 34.595642 13.970156 -6.580619
v 33.652660 13.113514 -7.214560
v 33.666698 16.685020 -5.511862
v 35.161469 14.476639 -5.535388
v 36.737797 12.241581 -5.572518
v 36.116386 11.806049 -6.649826
v 35.080723 11.075167 -7.298931
v 17.430906 20.708214 -2.375062
v 17.305767 21.681004 -2.788171
v 15.689637 21.034988 -2.857062
v 15.891479 20.132248 -2.455610
v 17.231173 22.268963 -3.467969
v 15.569754 21.587349 -3.504357
v 13.960991 20.744343 -3.514593
v 14.126165 20.227581 -2.873649
v 14.402268 19.373459 -2.483853
v 17.731728 18.377804 -2.375062
v 16.375896 17.965668 -2.455610
v 16.577738 17.062927 -2.857062
v 17.856865 17.405010 -2.788171
v 15.065403 17.327850 -2.483853
v 15.341507 16.473724 -2.873649
v 15.506680 15.956968 -3.514593
v 16.697622 16.510567 -3.504357
v 17.931461 16.817053 -3.467969
v 17.731728 18.377800 -6.187159
v 17.856865 17.405010 -5.774050
v 16.577738 17.062927 -5.705159
v 16.375896 17.965668 -6.106612
v 17.931461 16.817053 -5.094253
v 16.697622 16.510567 -5.057865
v 15.506680 15.956968 -5.047628
v 15.341507 16.473724 -5.688572
v 15.065403 17.327850 -6.078369
v 17.430906 20.708214 -6.187159
v 15.891479 20.132248 -6.106612
v 15.689637 21.034988 -5.705159
v 17.305767 21.681004 -5.774050
v 14.402268 19.373459 -6.078369
v 14.126167 20.227581 -5.688572
v 13.960992 20.744343 -5.047628
v 15.569754 21.587349 -5.057865
v 17.231173 22.268963 -5.094253
v 38.326157 2.772686 -0.953919
v 39.628036 3.045088 -1.663868
v 39.491901 5.232363 -1.693464
v 38.221691 4.870811 -0.996198
v 40.402187 3.213999 -2.852756
v 40.236584 5.462969 -2.869667
v 39.450790 7.724846 -2.903491
v 38.735580 7.432549 -1.756883
v 37.531933 6.954506 -1.072301
v 35.194664 2.124389 -0.953919
v 35.173187 4.003094 -0.996198
v 33.902977 3.641544 -1.693464
v 33.892780 1.851986 -1.663868
v 34.636204 5.812664 -1.072301
v 33.432560 5.334621 -1.756883
v 32.717350 5.042322 -2.903491
v 33.158298 3.410940 -2.869667
v 33.118629 1.683074 -2.852756
v 35.194664 2.124389 -7.608303
v 33.892780 1.851986 -6.898353
v 33.902977 3.641544 -6.868757
v 35.173187 4.003094 -7.566023
v 33.118629 1.683074 -5.709466
v 33.158298 3.410940 -5.692554
v 32.717350 5.042322 -5.658731
v 33.432560 5.334621 -6.805338
v 34.636204 5.812664 -7.489921
v 38.326157 2.772686 -7.608303
v 38.221691 4.870811 -7.566023
v 39.491901 5.232361 -6.868757
v 39.628036 3.045088 -6.898353
v 37.531933 6.954506 -7.489921
v 38.735580 7.432549 -6.805338
v 39.450790 7.724846 -5.658731
v 40.236584 5.462969 -5.692554
v 40.402187 3.213999 -5.709466
v 9.052448 9.842779 -2.046962
v 8.462557 8.163500 -1.937259
v 9.304493 7.681940 -2.437182
v 9.814154 9.282486 -2.524649
v 8.003477 6.425436 -1.839423
v 8.910561 6.051590 -2.361583
v 9.451793 5.833076 -3.233826
v 9.802113 7.407495 -3.275331
v 10.268160 8.952108 -3.322771
v 9.052448 9.842779 -6.515259
v 9.814154 9.282486 -6.037573
v 9.304493 7.681940 -6.125039
v 8.462557 8.163500 -6.624962
v 10.268160 8.952108 -5.239450
v 9.802113 7.407495 -5.286890
v 9.451793 5.833076 -5.328396
v 8.910561 6.051590 -6.200639
v 8.003477 6.425436 -6.722798
v 7.221336 11.193272 -6.515259
v 6.441910 9.319237 -6.624962
v 5.599976 9.800793 -6.125039
v 6.459631 11.753563 -6.037573
v 5.823463 7.328465 -6.722798
v 4.916380 7.702311 -6.200639
v 4.375147 7.920822 -5.328396
v 5.102356 10.075241 -5.286890
v 6.005623 12.083942 -5.239450
v 7.221336 11.193272 -2.046962
v 6.459631 11.753563 -2.524649
v 5.599976 9.800793 -2.437182
v 6.441910 9.319237 -1.937259
v 6.005623 12.083942 -3.322771
v 5.102356 10.075241 -3.275331
v 4.375147 7.920822 -3.233826
v 4.916380 7.702311 -2.361583
v 5.823463 7.328465 -1.839423
v 28.101498 15.948818 -1.492383
v 26.984856 17.120678 -1.550287
v 26.423832 15.903650 -2.130002
v 27.440929 14.797472 -2.087486
v 25.795063 17.903561 -1.635991
v 25.342907 16.665951 -2.200320
v 25.073479 15.932402 -3.145502
v 26.091879 15.195982 -3.107779
v 27.046452 14.115681 -3.083956
v 28.101500 15.948818 -7.069838
v 27.440929 14.797472 -6.474736
v 26.423832 15.903650 -6.432220
v 26.984856 17.120678 -7.011935
v 27.046452 14.115681 -5.478265
v 26.091879 15.195982 -5.454443
v 25.073479 15.932402 -5.416719
v 25.342907 16.665951 -6.361901
v 25.795063 17.903561 -6.926230
v 29.688728 18.721073 -7.069838
v 28.331314 20.041542 -7.011935
v 28.892338 21.258568 -6.432220
v 30.349300 19.872421 -6.474736
v 26.882101 20.882851 -6.926230
v 27.334255 22.120461 -6.361901
v 27.603685 22.854008 -5.416719
v 29.224291 21.966240 -5.454443
v 30.743778 20.554214 -5.478265
v 29.688728 18.721073 -1.492383
v 30.349300 19.872421 -2.087486
v 28.892338 21.258568 -2.130002
v 28.331310 20.041542 -1.550287
v 30.743778 20.554214 -3.083956
v 29.224291 21.966240 -3.107779
v 27.603685 22.854008 -3.145502
v 27.334255 22.120461 -2.200320
v 26.882099 20.882851 -1.635992
v 3.301926 -50.893738 0.682872
v 1.290316 -50.886822 -0.233718
v 1.373703 -51.045925 -0.308427
v 3.174076 -51.083969 0.055889
v 0.267263 -50.893738 -2.035994
v 0.967072 -51.083969 -1.921448
v 3.043329 -51.184273 -1.804308
v 3.301926 -50.893738 -9.245094
v 3.174076 -51.083969 -8.618111
v 1.373703 -51.045925 -8.253794
v 1.290316 -50.886822 -8.328503
v 3.043329 -51.184273 -6.757914
v 0.967072 -51.083969 -6.640774
v 0.267263 -50.893738 -6.526228
v 11.348360 -50.893738 -6.526228
v 10.648552 -51.083969 -6.640774
v 10.241921 -51.045925 -8.253794
v 10.325308 -50.886822 -8.328503
v 8.572296 -51.184273 -6.757914
v 8.441549 -51.083969 -8.618111
v 8.313700 -50.893738 -9.245094
v 8.313700 -50.893738 0.682873
v 8.441549 -51.083969 0.055889
v 10.241921 -51.045925 -0.308427
v 10.325308 -50.886822 -0.233718
v 8.572296 -51.184273 -1.804308
v 10.648552 -51.083969 -1.921448
v 11.348360 -50.893738 -2.035994
v 39.431362 -10.876795 -2.541754
v 39.676441 -10.883946 -2.487723
v 38.946594 -10.500251 -0.771882
v 38.552696 -10.847926 -1.119409
v 39.910934 -10.785546 -2.609769
v 39.729206 -10.210642 -1.287691
v 39.687981 -9.118260 -0.664142
v 39.412918 -9.157652 -0.361582
v 39.096287 -9.141918 -0.105117
v 38.391521 -10.264036 -0.065790
v 36.903847 -10.905150 0.098838
v 37.029984 -10.988880 -0.112093
v 36.965195 -10.974402 -0.331084
v 30.134623 -11.176152 -2.609635
v 30.369511 -11.253786 -2.487687
v 31.100317 -10.811406 -0.771850
v 30.316685 -10.585858 -1.287481
v 30.614614 -11.226085 -2.541752
v 31.493526 -11.127435 -1.119405
v 33.081207 -11.128152 -0.331082
v 33.017433 -11.147792 -0.112089
v 33.145447 -11.053933 0.098841
v 31.657700 -10.530560 -0.065784
v 30.953001 -9.464099 -0.105106
v 30.634449 -9.505390 -0.361526
v 30.358236 -9.488802 -0.663969
v 33.145447 -11.053933 -8.661062
v 33.017433 -11.147794 -8.450132
v 31.100319 -10.811406 -7.790371
v 31.657700 -10.530560 -8.496437
v 33.081207 -11.128153 -8.231140
v 31.493526 -11.127436 -7.442817
v 30.614614 -11.226087 -6.020470
v 30.369511 -11.253786 -6.074534
v 30.134623 -11.176154 -5.952586
v 30.316685 -10.585860 -7.274740
v 30.358236 -9.488803 -7.898252
v 30.634449 -9.505391 -8.200696
v 30.953001 -9.464099 -8.457115
v 39.910934 -10.785545 -5.952453
v 39.676441 -10.883946 -6.074498
v 38.946598 -10.500251 -7.790339
v 39.729210 -10.210642 -7.274530
v 39.431362 -10.876795 -6.020467
v 38.552696 -10.847926 -7.442813
v 36.965191 -10.974402 -8.231136
v 37.029980 -10.988880 -8.450129
v 36.903847 -10.905150 -8.661059
v 38.391521 -10.264036 -8.496431
v 39.096291 -9.141918 -8.457105
v 39.412922 -9.157652 -8.200640
v 39.687984 -9.118261 -7.898080
v 4.139467 -49.828655 -0.754787
v 2.738401 -49.828655 -1.531114
v 2.512133 -50.077583 -1.328389
v 4.010168 -50.077583 -0.465180
v 1.871904 -49.828655 -2.786378
v 1.548662 -50.077583 -2.670535
v 0.966818 -50.359753 -2.438849
v 2.027264 -50.359753 -0.893978
v 3.751570 -50.359753 0.056114
v 1.871904 -49.828655 -5.775844
v 2.738401 -49.828655 -7.031107
v 2.512133 -50.077583 -7.233832
v 1.548662 -50.077583 -5.891686
v 4.139467 -49.828655 -7.807435
v 4.010168 -50.077583 -8.097042
v 3.751570 -50.359753 -8.618335
v 2.027264 -50.359753 -7.668243
v 0.966818 -50.359753 -6.123372
v 7.476158 -49.828655 -7.807435
v 8.877220 -49.828655 -7.031107
v 9.103493 -50.077583 -7.233832
v 7.605455 -50.077583 -8.097042
v 9.743718 -49.828655 -5.775844
v 10.066963 -50.077583 -5.891686
v 10.648804 -50.359753 -6.123372
v 9.588360 -50.359753 -7.668243
v 7.864052 -50.359753 -8.618336
v 9.743718 -49.828655 -2.786378
v 8.877220 -49.828655 -1.531114
v 9.103493 -50.077583 -1.328389
v 10.066963 -50.077583 -2.670535
v 7.476158 -49.828655 -0.754787
v 7.605455 -50.077583 -0.465180
v 7.864052 -50.359753 0.056113
v 9.588360 -50.359753 -0.893978
v 10.648804 -50.359753 -2.438849
v 3.659184 -41.408188 -1.086587
v 2.385025 -41.408188 -1.767807
v 2.615988 -45.402740 -1.698086
v 3.926462 -45.402740 -1.002921
v 1.624681 -41.408188 -2.909373
v 1.840080 -45.402740 -2.872188
v 1.973467 -47.879093 -2.853596
v 2.764938 -47.879093 -1.665549
v 4.090977 -47.879093 -0.956440
v 1.624681 -41.408188 -5.652849
v 2.385025 -41.408188 -6.794415
v 2.615988 -45.402740 -6.864136
v 1.840080 -45.402740 -5.690033
v 3.659184 -41.408188 -7.475635
v 3.926462 -45.402740 -7.559300
v 4.090977 -47.879093 -7.605782
v 2.764938 -47.879093 -6.896672
v 1.973467 -47.879093 -5.708626
v 6.721313 -41.408188 -7.475635
v 7.995472 -41.408188 -6.794415
v 8.382072 -45.402740 -6.864136
v 7.071598 -45.402740 -7.559300
v 8.755816 -41.408188 -5.652849
v 9.157981 -45.402740 -5.690033
v 9.395130 -47.879093 -5.708626
v 8.603657 -47.879093 -6.896672
v 7.277620 -47.879093 -7.605782
v 8.755816 -41.408188 -2.909373
v 7.995472 -41.408188 -1.767807
v 8.382072 -45.402740 -1.698086
v 9.157981 -45.402740 -2.872188
v 6.721313 -41.408188 -1.086587
v 7.071598 -45.402740 -1.002921
v 7.277620 -47.879093 -0.956440
v 8.603657 -47.879093 -1.665549
v 9.395130 -47.879093 -2.853596
v 3.148018 -30.382690 -1.298195
v 3.071285 -24.110844 -1.393680
v 1.923048 -24.110844 -2.017862
v 1.959507 -30.382690 -1.939867
v 3.226105 -17.838997 -1.461436
v 2.102663 -17.838997 -2.068128
v 1.425505 -17.838997 -3.074659
v 1.226366 -24.110844 -3.046611
v 1.243303 -30.382690 -3.004699
v 3.148018 -30.382690 -7.264027
v 1.959507 -30.382690 -6.622355
v 1.923048 -24.110844 -6.544359
v 3.071285 -24.110844 -7.168542
v 1.243303 -30.382690 -5.557523
v 1.226366 -24.110844 -5.515610
v 1.425505 -17.838997 -5.487562
v 2.102663 -17.838997 -6.494094
v 3.226105 -17.838997 -7.100785
v 7.902065 -30.382690 -5.557523
v 7.185863 -30.382690 -6.622355
v 6.975296 -24.110844 -6.544359
v 7.671978 -24.110844 -5.515610
v 5.997353 -30.382690 -7.264027
v 5.827059 -24.110844 -7.168542
v 5.919266 -17.838997 -7.100785
v 7.042706 -17.838997 -6.494094
v 7.719864 -17.838997 -5.487562
v 5.997353 -30.382690 -1.298195
v 7.185863 -30.382690 -1.939867
v 6.975296 -24.110844 -2.017862
v 5.827059 -24.110844 -1.393680
v 7.902065 -30.382690 -3.004699
v 7.671978 -24.110844 -3.046611
v 7.719864 -17.838997 -3.074659
v 7.042706 -17.838997 -2.068128
v 5.919266 -17.838997 -1.461436
v 38.921162 -11.042033 -2.789904
v 38.926140 -10.768933 -2.791126
v 38.070492 -10.802771 -1.549472
v 38.077076 -11.075411 -1.543573
v 39.029076 -10.733487 -2.748449
v 38.161861 -10.767779 -1.467573
v 36.732838 -10.824288 -0.690268
v 36.685226 -10.857549 -0.782530
v 36.686588 -11.130397 -0.786995
v 31.124651 -11.350338 -2.789904
v 31.968737 -11.316960 -1.543573
v 31.975319 -11.043797 -1.549472
v 31.119671 -11.077631 -2.791126
v 33.359222 -11.261975 -0.786995
v 33.360588 -10.989017 -0.782530
v 33.312977 -10.959524 -0.690268
v 31.883949 -11.016033 -1.467573
v 31.016737 -11.050326 -2.748449
v 33.359222 -11.261975 -7.775227
v 31.968737 -11.316960 -7.018649
v 31.975319 -11.043797 -7.012750
v 33.360588 -10.989017 -7.779692
v 31.124651 -11.350338 -5.772318
v 31.119671 -11.077631 -5.771095
v 31.016737 -11.050326 -5.813772
v 31.883949 -11.016033 -7.094648
v 33.312977 -10.959524 -7.871954
v 38.921162 -11.042033 -5.772318
v 38.077076 -11.075411 -7.018649
v 38.070496 -10.802771 -7.012750
v 38.926144 -10.768933 -5.771095
v 36.686592 -11.130397 -7.775227
v 36.685226 -10.857549 -7.779692
v 36.732841 -10.824288 -7.871954
v 38.161869 -10.767779 -7.094648
v 39.029079 -10.733487 -5.813772
v 38.631584 -13.345968 -2.884537
v 38.877274 -12.704439 -2.784990
v 38.083042 -12.735847 -1.538224
v 37.872707 -13.375978 -1.726754
v 38.961567 -12.067942 -2.757778
v 38.131977 -12.100746 -1.494361
v 36.722431 -12.156486 -0.750778
v 36.692074 -12.790852 -0.826331
v 36.581013 -13.427057 -1.046551
v 31.414230 -13.631375 -2.884537
v 32.173107 -13.601367 -1.726754
v 31.962769 -12.977869 -1.538224
v 31.168537 -13.009276 -2.784990
v 33.464802 -13.550285 -1.046551
v 33.353741 -12.922864 -0.826331
v 33.323380 -12.290900 -0.750778
v 31.913834 -12.346638 -1.494361
v 31.084244 -12.379444 -2.757778
v 33.464802 -13.550285 -7.515670
v 32.173107 -13.601367 -6.835467
v 31.962769 -12.977869 -7.023998
v 33.353741 -12.922864 -7.735891
v 31.414230 -13.631375 -5.677684
v 31.168537 -13.009276 -5.777231
v 31.084248 -12.379444 -5.804444
v 31.913834 -12.346638 -7.067861
v 33.323380 -12.290900 -7.811443
v 38.631580 -13.345970 -5.677684
v 37.872707 -13.375978 -6.835467
v 38.083042 -12.735847 -7.023998
v 38.877274 -12.704439 -5.777231
v 36.581013 -13.427058 -7.515670
v 36.692074 -12.790852 -7.735891
v 36.722431 -12.156486 -7.811443
v 38.131977 -12.100746 -7.067861
v 38.961567 -12.067942 -5.804444
v 36.966179 -15.225110 -3.564641
v 37.424404 -14.928993 -3.367235
v 36.903973 -14.949573 -2.595058
v 36.507900 -15.246869 -2.950071
v 37.868366 -14.494178 -3.188961
v 37.257362 -14.518340 -2.278307
v 36.241379 -14.558517 -1.730646
v 36.042484 -14.983639 -2.128580
v 35.822247 -15.270345 -2.539300
v 33.079636 -15.378798 -3.564641
v 33.537918 -15.364314 -2.950071
v 33.141842 -15.098344 -2.595058
v 32.621410 -15.118924 -3.367235
v 34.223568 -15.333564 -2.539300
v 34.003330 -15.064277 -2.128580
v 33.804436 -14.654883 -1.730646
v 32.788452 -14.695060 -2.278307
v 32.177448 -14.719221 -3.188961
v 34.223568 -15.333566 -6.022921
v 33.537918 -15.364314 -5.612150
v 33.141842 -15.098344 -5.967164
v 34.003330 -15.064277 -6.433642
v 33.079636 -15.378798 -4.997581
v 32.621410 -15.118924 -5.194986
v 32.177448 -14.719221 -5.373261
v 32.788452 -14.695060 -6.283915
v 33.804436 -14.654883 -6.831575
v 36.966179 -15.225110 -4.997581
v 36.507900 -15.246869 -5.612150
v 36.903973 -14.949573 -5.967164
v 37.424404 -14.928993 -5.194986
v 35.822247 -15.270347 -6.022921
v 36.042484 -14.983641 -6.433642
v 36.241379 -14.558517 -6.831575
v 37.257362 -14.518340 -6.283915
v 37.868366 -14.494179 -5.373261
v 35.022907 -15.539416 -5.198208
v 35.562916 -15.532613 -4.765134
v 35.022907 -15.575788 -4.281111
v 34.482903 -15.575318 -4.765134
v 36.046078 -15.498958 -4.281111
v 35.562916 -15.532613 -3.797087
v 35.022907 -15.539416 -3.364014
v 34.482903 -15.575318 -3.797087
v 33.999737 -15.579877 -4.281111
v 36.096004 -6.319662 0.923392
v 37.009445 -6.674204 0.966946
v 37.286816 -6.462775 0.375136
v 36.245125 -6.045444 0.324018
v 37.604458 -7.298321 1.039149
v 37.960453 -7.191690 0.459370
v 38.271835 -6.981322 0.104524
v 37.518284 -6.137275 0.007102
v 36.370613 -5.656274 -0.051582
v 32.442245 -7.502458 1.039149
v 33.037254 -6.831284 0.966946
v 32.763783 -6.641637 0.375136
v 32.090149 -7.423829 0.459370
v 33.950695 -6.404498 0.923392
v 33.805470 -6.141919 0.324018
v 33.681164 -5.762627 -0.051582
v 32.533497 -6.334395 0.007102
v 31.779943 -7.238041 0.104524
v 33.822838 -10.038443 1.327962
v 32.845470 -9.686428 1.284409
v 32.540821 -9.974887 0.745764
v 33.656403 -10.389297 0.796883
v 32.314388 -9.059783 1.212206
v 31.941076 -9.243051 0.661530
v 31.607075 -9.340031 0.338103
v 32.274193 -10.187496 0.435525
v 33.508293 -10.665079 0.494209
v 37.732307 -8.845536 1.212206
v 37.201225 -9.514182 1.284409
v 37.509773 -9.778395 0.745764
v 38.109520 -8.999125 0.661530
v 36.223858 -9.943495 1.327962
v 36.394196 -10.281034 0.796883
v 36.543484 -10.545054 0.494209
v 37.777588 -9.969869 0.435525
v 38.444706 -9.069641 0.338103
v 29.351105 -6.509107 -3.357418
v 29.302296 -6.903446 -2.569540
v 29.895775 -6.713723 -2.323771
v 29.953007 -6.251327 -3.225824
v 29.221355 -7.557403 -2.053291
v 29.801401 -7.476196 -1.735678
v 30.157141 -7.285239 -1.444770
v 30.266163 -6.404425 -2.105797
v 30.331818 -5.873971 -3.108128
v 29.221355 -7.557403 -6.508931
v 29.302296 -6.903446 -5.992682
v 29.895775 -6.713723 -6.238451
v 29.801403 -7.476196 -6.826544
v 29.351105 -6.509107 -5.204804
v 29.953007 -6.251327 -5.336397
v 30.331818 -5.873971 -5.454093
v 30.266163 -6.404425 -6.456424
v 30.157143 -7.285239 -7.117452
v 28.897591 -10.173230 -5.320012
v 28.946396 -9.778891 -6.165494
v 29.480534 -10.068604 -6.439284
v 29.423304 -10.530999 -5.470650
v 29.027336 -9.124935 -6.624139
v 29.574905 -9.306131 -6.960796
v 29.895737 -9.397228 -7.272928
v 29.786716 -10.278043 -6.689639
v 29.721062 -10.808496 -5.609570
v 29.027336 -9.124935 -1.938083
v 28.946396 -9.778891 -2.396728
v 29.480534 -10.068604 -2.122937
v 29.574905 -9.306131 -1.601426
v 28.897587 -10.173230 -3.242210
v 29.423302 -10.530999 -3.091572
v 29.721062 -10.808496 -2.952652
v 29.786716 -10.278043 -1.872583
v 29.895737 -9.397228 -1.289294
v 33.950695 -6.404498 -9.485614
v 33.037254 -6.831284 -9.529167
v 32.763783 -6.641637 -8.937358
v 33.805470 -6.141919 -8.886239
v 32.442245 -7.502458 -9.601371
v 32.090145 -7.423828 -9.021591
v 31.779943 -7.238041 -8.666745
v 32.533497 -6.334395 -8.569324
v 33.681164 -5.762628 -8.510639
v 37.604454 -7.298322 -9.601371
v 37.009445 -6.674205 -9.529167
v 37.286816 -6.462776 -8.937358
v 37.960453 -7.191691 -9.021591
v 36.096004 -6.319662 -9.485614
v 36.245125 -6.045444 -8.886239
v 36.370613 -5.656274 -8.510639
v 37.518284 -6.137275 -8.569324
v 38.271835 -6.981323 -8.666745
v 36.223858 -9.943495 -9.890183
v 37.201225 -9.514182 -9.846630
v 37.509777 -9.778395 -9.307985
v 36.394196 -10.281034 -9.359104
v 37.732307 -8.845536 -9.774427
v 38.109520 -8.999125 -9.223751
v 38.444706 -9.069642 -8.900325
v 37.777588 -9.969870 -8.997746
v 36.543484 -10.545056 -9.056431
v 32.314388 -9.059784 -9.774427
v 32.845470 -9.686428 -9.846630
v 32.540821 -9.974887 -9.307985
v 31.941076 -9.243052 -9.223751
v 33.822838 -10.038443 -9.890183
v 33.656403 -10.389297 -9.359104
v 33.508293 -10.665079 -9.056431
v 32.274193 -10.187496 -8.997746
v 31.607075 -9.340031 -8.900325
v 40.695724 -6.157804 -5.205100
v 40.744267 -6.546166 -5.993102
v 40.150959 -6.360122 -6.238914
v 40.093967 -5.904204 -5.336710
v 40.824738 -7.189947 -6.509130
v 40.244846 -7.111264 -6.826761
v 39.889107 -6.921709 -7.117628
v 39.780491 -6.052739 -6.456790
v 39.715061 -5.529264 -5.454351
v 40.824738 -7.189947 -2.053091
v 40.744267 -6.546166 -2.569119
v 40.150955 -6.360122 -2.323307
v 40.244846 -7.111264 -1.735460
v 40.695724 -6.157804 -3.357121
v 40.093967 -5.904204 -3.225512
v 39.715057 -5.529264 -3.107871
v 39.780491 -6.052739 -2.105431
v 39.889111 -6.921709 -1.444594
v 41.146618 -9.765072 -3.242656
v 41.098072 -9.376710 -2.397421
v 40.564068 -9.665148 -2.123679
v 40.621056 -10.121066 -3.092036
v 41.017605 -8.732929 -1.938625
v 40.470181 -8.914005 -1.601984
v 40.149525 -9.005141 -1.289762
v 40.258144 -9.874111 -1.873183
v 40.323574 -10.397586 -2.953038
v 41.017605 -8.732929 -6.623596
v 41.098072 -9.376710 -6.164801
v 40.564068 -9.665147 -6.438543
v 40.470181 -8.914004 -6.960238
v 41.146618 -9.765072 -5.319566
v 40.621056 -10.121066 -5.470186
v 40.323574 -10.397586 -5.609183
v 40.258144 -9.874111 -6.689039
v 40.149525 -9.005141 -7.272460
v 36.340530 -5.258778 5.604173
v 36.568962 -6.291266 4.127457
v 36.193630 -5.928450 4.085353
v 36.024269 -4.943954 5.567680
v 36.877525 -6.922489 2.873689
v 36.439579 -6.483369 2.822803
v 35.782452 -6.229801 2.791637
v 35.648735 -5.709177 4.058505
v 35.552818 -4.760509 5.545152
v 33.153950 -7.069737 2.873689
v 33.451546 -6.414542 4.127457
v 33.826878 -6.022042 4.085354
v 33.591892 -6.595980 2.822803
v 33.667019 -5.364501 5.604173
v 33.983276 -5.024664 5.567680
v 34.454731 -4.803932 5.545152
v 34.371769 -5.759674 4.058505
v 34.249020 -6.290441 2.791637
v 34.161015 -8.855668 3.077234
v 34.300152 -7.905844 4.297457
v 33.721218 -7.687916 4.270608
v 33.459888 -8.603840 3.046068
v 34.392418 -6.645134 5.750143
v 33.889812 -6.462922 5.727613
v 33.604706 -6.146866 5.691121
v 33.379925 -7.323754 4.228504
v 33.065945 -8.162979 2.995182
v 36.965527 -8.008774 2.995182
v 36.640579 -7.194814 4.228504
v 36.299286 -7.585969 4.270608
v 36.571587 -8.480791 3.046068
v 36.402840 -6.036214 5.691121
v 36.117733 -6.374820 5.727613
v 35.615131 -6.596783 5.750143
v 35.720356 -7.849683 4.297457
v 35.870457 -8.788071 3.077234
v 24.662495 -5.375356 -3.131327
v 26.136375 -6.447478 -2.940399
v 26.183598 -6.065945 -3.264266
v 24.703423 -5.044667 -3.404271
v 27.388264 -7.116405 -2.679757
v 27.445337 -6.655283 -3.057735
v 27.480293 -6.372861 -3.622681
v 26.213711 -5.822653 -3.732770
v 24.728691 -4.840506 -3.809596
v 27.388264 -7.116405 -5.882465
v 26.136375 -6.447478 -5.621822
v 26.183598 -6.065945 -5.297956
v 27.445337 -6.655283 -5.504487
v 24.662495 -5.375356 -5.430895
v 24.703424 -5.044667 -5.157950
v 24.728693 -4.840506 -4.752626
v 26.213711 -5.822653 -4.829452
v 27.480293 -6.372861 -4.939541
v 27.159967 -8.960894 -5.018841
v 25.945705 -7.987983 -4.893987
v 25.975817 -7.744690 -5.393164
v 27.194923 -8.678471 -5.623437
v 24.498774 -6.698109 -4.808773
v 24.524042 -6.493947 -5.242172
v 24.564972 -6.163259 -5.487042
v 26.023041 -7.363157 -5.686357
v 27.251997 -8.217350 -5.961765
v 27.251997 -8.217350 -2.600457
v 26.023041 -7.363157 -2.875865
v 25.975817 -7.744690 -3.169058
v 27.194923 -8.678471 -2.938785
v 24.564972 -6.163259 -3.075179
v 24.524042 -6.493947 -3.320050
v 24.498774 -6.698109 -3.753448
v 25.945705 -7.987983 -3.668235
v 27.159967 -8.960894 -3.543381
v 33.667019 -5.364502 -14.166396
v 33.451546 -6.414543 -12.689678
v 33.826878 -6.022042 -12.647574
v 33.983276 -5.024666 -14.129902
v 33.153950 -7.069737 -11.435910
v 33.591892 -6.595980 -11.385024
v 34.249020 -6.290441 -11.353859
v 34.371769 -5.759674 -12.620727
v 34.454727 -4.803934 -14.107373
v 36.877525 -6.922490 -11.435910
v 36.568962 -6.291267 -12.689678
v 36.193630 -5.928451 -12.647575
v 36.439579 -6.483369 -11.385024
v 36.340530 -5.258780 -14.166396
v 36.024269 -4.943956 -14.129902
v 35.552818 -4.760511 -14.107373
v 35.648735 -5.709177 -12.620727
v 35.782452 -6.229801 -11.353859
v 35.870457 -8.788071 -11.639456
v 35.720356 -7.849684 -12.859678
v 36.299286 -7.585969 -12.832829
v 36.571587 -8.480791 -11.608290
v 35.615128 -6.596785 -14.312365
v 36.117737 -6.374820 -14.289835
v 36.402843 -6.036217 -14.253344
v 36.640579 -7.194815 -12.790726
v 36.965527 -8.008774 -11.557404
v 33.065945 -8.162979 -11.557404
v 33.379925 -7.323754 -12.790727
v 33.721218 -7.687916 -12.832830
v 33.459885 -8.603841 -11.608290
v 33.604706 -6.146867 -14.253344
v 33.889812 -6.462923 -14.289835
v 34.392418 -6.645135 -14.312366
v 34.300152 -7.905845 -12.859678
v 34.161015 -8.855668 -11.639456
v 45.382149 -4.992388 -5.430979
v 43.908703 -6.068666 -5.621918
v 43.861782 -5.693304 -5.298175
v 45.341476 -4.667048 -5.158147
v 42.657215 -6.741733 -5.882586
v 42.600506 -6.288068 -5.504765
v 42.565777 -6.010213 -4.939739
v 43.831863 -5.453946 -4.829612
v 45.316368 -4.466187 -4.752766
v 42.657215 -6.741733 -2.679636
v 43.908703 -6.068666 -2.940304
v 43.861782 -5.693303 -3.264046
v 42.600506 -6.288068 -3.057457
v 45.382149 -4.992388 -3.131243
v 45.341476 -4.667048 -3.404075
v 45.316368 -4.466187 -3.809456
v 43.831863 -5.453946 -3.732609
v 42.565777 -6.010213 -3.622483
v 42.884037 -8.556393 -3.543694
v 44.098141 -7.584258 -3.668490
v 44.068222 -7.344900 -3.169452
v 42.849308 -8.278539 -2.939273
v 45.544804 -6.293749 -3.753670
v 45.519695 -6.092889 -3.320397
v 45.479031 -5.767550 -3.075457
v 44.021301 -6.969538 -2.876185
v 42.792603 -7.824873 -2.600847
v 42.792599 -7.824873 -5.961374
v 44.021301 -6.969538 -5.686036
v 44.068222 -7.344900 -5.392769
v 42.849308 -8.278539 -5.622948
v 45.479034 -5.767550 -5.486764
v 45.519699 -6.092889 -5.241825
v 45.544804 -6.293749 -4.808551
v 44.098141 -7.584258 -4.893731
v 42.884037 -8.556393 -5.018528
v 35.967663 -2.899802 8.478329
v 35.759445 -2.699557 8.413548
v 35.645981 -1.986212 9.288896
v 35.729244 -1.985496 9.517644
v 35.410351 -2.547272 8.436569
v 35.370785 -1.758752 9.490784
v 35.382999 -1.494291 10.063656
v 34.014633 -2.977034 8.478329
v 34.243916 -2.044232 9.517644
v 34.329006 -2.038291 9.288896
v 34.223183 -2.760308 8.413548
v 34.585342 -1.525834 10.063656
v 34.602371 -1.789139 9.490784
v 34.571949 -2.580426 8.436569
v 34.521175 -3.929181 8.586714
v 34.561554 -2.816474 9.605137
v 34.263329 -2.970165 9.392498
v 34.147030 -3.847020 8.534366
v 34.562840 -2.077951 10.125111
v 34.203094 -2.589730 9.578279
v 33.963863 -3.576652 8.544954
v 36.018436 -3.495405 8.544954
v 35.770065 -2.527765 9.578279
v 35.711658 -2.912890 9.392498
v 35.835602 -3.780247 8.534366
v 35.405502 -2.044629 10.125111
v 35.411606 -2.782859 9.605137
v 35.461121 -3.892012 8.586714
v 21.794296 -2.941671 -3.441287
v 21.862276 -2.731502 -3.621228
v 20.988060 -1.996030 -3.715426
v 20.757221 -1.996178 -3.642446
v 21.841133 -2.563259 -3.921169
v 20.787346 -1.752786 -3.951102
v 20.212629 -1.479623 -3.938144
v 21.794296 -2.941671 -5.120935
v 20.757221 -1.996178 -4.919775
v 20.988060 -1.996030 -4.846796
v 21.862276 -2.731502 -4.940994
v 20.212629 -1.479623 -4.624078
v 20.787346 -1.752786 -4.611119
v 21.841133 -2.563259 -4.641052
v 21.672733 -3.923825 -4.686803
v 20.659088 -2.789031 -4.647902
v 20.871861 -2.934841 -4.905977
v 21.726768 -3.826320 -5.009619
v 20.143703 -2.036506 -4.644354
v 20.689213 -2.545639 -4.956558
v 21.719570 -3.545414 -5.166685
v 21.719570 -3.545414 -3.395536
v 20.689213 -2.545639 -3.605664
v 20.871861 -2.934841 -3.656245
v 21.726768 -3.826320 -3.552602
v 20.143703 -2.036506 -3.917868
v 20.659088 -2.789031 -3.914320
v 21.672733 -3.923825 -3.875419
v 34.014633 -2.977036 -17.040554
v 34.223183 -2.760312 -16.975771
v 34.329006 -2.038293 -17.851120
v 34.243912 -2.044236 -18.079865
v 34.571949 -2.580428 -16.998795
v 34.602371 -1.789143 -18.053007
v 34.585339 -1.525839 -18.625879
v 35.967663 -2.899805 -17.040554
v 35.729244 -1.985500 -18.079865
v 35.645981 -1.986216 -17.851120
v 35.759445 -2.699561 -16.975771
v 35.382999 -1.494295 -18.625879
v 35.370785 -1.758756 -18.053007
v 35.410351 -2.547275 -16.998795
v 35.461121 -3.892015 -17.148935
v 35.411606 -2.782861 -18.167358
v 35.711658 -2.912894 -17.954720
v 35.835602 -3.780249 -17.096588
v 35.405502 -2.044633 -18.687332
v 35.770065 -2.527767 -18.140499
v 36.018436 -3.495407 -17.107176
v 33.963863 -3.576654 -17.107176
v 34.203094 -2.589732 -18.140499
v 34.263329 -2.970166 -17.954720
v 34.147030 -3.847023 -17.096588
v 34.562840 -2.077955 -18.687332
v 34.561554 -2.816476 -18.167358
v 34.521175 -3.929184 -17.148935
v 48.249508 -2.551128 -5.121011
v 48.181732 -2.345011 -4.941158
v 49.055660 -1.606436 -4.846937
v 49.286289 -1.602995 -4.919840
v 48.202972 -2.178837 -4.641169
v 49.256363 -1.363538 -4.611209
v 49.830738 -1.085340 -4.624114
v 48.249508 -2.551128 -3.441210
v 49.286289 -1.602995 -3.642381
v 49.055660 -1.606436 -3.715284
v 48.181732 -2.345011 -3.621063
v 49.830738 -1.085340 -3.938107
v 49.256363 -1.363538 -3.951012
v 48.202972 -2.178837 -3.921053
v 48.370289 -3.517400 -3.875597
v 49.383789 -2.383026 -3.914467
v 49.171112 -2.530064 -3.656484
v 48.316368 -3.422123 -3.552880
v 49.899223 -1.633218 -3.917962
v 49.353859 -2.143571 -3.605836
v 48.323753 -3.145107 -3.395755
v 48.323753 -3.145107 -5.166467
v 49.353859 -2.143571 -4.956386
v 49.171112 -2.530064 -4.905737
v 48.316368 -3.422123 -5.009341
v 49.899223 -1.633218 -4.644259
v 49.383789 -2.383026 -4.647755
v 48.370289 -3.517400 -4.686624
v 0.834877 -51.097801 -4.281111
v 2.977232 -51.211941 -4.281111
v 0.002874 -50.900654 -4.281111
v 5.807812 -51.097801 -8.736547
v 5.807812 -50.900654 -9.481968
v 5.807812 -51.211941 -6.817132
v 10.780746 -51.097801 -4.281111
v 11.612747 -50.900654 -4.281111
v 8.638391 -51.211941 -4.281111
v 5.807812 -51.097801 0.174326
v 5.807812 -51.211941 -1.745089
v 5.807812 -50.900654 0.919747
v 8.854202 -1.928829 -4.281111
v 9.122627 1.424703 -4.281111
v 8.509733 -6.454864 -4.281111
v 8.596018 4.104218 -6.268523
v 7.631477 4.365957 -6.809802
v 9.173175 3.946033 -5.365302
v 9.966728 7.318426 -4.281111
v 10.418238 8.844398 -4.281111
v 9.630947 5.762655 -4.281111
v 8.596018 4.104218 -2.293698
v 9.173175 3.946033 -3.196919
v 7.631477 4.365957 -1.752419
v 2.543758 -1.462826 -4.281111
v 2.030724 -6.273641 -4.281111
v 3.045774 2.382597 -4.281111
v 4.350471 5.254736 -2.293698
v 5.315014 4.992994 -1.752419
v 3.773315 5.412920 -3.196919
v 4.937738 10.164307 -4.281111
v 5.855545 12.191654 -4.281111
v 4.195993 7.991247 -4.281111
v 4.350471 5.254736 -6.268523
v 3.773315 5.412920 -5.365302
v 5.315014 4.992994 -6.809802
v 24.200962 17.133293 -6.276772
v 23.995686 16.394424 -5.369853
v 24.542622 18.370934 -6.820047
v 25.982006 14.963848 -4.281111
v 26.915737 13.892178 -4.281111
v 24.984446 15.691645 -4.281111
v 24.200962 17.133293 -2.285449
v 24.542622 18.370934 -1.742174
v 23.995686 16.394424 -3.192369
v 21.648968 16.562201 -4.281111
v 20.434860 16.683481 -4.281111
v 22.814190 16.412067 -4.281111
v 25.703976 22.582623 -2.285449
v 25.909252 23.321495 -3.192369
v 25.362318 21.344986 -1.742174
v 29.334164 22.198372 -4.281111
v 30.874493 20.777718 -4.281111
v 27.692719 23.094765 -4.281111
v 25.703976 22.582623 -6.276772
v 25.362320 21.344986 -6.820047
v 25.909252 23.321495 -5.369853
v 22.438770 23.622494 -4.281111
v 24.217030 23.712132 -4.281111
v 20.671352 23.387379 -4.281111
v 14.167121 15.672323 -5.701258
v 14.377626 15.184351 -5.055298
v 13.816716 16.484644 -6.090766
v 16.737381 16.324661 -4.281111
v 17.956121 16.619278 -4.281111
v 15.561535 15.782925 -4.281111
v 14.167121 15.672327 -2.860963
v 13.816715 16.484644 -2.471455
v 14.377626 15.184351 -3.506924
v 12.485186 12.947327 -4.281111
v 11.676035 11.686527 -4.281111
v 13.415796 14.067610 -4.281111
v 12.625597 19.245953 -2.860963
v 12.415094 19.733925 -3.506924
v 12.976003 18.433632 -2.471455
v 15.529994 21.773254 -4.281111
v 17.206511 22.466740 -4.281111
v 13.906137 20.918381 -4.281111
v 12.625597 19.245949 -5.701258
v 12.976003 18.433632 -6.090766
v 12.415094 19.733925 -5.055298
v 9.448670 17.333952 -4.281111
v 8.132305 15.784958 -4.281111
v 10.855918 18.703293 -4.281111
v 32.604565 6.973587 -6.728409
v 31.931902 6.611217 -5.616038
v 33.728573 7.576509 -7.395666
v 32.912979 3.331793 -4.281111
v 32.863487 1.624491 -4.281111
v 32.481853 4.942612 -4.281111
v 32.604565 6.973587 -1.833813
v 33.728573 7.576509 -1.166556
v 31.931902 6.611217 -2.946183
v 29.692080 9.526875 -4.281111
v 28.734499 11.079384 -4.281111
v 30.730930 8.007696 -4.281111
v 37.551937 9.625828 -1.833813
v 38.224598 9.988197 -2.946183
v 36.427929 9.022907 -1.166556
v 40.481899 5.542114 -4.281111
v 40.657330 3.272583 -4.281111
v 39.686283 7.824558 -4.281111
v 37.551937 9.625828 -6.728409
v 36.427929 9.022907 -7.395666
v 38.224598 9.988197 -5.616038
v 35.350082 14.644218 -4.281111
v 36.944942 12.385506 -4.281111
v 33.836784 16.876249 -4.281111
v 19.160898 17.557970 -5.868183
v 19.187422 16.930014 -5.146531
v 19.115242 18.605202 -6.302300
v 19.160898 17.557970 -2.694038
v 19.115242 18.605202 -2.259922
v 19.187422 16.930014 -3.415691
v 18.959146 22.166180 -2.694038
v 18.932623 22.794132 -3.415691
v 19.004803 21.118946 -2.259922
v 18.959146 22.166180 -5.868183
v 19.004803 21.118946 -6.302300
v 18.932623 22.794136 -5.146531
v 33.519394 0.026773 -1.628632
v 32.728333 -0.094116 -2.824564
v 34.840389 0.223701 -0.911638
v 35.484547 -2.929371 -0.554670
v 35.199463 -4.125282 -0.461146
v 35.960651 -1.371491 -0.636950
v 39.381317 0.890218 -1.628633
v 40.172337 1.011144 -2.824564
v 38.060360 0.693254 -0.911638
v 36.697441 4.436954 -0.765185
v 36.084068 6.383585 -0.845516
v 36.760410 2.448536 -0.718678
v 33.519394 0.026773 -6.933589
v 34.840389 0.223701 -7.650584
v 32.728333 -0.094116 -5.737658
v 31.335485 -3.213365 -4.281111
v 31.914246 -1.783329 -4.281111
v 30.939339 -4.336056 -4.281111
v 39.381317 0.890218 -6.933589
v 40.172337 1.011144 -5.737657
v 38.060360 0.693254 -7.650583
v 35.484547 -2.929371 -8.007551
v 35.199463 -4.125282 -8.101076
v 35.960651 -1.371491 -7.925271
v 36.697441 4.436954 -7.797036
v 36.084068 6.383585 -7.716705
v 36.760410 2.448536 -7.843544
v 39.632233 -2.644120 -4.281111
v 39.456688 -3.911850 -4.281111
v 40.006599 -0.959208 -4.281111
v 10.446606 10.808620 -5.947294
v 10.852299 10.434399 -5.189864
v 9.769831 11.435555 -6.402080
v 10.446606 10.808620 -2.614927
v 9.769831 11.435555 -2.160141
v 10.852299 10.434399 -3.372358
v 7.468422 13.569071 -2.614927
v 7.062729 13.943293 -3.372358
v 8.145199 12.942135 -2.160141
v 7.468422 13.569071 -5.947294
v 8.145199 12.942135 -6.402080
v 7.062729 13.943293 -5.189864
v 28.425829 13.415421 -6.506752
v 27.972313 12.778294 -5.495100
v 29.182457 14.482306 -7.113729
v 28.425829 13.415421 -2.055469
v 29.182457 14.482306 -1.448493
v 27.972313 12.778294 -3.067121
v 31.755457 18.112713 -2.055469
v 32.208973 18.749840 -3.067121
v 30.998829 17.045832 -1.448493
v 31.755457 18.112713 -6.506752
v 30.998829 17.045832 -7.113729
v 32.208973 18.749840 -5.495100
v 2.445255 -11.821444 -6.455910
v 3.547668 -11.827916 -7.049420
v 1.783846 -11.814972 -5.467288
v 0.992851 -24.110844 -4.281111
v 1.003279 -30.382690 -4.281111
v 1.198496 -17.838997 -4.281111
v 2.445255 -11.821444 -2.106312
v 1.783846 -11.814972 -3.094933
v 3.547668 -11.827916 -1.512802
v 5.698978 -1.695827 -7.141450
v 6.084202 1.903649 -7.072126
v 5.270227 -6.364252 -7.196515
v 7.295910 -11.847334 -6.455910
v 7.957319 -11.853806 -5.467288
v 6.193499 -11.840861 -7.049419
v 4.449171 -24.110844 -7.377757
v 4.572685 -17.838997 -7.304172
v 4.572685 -30.382690 -7.479073
v 7.295910 -11.847334 -2.106311
v 6.193499 -11.840861 -1.512802
v 7.957319 -11.853806 -3.094933
v 7.905495 -24.110844 -4.281111
v 7.946873 -17.838997 -4.281111
v 8.142090 -30.382690 -4.281111
v 5.698978 -1.695827 -1.420771
v 5.270227 -6.364252 -1.365706
v 6.084202 1.903649 -1.490095
v 4.449171 -24.110844 -1.184464
v 4.572685 -30.382690 -1.083149
v 4.572685 -17.838997 -1.258050
v 30.616039 -8.022052 -0.333132
v 30.434784 -8.079175 -0.582825
v 30.874870 -8.061771 -0.160439
v 35.023777 -11.195610 0.093007
v 35.023235 -11.114913 -0.095427
v 35.024681 -11.142653 0.212478
v 39.463299 -7.667604 -0.333167
v 39.206280 -7.727721 -0.160452
v 39.643471 -7.710434 -0.582897
v 30.616039 -8.022052 -8.229090
v 30.874870 -8.061771 -8.401782
v 30.434788 -8.079175 -7.979396
v 30.141987 -11.390374 -4.281111
v 30.008465 -11.344609 -4.281111
v 30.352350 -11.300253 -4.281111
v 39.463299 -7.667604 -8.229055
v 39.643471 -7.710434 -7.979325
v 39.206280 -7.727721 -8.401770
v 35.023777 -11.195610 -8.655228
v 35.024681 -11.142653 -8.774700
v 35.023235 -11.114916 -8.466795
v 39.903683 -11.002233 -4.281111
v 39.693485 -10.930064 -4.281111
v 40.036922 -10.943630 -4.281111
v 1.560369 -50.642647 -8.086553
v 0.436359 -50.642647 -6.368890
v 3.477539 -50.642647 -9.093594
v 1.560369 -50.642647 -0.475669
v 3.477539 -50.642647 0.531372
v 0.436359 -50.642647 -2.193332
v 1.216730 -50.077583 -4.281111
v 1.572300 -49.828655 -4.281111
v 0.602562 -50.359753 -4.281111
v 10.055255 -50.642647 -8.086553
v 8.138086 -50.642647 -9.093594
v 11.179262 -50.642647 -6.368890
v 5.807812 -50.077583 -8.394432
v 5.807812 -49.828655 -8.075864
v 5.807812 -50.359753 -8.944685
v 10.055255 -50.642647 -0.475669
v 11.179262 -50.642647 -2.193332
v 8.138086 -50.642647 0.531372
v 10.398895 -50.077583 -4.281111
v 10.043324 -49.828655 -4.281111
v 11.013060 -50.359753 -4.281111
v 5.807812 -50.077583 -0.167790
v 5.807812 -50.359753 0.382464
v 5.807812 -49.828655 -0.486358
v 2.809687 -49.225109 -6.939577
v 1.994270 -49.225109 -5.730078
v 4.159668 -49.225109 -7.670139
v 2.809687 -49.225109 -1.622644
v 4.159668 -49.225109 -0.892082
v 1.994270 -49.225109 -2.832143
v 1.583170 -45.402740 -4.281111
v 1.372961 -41.408188 -4.281111
v 1.711372 -47.879093 -4.281111
v 8.744181 -49.225109 -6.939577
v 7.394199 -49.225109 -7.670139
v 9.559597 -49.225109 -5.730078
v 5.499031 -45.402740 -7.789473
v 5.190248 -41.408188 -7.701159
v 5.684298 -47.879093 -7.840602
v 8.744181 -49.225109 -1.622644
v 9.559597 -49.225109 -2.832143
v 7.394199 -49.225109 -0.892082
v 9.414888 -45.402740 -4.281111
v 9.007534 -41.408188 -4.281111
v 9.657224 -47.879093 -4.281111
v 5.499031 -45.402740 -0.772749
v 5.684298 -47.879093 -0.721620
v 5.190248 -41.408188 -0.861062
v 2.140068 -36.274986 -6.709566
v 1.401134 -36.274986 -5.605777
v 3.372063 -36.274986 -7.371603
v 2.140068 -36.274986 -1.852655
v 3.372063 -36.274986 -1.190618
v 1.401134 -36.274986 -2.956445
v 7.561108 -36.274986 -6.709566
v 6.329113 -36.274986 -7.371603
v 8.300041 -36.274986 -5.605777
v 7.561108 -36.274986 -1.852655
v 8.300041 -36.274986 -2.956445
v 6.329113 -36.274986 -1.190618
v 31.732611 -11.106626 -1.332211
v 30.840252 -11.141962 -2.664462
v 33.218983 -11.047799 -0.532391
v 35.022907 -10.923284 -0.523225
v 35.022907 -11.196186 -0.531144
v 35.022907 -10.891907 -0.427507
v 38.313297 -10.846300 -1.332212
v 36.826977 -10.905086 -0.532391
v 39.205605 -10.811003 -2.664463
v 31.732611 -11.106626 -7.230010
v 33.218983 -11.047801 -8.029831
v 30.840252 -11.141962 -5.897759
v 30.830372 -11.089072 -4.281111
v 30.723587 -11.061918 -4.281111
v 30.839207 -11.361626 -4.281111
v 38.313297 -10.846300 -7.230009
v 39.205605 -10.811003 -5.897759
v 36.826977 -10.905086 -8.029831
v 35.022907 -10.923284 -8.038997
v 35.022907 -10.891907 -8.134714
v 35.022907 -11.196186 -8.031078
v 39.215443 -10.757494 -4.281111
v 39.206604 -11.030746 -4.281111
v 39.322231 -10.721894 -4.281111
v 31.933353 -11.772070 -1.511858
v 31.092550 -11.805317 -2.770286
v 33.337337 -11.716551 -0.758223
v 35.022907 -12.856857 -0.595061
v 35.022907 -13.488672 -0.825845
v 35.022907 -12.223693 -0.508945
v 38.112457 -11.527721 -1.511858
v 36.708477 -11.583241 -0.758223
v 38.953259 -11.494473 -2.770286
v 31.933353 -11.772070 -7.050364
v 33.337337 -11.716551 -7.803998
v 31.092552 -11.805317 -5.791935
v 30.910519 -13.019479 -4.281111
v 30.814442 -12.390113 -4.281111
v 31.167995 -13.641112 -4.281111
v 38.112457 -11.527721 -7.050364
v 38.953259 -11.494473 -5.791935
v 36.708477 -11.583241 -7.803998
v 35.022907 -12.856857 -7.967161
v 35.022907 -12.223693 -8.053276
v 35.022907 -13.488672 -7.736377
v 39.135296 -12.694237 -4.281111
v 38.877815 -13.336232 -4.281111
v 39.231373 -12.057272 -4.281111
v 32.462376 -14.185002 -1.986033
v 31.768230 -14.212452 -3.028500
v 33.625416 -14.139011 -1.363852
v 35.022907 -15.023957 -1.972558
v 35.022907 -15.298316 -2.384865
v 35.022907 -14.606701 -1.547564
v 37.583439 -13.982493 -1.986033
v 36.420399 -14.028485 -1.363852
v 38.277584 -13.955044 -3.028500
v 32.462376 -14.185002 -6.576189
v 33.625416 -14.139011 -7.198369
v 31.768230 -14.212452 -5.533721
v 32.447342 -15.125806 -4.281111
v 31.973190 -14.727298 -4.281111
v 32.907337 -15.381974 -4.281111
v 37.583439 -13.982494 -6.576189
v 38.277584 -13.955044 -5.533721
v 36.420399 -14.028486 -7.198370
v 35.022907 -15.023957 -6.589664
v 35.022907 -14.606701 -7.014658
v 35.022907 -15.298320 -6.177357
v 37.598473 -14.922111 -4.281111
v 37.138477 -15.214660 -4.281111
v 38.072624 -14.486100 -4.281111
v 33.983757 -15.513869 -3.349690
v 33.542339 -15.524051 -3.847244
v 34.538860 -15.484643 -2.954036
v 36.062057 -15.431684 -3.349690
v 35.506958 -15.446362 -2.954036
v 36.503475 -15.406955 -3.847244
v 33.983757 -15.513869 -5.212531
v 34.538860 -15.484645 -5.608186
v 33.542339 -15.524051 -4.714977
v 36.062057 -15.431685 -5.212531
v 36.503475 -15.406955 -4.714977
v 35.506958 -15.446362 -5.608186
v 7.452232 8.741367 -1.771113
v 8.136892 10.518026 -1.888228
v 6.913471 6.876949 -1.665864
v 7.452234 8.741367 -6.791109
v 6.913471 6.876949 -6.896357
v 8.136892 10.518026 -6.673994
v 27.658083 18.581112 -1.358207
v 28.895115 17.334946 -1.295175
v 26.338581 19.393208 -1.449040
v 22.043869 20.092350 -1.828269
v 23.515610 20.062099 -1.689203
v 20.553106 20.035431 -1.974614
v 27.658085 18.581112 -7.204015
v 26.338581 19.393208 -7.113182
v 28.895115 17.334946 -7.267047
v 22.043869 20.092346 -6.733952
v 20.553106 20.035431 -6.587608
v 23.515612 20.062099 -6.873019
v 16.133688 19.048958 -2.319613
v 14.733835 18.350655 -2.351741
v 17.581316 19.543007 -2.235180
v 10.966928 15.140636 -2.221954
v 12.135856 16.385450 -2.296079
v 9.904169 13.735744 -2.122858
v 16.133688 19.048958 -6.242609
v 14.733836 18.350655 -6.210480
v 17.581316 19.543007 -6.327041
v 10.966928 15.140642 -6.340267
v 9.904170 13.735744 -6.439363
v 12.135858 16.385450 -6.266143
v 32.521080 12.085545 -1.135214
v 31.285641 13.977816 -1.197431
v 33.837936 10.196604 -1.045789
v 32.521080 12.085545 -7.427007
v 31.285641 13.977816 -7.364790
v 33.837936 10.196604 -7.516433
v 37.766960 -5.665023 -0.241601
v 36.537926 -5.087090 -0.302769
v 38.575817 -6.657466 -0.136074
v 32.339725 -5.884190 -0.241600
v 31.507034 -6.941546 -0.136071
v 33.592594 -5.208111 -0.302768
v 32.008179 -10.350859 0.233946
v 33.348110 -10.881415 0.301132
v 31.286381 -9.397965 0.122400
v 38.042889 -10.112182 0.233944
v 38.764687 -9.102201 0.122397
v 36.702957 -10.748711 0.301132
v 35.025299 -5.939975 0.306881
v 35.025887 -5.533123 -0.071240
v 35.023350 -6.230994 0.908778
v 31.805130 -8.341763 0.560450
v 31.458479 -8.298329 0.221313
v 32.192383 -8.288473 1.125677
v 35.025299 -10.488872 0.814019
v 35.025890 -10.781393 0.513867
v 35.023350 -10.122056 1.342576
v 38.245468 -8.087084 0.560450
v 37.854313 -8.064575 1.125677
v 38.593304 -8.016188 0.221313
v 30.550797 -5.950704 -1.891090
v 30.631897 -5.323247 -2.984083
v 30.420107 -6.978805 -1.166744
v 30.550797 -5.950704 -6.671131
v 30.420109 -6.978806 -7.395478
v 30.631897 -5.323247 -5.578138
v 29.990923 -10.431440 -6.943743
v 29.916342 -11.019090 -5.761854
v 30.115093 -9.443146 -7.579194
v 29.990925 -10.431438 -1.618479
v 30.115091 -9.443145 -0.983028
v 29.916342 -11.019088 -2.800367
v 29.972185 -6.096375 -4.281111
v 30.353804 -5.696335 -4.281111
v 29.367476 -6.376842 -4.281111
v 29.688154 -8.391164 -7.077537
v 30.026440 -8.341233 -7.401509
v 29.124346 -8.341168 -6.727950
v 29.404125 -10.685952 -4.281111
v 29.699076 -10.986132 -4.281111
v 28.881218 -10.305495 -4.281111
v 29.688152 -8.391164 -1.484685
v 29.124346 -8.341168 -1.834272
v 30.026440 -8.341233 -1.160713
v 32.339725 -5.884190 -8.320621
v 33.592594 -5.208111 -8.259453
v 31.507034 -6.941546 -8.426150
v 37.766960 -5.665023 -8.320621
v 38.575817 -6.657466 -8.426147
v 36.537926 -5.087090 -8.259453
v 38.042889 -10.112183 -8.796165
v 36.702957 -10.748711 -8.863353
v 38.764687 -9.102202 -8.684619
v 32.008179 -10.350859 -8.796167
v 31.286381 -9.397965 -8.684622
v 33.348110 -10.881415 -8.863354
v 35.025299 -5.939975 -8.869102
v 35.025887 -5.533123 -8.490981
v 35.023350 -6.230994 -9.471000
v 38.245472 -8.087085 -9.122671
v 38.593304 -8.016189 -8.783535
v 37.854313 -8.064575 -9.687899
v 35.025299 -10.488873 -9.376240
v 35.025890 -10.781395 -9.076089
v 35.023350 -10.122056 -9.904798
v 31.805130 -8.341763 -9.122671
v 32.192383 -8.288473 -9.687899
v 31.458479 -8.298329 -8.783535
v 39.551369 -5.592854 -6.671369
v 39.494232 -4.965388 -5.578307
v 39.657974 -6.616083 -7.395585
v 39.551369 -5.592854 -1.890853
v 39.657974 -6.616083 -1.166636
v 39.494232 -4.965388 -2.983915
v 40.054333 -10.032619 -1.618886
v 40.128693 -10.612967 -2.800628
v 39.930504 -9.056504 -0.983350
v 40.054333 -10.032619 -6.943336
v 39.930508 -9.056504 -7.578872
v 40.128693 -10.612967 -5.761594
v 40.074863 -5.751358 -4.281111
v 39.693138 -5.353901 -4.281111
v 40.679432 -6.027478 -4.281111
v 40.357510 -8.012634 -1.484865
v 40.019314 -7.963425 -1.160868
v 40.921169 -7.961438 -1.834454
v 40.640160 -10.273911 -4.281111
v 40.345493 -10.572949 -4.281111
v 41.162907 -9.895397 -4.281111
v 40.357510 -8.012634 -7.077356
v 40.921169 -7.961438 -6.727768
v 40.019314 -7.963425 -7.401354
v 35.010254 -5.651781 4.049292
v 35.003773 -4.712488 5.537376
v 35.015736 -6.164565 2.780983
v 33.292770 -6.874011 4.177980
v 32.967770 -7.621981 2.934435
v 33.532104 -5.759787 5.647646
v 35.010254 -7.960408 4.306670
v 35.015736 -8.917425 3.087888
v 35.003773 -6.690692 5.757917
v 36.727737 -6.738177 4.177980
v 36.475441 -5.643394 5.647646
v 37.063702 -7.460009 2.934435
v 36.719765 -6.704875 1.782904
v 35.937149 -6.405568 1.746085
v 37.233570 -7.231743 1.843907
v 33.320499 -6.839296 1.782904
v 32.806694 -7.406802 1.843907
v 34.103115 -6.478095 1.746085
v 33.158607 -9.251380 2.051103
v 33.995186 -9.548553 2.087922
v 32.698765 -8.722377 1.990099
v 36.881657 -9.104156 2.051103
v 37.341499 -8.538784 1.990099
v 36.045078 -9.467491 2.087922
v 26.224045 -5.739161 -4.281111
v 24.737411 -4.770056 -4.281111
v 27.492241 -6.276325 -4.281111
v 26.079708 -6.905318 -5.759971
v 27.320129 -7.666877 -6.044537
v 24.613733 -5.769307 -5.548309
v 25.935371 -8.071475 -4.281111
v 27.148018 -9.057429 -4.281111
v 24.490055 -6.768558 -4.281111
v 26.079708 -6.905318 -2.802251
v 24.613733 -5.769307 -3.013913
v 27.320129 -7.666877 -2.517685
v 28.485394 -6.907601 -2.819548
v 28.526678 -6.574042 -3.493005
v 28.416981 -7.460319 -2.375391
v 28.485392 -6.907601 -5.742673
v 28.416981 -7.460319 -6.186831
v 28.526678 -6.574042 -5.069217
v 28.184622 -9.337633 -5.888555
v 28.143337 -9.671192 -5.166471
v 28.253033 -8.784915 -6.284085
v 28.184624 -9.337633 -2.673667
v 28.253033 -8.784915 -2.278136
v 28.143337 -9.671192 -3.395751
v 35.010254 -5.651781 -12.611513
v 35.003773 -4.712489 -14.099598
v 35.015736 -6.164565 -11.343204
v 36.727737 -6.738178 -12.740202
v 37.063702 -7.460009 -11.496656
v 36.475441 -5.643395 -14.209870
v 35.010254 -7.960409 -12.868892
v 35.015736 -8.917425 -11.650109
v 35.003773 -6.690694 -14.320139
v 33.292770 -6.874012 -12.740202
v 33.532104 -5.759788 -14.209870
v 32.967773 -7.621981 -11.496656
v 33.320499 -6.839296 -10.345125
v 34.103115 -6.478095 -10.308307
v 32.806694 -7.406802 -10.406129
v 36.719765 -6.704875 -10.345125
v 37.233570 -7.231743 -10.406129
v 35.937149 -6.405568 -10.308307
v 36.881657 -9.104156 -10.613324
v 36.045078 -9.467491 -10.650143
v 37.341499 -8.538784 -10.552320
v 33.158607 -9.251380 -10.613324
v 32.698765 -8.722377 -10.552320
v 33.995186 -9.548553 -10.650143
v 43.821594 -5.371803 -4.281111
v 45.307705 -4.396877 -4.281111
v 42.553905 -5.915239 -4.281111
v 43.965004 -6.519102 -2.802372
v 42.724911 -7.283303 -2.517830
v 45.430592 -5.379969 -3.014017
v 44.108406 -7.666400 -4.281111
v 42.895908 -8.651368 -4.281111
v 45.553467 -6.363059 -4.281111
v 43.965004 -6.519102 -5.759850
v 45.430592 -5.379969 -5.548204
v 42.724911 -7.283303 -6.044392
v 41.560860 -6.545638 -5.743020
v 41.519825 -6.217372 -5.069463
v 41.628841 -7.089518 -6.186988
v 41.560860 -6.545638 -2.819201
v 41.628841 -7.089518 -2.375233
v 41.519825 -6.217372 -3.492759
v 41.859741 -8.936772 -2.674261
v 41.900772 -9.265038 -3.396132
v 41.791759 -8.392893 -2.278606
v 41.859741 -8.936772 -5.887961
v 41.791759 -8.392893 -6.283615
v 41.900772 -9.265038 -5.166090
v 34.986248 -1.685884 9.564041
v 34.983505 -1.362350 10.213338
v 34.990982 -2.491406 8.470032
v 34.194988 -2.248975 9.623330
v 33.932716 -3.244510 8.549326
v 34.559334 -1.664208 10.245121
v 34.986248 -2.749486 9.682617
v 34.990982 -3.913918 8.628621
v 34.983505 -1.932519 10.276903
v 35.777504 -2.186395 9.623330
v 35.407677 -1.630661 10.245121
v 36.049248 -3.160814 8.549326
v 35.886322 -3.779558 7.085206
v 35.478691 -3.625856 7.066273
v 36.153133 -4.052475 7.116808
v 34.107937 -3.849882 7.085206
v 33.841125 -4.143901 7.116808
v 34.515564 -3.663942 7.066273
v 34.023125 -5.105486 7.224813
v 34.459023 -5.258071 7.243747
v 33.784584 -4.831452 7.193212
v 35.971134 -5.028454 7.224813
v 36.209671 -4.735554 7.193212
v 35.535233 -5.215512 7.243747
v 20.714535 -1.662914 -4.281111
v 20.063456 -1.328583 -4.281111
v 21.808281 -2.489620 -4.281111
v 20.648037 -2.200171 -4.962433
v 21.719343 -3.208174 -5.192343
v 20.027807 -1.616591 -4.646349
v 20.581541 -2.737430 -4.281111
v 21.630407 -3.926727 -4.281111
v 19.992161 -1.904601 -4.281111
v 20.648037 -2.200171 -3.599788
v 20.027807 -1.616591 -3.915873
v 21.719343 -3.208174 -3.369879
v 23.188450 -3.843699 -3.517157
v 23.209684 -3.672134 -3.867586
v 23.153004 -4.130075 -3.286852
v 23.188450 -3.843699 -5.045064
v 23.153004 -4.130075 -5.275370
v 23.209684 -3.672134 -4.694635
v 23.031866 -5.108797 -5.121488
v 23.010632 -5.280359 -4.745584
v 23.067310 -4.822422 -5.326319
v 23.031864 -5.108797 -3.440734
v 23.067310 -4.822422 -3.235903
v 23.010632 -5.280359 -3.816637
v 34.986248 -1.685886 -18.126263
v 34.983505 -1.362354 -18.775562
v 34.990982 -2.491408 -17.032253
v 35.777504 -2.186398 -18.185551
v 36.049248 -3.160816 -17.111547
v 35.407677 -1.630665 -18.807343
v 34.986248 -2.749489 -18.244839
v 34.990982 -3.913921 -17.190842
v 34.983505 -1.932522 -18.839125
v 34.194988 -2.248978 -18.185551
v 34.559334 -1.664211 -18.807343
v 33.932716 -3.244514 -17.111549
v 34.107933 -3.849886 -15.647428
v 34.515564 -3.663944 -15.628494
v 33.841125 -4.143903 -15.679030
v 35.886322 -3.779559 -15.647428
v 36.153133 -4.052476 -15.679030
v 35.478691 -3.625857 -15.628494
v 35.971134 -5.028456 -15.787035
v 35.535233 -5.215514 -15.805968
v 36.209675 -4.735556 -15.755433
v 34.023125 -5.105488 -15.787035
v 33.784584 -4.831453 -15.755434
v 34.459023 -5.258072 -15.805968
v 49.329166 -1.273816 -4.281111
v 49.979881 -0.934133 -4.281111
v 48.235844 -2.105737 -4.281111
v 49.395233 -1.802385 -3.599844
v 48.324211 -2.812669 -3.369954
v 50.015297 -1.217484 -3.915903
v 49.461304 -2.330956 -4.281111
v 48.412575 -3.519603 -4.281111
v 50.050716 -1.500836 -4.281111
v 49.395233 -1.802385 -4.962377
v 50.015297 -1.217484 -4.646319
v 48.324211 -2.812669 -5.192268
v 46.855976 -3.461388 -5.045245
v 46.834881 -3.292598 -4.694763
v 46.891197 -3.743132 -5.275450
v 46.855976 -3.461388 -3.516977
v 46.891197 -3.743132 -3.286771
v 46.834881 -3.292598 -3.867458
v 47.011551 -4.706026 -3.441046
v 47.032650 -4.874815 -3.816838
v 46.976337 -4.424281 -3.236151
v 47.011551 -4.706026 -5.121176
v 46.976337 -4.424281 -5.326071
v 47.032650 -4.874815 -4.745384
v 5.807812 -51.253448 -4.281111
v 9.366866 3.894255 -4.281111
v 3.579624 5.464697 -4.281111
v 23.927494 16.145039 -4.281111
v 25.977444 23.570885 -4.281111
v 14.447577 15.022181 -4.281111
v 12.345142 19.896095 -4.281111
v 31.706230 6.490940 -4.281111
v 38.450272 10.108475 -4.281111
v 19.196987 16.720373 -4.281111
v 18.923056 23.003773 -4.281111
v 36.450375 0.458477 -0.672170
v 32.463367 -0.132134 -4.281111
v 36.450375 0.458477 -7.890052
v 40.437305 1.049162 -4.281111
v 10.987839 10.308041 -4.281111
v 6.927189 14.069647 -4.281111
v 27.820757 12.563416 -4.281111
v 32.360531 18.964718 -4.281111
v 1.563347 -11.814972 -4.281111
v 4.870581 -11.834389 -7.246976
v 8.177822 -11.853806 -4.281111
v 4.870581 -11.834389 -1.315246
v 34.982510 -1.440071 10.471228
v 19.802269 -1.404381 -4.281111
v 34.982510 -1.440074 -19.033451
v 50.240776 -1.004793 -4.281111
v 0.039782 -50.642647 -4.281111
v 5.807812 -50.642647 -9.448904
v 11.575844 -50.642647 -4.281111
v 5.807812 -50.642647 0.886683
v 1.726988 -49.225109 -4.281111
v 5.776934 -49.225109 -7.909607
v 9.826880 -49.225109 -4.281111
v 5.776934 -49.225109 -0.652614
v 1.154602 -36.274986 -4.281111
v 4.850588 -36.274986 -7.592480
v 8.546572 -36.274986 -4.281111
v 4.850588 -36.274986 -0.969742
v 35.022980 -10.976441 -0.266176
v 30.543247 -11.153708 -4.281111
v 35.022980 -10.976443 -8.296045
v 39.502609 -10.799258 -4.281111
v 35.022907 -11.649895 -0.505827
v 30.810963 -11.816453 -4.281111
v 35.022903 -11.649895 -8.056395
v 39.234852 -11.483338 -4.281111
v 35.022907 -14.083749 -1.153709
v 31.533781 -14.221723 -4.281111
v 35.022907 -14.083749 -7.408513
v 38.512032 -13.945772 -4.281111
v 35.022907 -15.438441 -2.732460
v 33.295139 -15.506763 -4.281111
v 35.022907 -15.438441 -5.829762
v 36.750679 -15.370118 -4.281111
v 6.473244 4.679476 -1.571449
v 6.473244 4.679476 -6.990773
v 24.952469 19.857960 -1.560352
v 24.952471 19.857960 -7.001870
v 13.396359 17.459137 -2.343229
v 13.396360 17.459137 -6.218993
v 35.078251 8.299709 -0.943999
v 35.078251 8.299709 -7.618223
v 19.060022 19.862072 -2.116154
v 19.060022 19.862072 -6.446068
v 8.957514 12.188843 -2.008819
v 8.957514 12.188843 -6.553402
v 30.090643 15.764065 -1.246155
v 30.090645 15.764065 -7.316067
v 35.065258 -4.948653 -0.324948
v 31.137131 -8.180021 -0.006836
v 35.025536 -11.014009 0.323312
v 38.929829 -7.869568 -0.006838
v 30.656691 -5.122925 -4.281111
v 30.267601 -8.210976 -7.716106
v 29.891548 -11.219412 -4.281111
v 30.267597 -8.210975 -0.846115
v 35.065258 -4.948653 -8.237273
v 38.929829 -7.869570 -8.555384
v 35.025536 -11.014009 -8.885532
v 31.137131 -8.180021 -8.555386
v 39.469494 -4.767506 -4.281111
v 39.794239 -7.836294 -0.846231
v 40.153427 -10.810850 -4.281111
v 39.794239 -7.836294 -7.715991
v 35.020130 -6.333364 1.733993
v 32.591343 -8.070971 1.917003
v 35.020130 -9.616489 2.100014
v 37.448921 -7.878881 1.917004
v 28.540241 -6.464462 -4.281111
v 28.335007 -8.122618 -6.374421
v 28.129776 -9.780771 -4.281111
v 28.335007 -8.122618 -2.187800
v 35.020130 -6.333365 -10.296214
v 37.448921 -7.878881 -10.479225
v 35.020130 -9.616489 -10.662235
v 32.591343 -8.070971 -10.479225
v 41.506351 -6.109566 -4.281111
v 41.710300 -7.741205 -2.187968
v 41.914249 -9.372844 -4.281111
v 41.710300 -7.741205 -6.374253
v 34.997128 -3.588077 7.059937
v 33.728310 -4.491020 7.155008
v 34.997128 -5.293613 7.250081
v 36.265949 -4.390671 7.155008
v 23.216789 -3.614728 -4.281111
v 23.110157 -4.476248 -5.373643
v 23.003527 -5.337767 -4.281111
v 23.110157 -4.476248 -3.188578
v 34.997128 -3.588079 -15.622160
v 36.265949 -4.390673 -15.717232
v 34.997128 -5.293616 -15.812303
v 33.728310 -4.491022 -15.717232
v 46.827820 -3.236119 -4.281111
v 46.933769 -4.083706 -3.188668
v 47.039707 -4.931293 -4.281111
v 46.933769 -4.083706 -5.373554

# UV coordinates
vt 0.471031 0.662135
vt 0.508689 0.690059
vt 0.499484 0.700510
vt 0.461318 0.672561
vt 0.538892 0.711283
vt 0.530709 0.721959
vt 0.525903 0.728405
vt 0.494218 0.706880
vt 0.455593 0.678856
vt 0.558634 0.685701
vt 0.530784 0.664978
vt 0.539989 0.654527
vt 0.566817 0.675026
vt 0.494446 0.637154
vt 0.504160 0.626728
vt 0.509885 0.620433
vt 0.545255 0.648157
vt 0.571623 0.668580
vt 0.070425 0.421367
vt 0.093704 0.450015
vt 0.083921 0.459928
vt 0.060346 0.430275
vt 0.124187 0.485634
vt 0.114464 0.496051
vt 0.108584 0.502201
vt 0.077933 0.465625
vt 0.054251 0.435519
vt 0.147474 0.460533
vt 0.117183 0.426225
vt 0.126966 0.416313
vt 0.157196 0.450116
vt 0.094567 0.399889
vt 0.104646 0.390981
vt 0.110740 0.385737
vt 0.132953 0.410616
vt 0.163077 0.443966
vt 0.791751 0.331835
vt 0.796427 0.330674
vt 0.807490 0.349636
vt 0.793652 0.347855
vt 0.148663 0.629824
vt 0.148416 0.645879
vt 0.137592 0.650969
vt 0.144431 0.629498
vt 0.156471 0.661472
vt 0.147949 0.670218
vt 0.137290 0.684387
vt 0.125654 0.672688
vt 0.814667 0.377234
vt 0.798198 0.369684
vt 0.827251 0.364391
vt 0.786281 0.364969
vt 0.847692 0.798559
vt 0.853735 0.782224
vt 0.865134 0.785729
vt 0.856507 0.805220
vt 0.851292 0.766394
vt 0.855514 0.765555
vt 0.719521 0.402088
vt 0.737016 0.402762
vt 0.742136 0.412051
vt 0.718871 0.406006
vt 0.755418 0.394844
vt 0.765059 0.401086
vt 0.781394 0.407188
vt 0.766796 0.418671
vt 0.867321 0.816112
vt 0.878448 0.804098
vt 0.186538 0.684963
vt 0.203617 0.689006
vt 0.201297 0.700740
vt 0.180114 0.695347
vt 0.219135 0.684882
vt 0.220476 0.688910
vt 0.431310 0.142655
vt 0.415197 0.141876
vt 0.412454 0.128196
vt 0.432142 0.137909
vt 0.398639 0.150423
vt 0.393104 0.138864
vt 0.384423 0.122962
vt 0.396357 0.109512
vt 0.168944 0.709118
vt 0.183110 0.717578
vt 0.370989 0.183295
vt 0.364374 0.202204
vt 0.354750 0.197745
vt 0.364089 0.174112
vt 0.366267 0.219609
vt 0.362404 0.220531
vt 0.789169 0.830723
vt 0.805076 0.832612
vt 0.808976 0.843882
vt 0.788478 0.834972
vt 0.821189 0.826003
vt 0.828154 0.834581
vt 0.839417 0.845008
vt 0.827798 0.856547
vt 0.356863 0.158243
vt 0.346427 0.173607
vt 0.799713 0.676597
vt 0.791431 0.669298
vt 0.802678 0.656495
vt 0.812237 0.663383
vt 0.786475 0.664987
vt 0.796978 0.652533
vt 0.806829 0.640345
vt 0.813274 0.643958
vt 0.824039 0.650094
vt 0.832841 0.705792
vt 0.827886 0.701481
vt 0.844737 0.686802
vt 0.850437 0.690764
vt 0.819604 0.694182
vt 0.835178 0.679914
vt 0.849890 0.664888
vt 0.860656 0.671024
vt 0.867101 0.674637
vt 0.099337 0.171157
vt 0.094691 0.166515
vt 0.106678 0.154401
vt 0.111029 0.159811
vt 0.086832 0.158762
vt 0.099141 0.145346
vt 0.111574 0.132646
vt 0.118446 0.142957
vt 0.122500 0.149134
vt 0.067903 0.140146
vt 0.060044 0.132393
vt 0.073512 0.114559
vt 0.081050 0.123614
vt 0.055398 0.127750
vt 0.069162 0.109149
vt 0.084087 0.091401
vt 0.088141 0.097578
vt 0.095013 0.107890
vt 0.668205 0.730906
vt 0.668761 0.720635
vt 0.685954 0.721214
vt 0.686535 0.731012
vt 0.669122 0.714471
vt 0.685674 0.715333
vt 0.702343 0.714082
vt 0.703263 0.719681
vt 0.704843 0.729010
vt 0.058160 0.291676
vt 0.052036 0.292467
vt 0.050259 0.275356
vt 0.056146 0.275224
vt 0.041829 0.293737
vt 0.040445 0.275459
vt 0.041165 0.257057
vt 0.050582 0.257982
vt 0.056231 0.258509
vt 0.017331 0.296759
vt 0.007124 0.298030
vt 0.007077 0.275810
vt 0.016891 0.275707
vt 0.001000 0.298820
vt 0.001191 0.275941
vt 0.003498 0.253356
vt 0.009147 0.253884
vt 0.018564 0.254809
vt 0.665983 0.771990
vt 0.666344 0.765827
vt 0.688513 0.764323
vt 0.688793 0.770204
vt 0.666900 0.755556
vt 0.687932 0.754525
vt 0.708662 0.751399
vt 0.710242 0.760729
vt 0.711162 0.766327
vt 0.032426 0.824889
vt 0.025265 0.812078
vt 0.037789 0.795149
vt 0.045571 0.807559
vt 0.882561 0.540495
vt 0.880529 0.513866
vt 0.895229 0.510788
vt 0.897198 0.539053
vt 0.879160 0.486385
vt 0.893818 0.481568
vt 0.058738 0.789912
vt 0.050192 0.777792
vt 0.847410 0.543936
vt 0.832772 0.545378
vt 0.830547 0.524331
vt 0.845248 0.521253
vt 0.957753 0.908817
vt 0.946802 0.897811
vt 0.959958 0.891369
vt 0.971242 0.903035
vt 0.936212 0.886904
vt 0.949159 0.879672
vt 0.843960 0.497924
vt 0.829302 0.502741
vt 0.935221 0.932149
vt 0.929914 0.945832
vt 0.917860 0.934962
vt 0.923840 0.921589
vt 0.215843 0.101927
vt 0.238622 0.102502
vt 0.236577 0.117381
vt 0.215425 0.116630
vt 0.261984 0.102159
vt 0.258201 0.117117
vt 0.912570 0.911386
vt 0.905794 0.924577
vt 0.216824 0.066622
vt 0.217241 0.051920
vt 0.245574 0.051912
vt 0.243530 0.066791
vt 0.057985 0.844858
vt 0.071620 0.827910
vt 0.085544 0.832459
vt 0.072148 0.848706
vt 0.085557 0.810866
vt 0.099384 0.816226
vt 0.271040 0.066239
vt 0.274822 0.051281
vt 0.785845 0.719587
vt 0.791591 0.727429
vt 0.772221 0.738328
vt 0.767673 0.730239
vt 0.795074 0.732158
vt 0.775037 0.743243
vt 0.754339 0.752725
vt 0.752190 0.747624
vt 0.748666 0.739164
vt 0.772089 0.700793
vt 0.756759 0.710825
vt 0.752211 0.702736
vt 0.766343 0.692951
vt 0.740245 0.718883
vt 0.736721 0.710423
vt 0.734572 0.705322
vt 0.749395 0.697820
vt 0.762861 0.688222
vt 0.064623 0.188006
vt 0.072846 0.193191
vt 0.064071 0.207971
vt 0.055684 0.203999
vt 0.077807 0.196335
vt 0.069171 0.210437
vt 0.062722 0.225748
vt 0.057483 0.223960
vt 0.048798 0.221035
vt 0.044914 0.175594
vt 0.035556 0.194465
vt 0.027170 0.190492
vt 0.036691 0.170409
vt 0.027979 0.214048
vt 0.019293 0.211123
vt 0.014055 0.209335
vt 0.022070 0.188026
vt 0.031730 0.167265
vt 0.850049 0.398822
vt 0.863896 0.388345
vt 0.878146 0.404599
vt 0.863957 0.414166
vt 0.112053 0.718741
vt 0.098592 0.736332
vt 0.087777 0.725000
vt 0.100732 0.707785
vt 0.085229 0.754160
vt 0.075095 0.742589
vt 0.872405 0.434959
vt 0.886810 0.426821
vt 0.816792 0.424069
vt 0.829905 0.437126
vt 0.815717 0.446692
vt 0.802945 0.434546
vt 0.837810 0.454596
vt 0.823405 0.462734
vt 0.914974 0.864815
vt 0.903726 0.853334
vt 0.916126 0.843762
vt 0.927540 0.855946
vt 0.891640 0.841353
vt 0.903719 0.831239
vt 0.337554 0.124109
vt 0.328068 0.138652
vt 0.315061 0.126759
vt 0.323614 0.111938
vt 0.865491 0.868431
vt 0.877886 0.880091
vt 0.868754 0.892818
vt 0.855805 0.880856
vt 0.889753 0.890932
vt 0.881328 0.903800
vt 0.305636 0.105272
vt 0.298521 0.120209
vt 0.360420 0.089171
vt 0.344143 0.076368
vt 0.352696 0.061546
vt 0.369905 0.074627
vt 0.322811 0.069391
vt 0.329925 0.054454
vt 0.113839 0.776512
vt 0.127904 0.759233
vt 0.141516 0.766985
vt 0.127517 0.783546
vt 0.141716 0.741916
vt 0.155085 0.750250
vt 0.632177 0.724671
vt 0.614881 0.718774
vt 0.619176 0.707499
vt 0.635180 0.713618
vt 0.598365 0.711235
vt 0.604020 0.700079
vt 0.607426 0.693454
vt 0.621787 0.700905
vt 0.636995 0.707054
vt 0.050562 0.329243
vt 0.061379 0.325476
vt 0.068599 0.341015
vt 0.057651 0.346086
vt 0.067800 0.323207
vt 0.074996 0.337950
vt 0.083430 0.351756
vt 0.077058 0.355616
vt 0.066324 0.362035
vt 0.024533 0.338274
vt 0.031376 0.358257
vt 0.020428 0.363328
vt 0.013716 0.342041
vt 0.040493 0.377432
vt 0.029759 0.383851
vt 0.023388 0.387711
vt 0.014032 0.366392
vt 0.007295 0.344310
vt 0.624983 0.751267
vt 0.621980 0.762320
vt 0.600277 0.757109
vt 0.604572 0.745834
vt 0.620165 0.768884
vt 0.597666 0.763704
vt 0.575747 0.755858
vt 0.579153 0.749232
vt 0.584808 0.738077
vt 0.849802 0.585882
vt 0.847883 0.604483
vt 0.834125 0.601475
vt 0.835599 0.584267
vt 0.842538 0.621117
vt 0.829632 0.616936
vt 0.821968 0.614472
vt 0.826073 0.599780
vt 0.977601 0.928600
vt 0.991553 0.923819
vt 0.999000 0.931789
vt 0.985036 0.936216
vt 0.173833 0.102467
vt 0.176435 0.116522
vt 0.159371 0.119193
vt 0.155410 0.105679
vt 0.955685 0.951295
vt 0.963556 0.958460
vt 0.959619 0.972569
vt 0.951393 0.965405
vt 0.147254 0.132227
vt 0.144261 0.124754
vt 0.161623 0.127107
vt 0.139190 0.112171
vt 0.167538 0.068655
vt 0.145905 0.073245
vt 0.141944 0.059731
vt 0.164936 0.054599
vt 0.126970 0.081893
vt 0.121898 0.069309
vt 0.118905 0.061837
vt 0.139692 0.051817
vt 0.163424 0.046243
vt 0.883971 0.589803
vt 0.898174 0.591418
vt 0.894658 0.614711
vt 0.880900 0.611703
vt 0.906615 0.592343
vt 0.902710 0.616406
vt 0.894165 0.637841
vt 0.886501 0.635377
vt 0.873595 0.631196
vt 0.482001 0.877602
vt 0.456902 0.862819
vt 0.458097 0.861955
vt 0.481189 0.869209
vt 0.445977 0.837792
vt 0.454990 0.840257
vt 0.482038 0.844651
vt 0.495676 0.747497
vt 0.493137 0.755537
vt 0.469041 0.757832
vt 0.468051 0.756738
vt 0.488861 0.779735
vt 0.461490 0.778410
vt 0.452162 0.778947
vt 0.597379 0.794210
vt 0.588366 0.791745
vt 0.585259 0.770047
vt 0.586454 0.769182
vt 0.561318 0.787350
vt 0.562167 0.762792
vt 0.561355 0.754400
vt 0.547680 0.884505
vt 0.550219 0.876465
vt 0.574315 0.874170
vt 0.575305 0.875264
vt 0.554495 0.852267
vt 0.581865 0.853592
vt 0.591194 0.853054
vt 0.716387 0.145040
vt 0.718904 0.147185
vt 0.699798 0.162633
vt 0.697365 0.156153
vt 0.722388 0.147215
vt 0.712095 0.161473
vt 0.164102 0.605278
vt 0.161199 0.602518
vt 0.173600 0.595427
vt 0.177200 0.601859
vt 0.158440 0.600559
vt 0.164836 0.591532
vt 0.670645 0.160126
vt 0.673417 0.158453
vt 0.688972 0.167414
vt 0.674018 0.155504
vt 0.608642 0.086738
vt 0.610621 0.089610
vt 0.608509 0.114094
vt 0.602581 0.103247
vt 0.613807 0.090497
vt 0.615234 0.112483
vt 0.628829 0.131476
vt 0.626733 0.133630
vt 0.626917 0.136876
vt 0.610626 0.125757
vt 0.837820 0.739047
vt 0.835180 0.741195
vt 0.822172 0.736149
vt 0.830624 0.731378
vt 0.832529 0.744175
vt 0.819050 0.742580
vt 0.681108 0.034957
vt 0.678314 0.036619
vt 0.651928 0.032435
vt 0.662780 0.027669
vt 0.677701 0.039562
vt 0.654352 0.038912
vt 0.635327 0.050023
vt 0.632810 0.047878
vt 0.629323 0.047844
vt 0.639620 0.033587
vt 0.766309 0.812747
vt 0.763423 0.815501
vt 0.757927 0.802676
vt 0.764245 0.799332
vt 0.761369 0.818214
vt 0.753454 0.811291
vt 0.743067 0.108324
vt 0.741093 0.105454
vt 0.743217 0.080975
vt 0.749131 0.091818
vt 0.737908 0.104566
vt 0.736484 0.082582
vt 0.722890 0.063589
vt 0.724999 0.061442
vt 0.724836 0.058208
vt 0.741126 0.069326
vt 0.245165 0.668316
vt 0.242597 0.666113
vt 0.246477 0.652365
vt 0.252377 0.659927
vt 0.239217 0.663965
vt 0.239365 0.650428
vt 0.255668 0.772508
vt 0.240594 0.757734
vt 0.242810 0.753597
vt 0.259306 0.769310
vt 0.222398 0.750548
vt 0.223190 0.745472
vt 0.224287 0.736893
vt 0.246656 0.745665
vt 0.265146 0.763861
vt 0.188173 0.758074
vt 0.177627 0.771580
vt 0.175201 0.768463
vt 0.186313 0.753581
vt 0.174925 0.790263
vt 0.171932 0.788523
vt 0.165836 0.785698
vt 0.169100 0.762719
vt 0.182104 0.746168
vt 0.918882 0.830230
vt 0.939640 0.834049
vt 0.940117 0.838718
vt 0.917654 0.834916
vt 0.958744 0.829831
vt 0.960925 0.834483
vt 0.224851 0.861768
vt 0.202483 0.852996
vt 0.204302 0.847162
vt 0.223922 0.855287
vt 0.183993 0.834800
vt 0.187806 0.831449
vt 0.257152 0.844535
vt 0.267698 0.831030
vt 0.271911 0.832296
vt 0.260799 0.847178
vt 0.270400 0.812347
vt 0.275180 0.812236
vt 0.283303 0.812963
vt 0.280038 0.835942
vt 0.267034 0.852493
vt 0.219727 0.425168
vt 0.208063 0.437246
vt 0.181879 0.407728
vt 0.193874 0.395306
vt 0.201104 0.444453
vt 0.174776 0.415083
vt 0.158454 0.396877
vt 0.165699 0.389375
vt 0.177837 0.376805
vt 0.360168 0.739719
vt 0.366872 0.732274
vt 0.398144 0.756336
vt 0.391303 0.763934
vt 0.378107 0.719796
vt 0.409699 0.743503
vt 0.429273 0.758211
vt 0.417582 0.771196
vt 0.410603 0.778947
vt 0.405106 0.689810
vt 0.416341 0.677333
vt 0.448985 0.699871
vt 0.437430 0.712704
vt 0.423045 0.669888
vt 0.455826 0.692273
vt 0.476041 0.706270
vt 0.469063 0.714020
vt 0.457371 0.727006
vt 0.266379 0.376858
vt 0.259419 0.384065
vt 0.234659 0.353072
vt 0.241761 0.345718
vt 0.247756 0.396143
vt 0.222663 0.365494
vt 0.207006 0.346600
vt 0.219144 0.334031
vt 0.226389 0.326528
vt 0.293157 0.505442
vt 0.336887 0.549078
vt 0.326376 0.559961
vt 0.282277 0.516708
vt 0.382736 0.590518
vt 0.372452 0.601167
vt 0.366254 0.607585
vt 0.319999 0.566565
vt 0.275722 0.523497
vt 0.292906 0.652145
vt 0.282426 0.663783
vt 0.236202 0.622809
vt 0.246326 0.611565
vt 0.276111 0.670797
vt 0.230059 0.629632
vt 0.185913 0.586351
vt 0.191883 0.579720
vt 0.201789 0.568718
vt 0.334823 0.605591
vt 0.328508 0.612604
vt 0.280749 0.573335
vt 0.286892 0.566513
vt 0.318029 0.624243
vt 0.270625 0.584579
vt 0.225535 0.542345
vt 0.235441 0.531344
vt 0.241411 0.524713
vt 0.319238 0.478434
vt 0.330117 0.467168
vt 0.372622 0.512072
vt 0.362112 0.522956
vt 0.336673 0.460380
vt 0.378999 0.505468
vt 0.423870 0.547922
vt 0.417672 0.554341
vt 0.407388 0.564990
vt 0.150232 0.842290
vt 0.152921 0.842274
vt 0.152588 0.858636
vt 0.149903 0.858714
vt 0.712986 0.140146
vt 0.694972 0.149684
vt 0.694416 0.148166
vt 0.712052 0.139013
vt 0.673537 0.149888
vt 0.673554 0.148520
vt 0.722431 0.788498
vt 0.722973 0.770176
vt 0.725658 0.770263
vt 0.725118 0.788516
vt 0.111384 0.841413
vt 0.111713 0.824990
vt 0.114403 0.825068
vt 0.114070 0.841429
vt 0.721135 0.832344
vt 0.723824 0.832326
vt 0.723284 0.850579
vt 0.720594 0.850666
vt 0.633748 0.128731
vt 0.621930 0.110847
vt 0.623500 0.110460
vt 0.634873 0.127952
vt 0.619764 0.090580
vt 0.621226 0.090720
vt 0.876255 0.331420
vt 0.894578 0.330879
vt 0.894491 0.333569
vt 0.876237 0.334109
vt 0.111384 0.880713
vt 0.114070 0.880697
vt 0.114403 0.897058
vt 0.111713 0.897136
vt 0.638727 0.054916
vt 0.656741 0.045378
vt 0.657297 0.046896
vt 0.639661 0.056049
vt 0.678176 0.045174
vt 0.678159 0.046542
vt 0.150232 0.802991
vt 0.149903 0.786568
vt 0.152588 0.786645
vt 0.152921 0.803007
vt 0.832410 0.332716
vt 0.832428 0.335403
vt 0.814174 0.335943
vt 0.814087 0.333258
vt 0.717965 0.066331
vt 0.729783 0.084215
vt 0.728213 0.084602
vt 0.716840 0.067110
vt 0.731948 0.104482
vt 0.730487 0.104342
vt 0.127541 0.841043
vt 0.133859 0.842355
vt 0.133550 0.858784
vt 0.127246 0.856300
vt 0.140128 0.842714
vt 0.139805 0.859362
vt 0.712326 0.788026
vt 0.706078 0.788426
vt 0.706620 0.770097
vt 0.712875 0.769452
vt 0.699813 0.789890
vt 0.700316 0.772869
vt 0.972091 0.752668
vt 0.962091 0.737412
vt 0.964863 0.734928
vt 0.975329 0.751357
vt 0.698599 0.830952
vt 0.704778 0.832416
vt 0.704237 0.850745
vt 0.698096 0.847973
vt 0.711002 0.832816
vt 0.710453 0.851390
vt 0.101249 0.840990
vt 0.095046 0.841349
vt 0.095355 0.824920
vt 0.101572 0.824342
vt 0.874864 0.308884
vt 0.891885 0.308381
vt 0.894656 0.314521
vt 0.876327 0.315063
vt 0.972091 0.789474
vt 0.975329 0.790786
vt 0.964863 0.807215
vt 0.962091 0.804730
vt 0.101249 0.881136
vt 0.101572 0.897785
vt 0.095355 0.897207
vt 0.095046 0.880778
vt 0.876727 0.321287
vt 0.895301 0.320738
vt 0.127541 0.804238
vt 0.127246 0.788981
vt 0.133550 0.786497
vt 0.133859 0.802926
vt 0.833801 0.310098
vt 0.832338 0.316363
vt 0.814009 0.316905
vt 0.816780 0.310601
vt 0.831938 0.322611
vt 0.813364 0.323160
vt 0.140128 0.802567
vt 0.139805 0.785919
vt 0.898932 0.761630
vt 0.892894 0.759029
vt 0.899752 0.748854
vt 0.904971 0.753532
vt 0.887044 0.756680
vt 0.895095 0.744680
vt 0.908483 0.737463
vt 0.911104 0.742707
vt 0.914006 0.748119
vt 0.950146 0.761630
vt 0.944107 0.753532
vt 0.949326 0.748854
vt 0.956184 0.759029
vt 0.935072 0.748119
vt 0.937974 0.742707
vt 0.940595 0.737463
vt 0.953983 0.744680
vt 0.962034 0.756680
vt 0.935072 0.794023
vt 0.944107 0.788611
vt 0.949326 0.793289
vt 0.937974 0.799435
vt 0.950146 0.780512
vt 0.956184 0.783113
vt 0.962034 0.785463
vt 0.953983 0.797462
vt 0.940595 0.804679
vt 0.898932 0.780512
vt 0.904971 0.788611
vt 0.899752 0.793289
vt 0.892894 0.783113
vt 0.914006 0.794023
vt 0.911104 0.799435
vt 0.908483 0.804679
vt 0.895095 0.797462
vt 0.887044 0.785463
vt 0.924539 0.783156
vt 0.917423 0.777449
vt 0.924539 0.771071
vt 0.931655 0.777449
vt 0.911057 0.771071
vt 0.917423 0.764693
vt 0.924539 0.758987
vt 0.931655 0.764693
vt 0.938021 0.771071
vt 0.939607 0.670219
vt 0.951644 0.669645
vt 0.955299 0.677443
vt 0.941572 0.678117
vt 0.135380 0.605584
vt 0.140754 0.611115
vt 0.137209 0.617455
vt 0.132346 0.611013
vt 0.780451 0.332606
vt 0.779533 0.345523
vt 0.775108 0.345491
vt 0.776110 0.334119
vt 0.772435 0.359693
vt 0.768529 0.358220
vt 0.862191 0.741620
vt 0.866285 0.746897
vt 0.862211 0.753804
vt 0.857441 0.747654
vt 0.911338 0.670219
vt 0.909424 0.678117
vt 0.895698 0.677443
vt 0.899302 0.669645
vt 0.747063 0.384458
vt 0.732507 0.391425
vt 0.732439 0.387140
vt 0.745514 0.380685
vt 0.719208 0.392385
vt 0.720731 0.388174
vt 0.627195 0.155367
vt 0.616093 0.148814
vt 0.615880 0.140662
vt 0.628544 0.148158
vt 0.852742 0.729326
vt 0.846403 0.733292
vt 0.841990 0.727487
vt 0.848964 0.724355
vt 0.842756 0.735694
vt 0.837644 0.728973
vt 0.710750 0.352557
vt 0.714060 0.353040
vt 0.706784 0.366450
vt 0.702837 0.367522
vt 0.142965 0.592173
vt 0.146269 0.586398
vt 0.153464 0.588717
vt 0.149614 0.595448
vt 0.655130 0.170220
vt 0.660397 0.165095
vt 0.673693 0.171402
vt 0.666771 0.175760
vt 0.739383 0.324608
vt 0.754755 0.316846
vt 0.753660 0.320694
vt 0.739887 0.327830
vt 0.153400 0.597525
vt 0.157847 0.589748
vt 0.331848 0.761989
vt 0.321477 0.761181
vt 0.319359 0.752986
vt 0.331235 0.753893
vt 0.693525 0.414453
vt 0.699410 0.409510
vt 0.705676 0.413832
vt 0.698899 0.418160
vt 0.840993 0.766651
vt 0.841182 0.778943
vt 0.836996 0.778893
vt 0.836977 0.768102
vt 0.835765 0.792073
vt 0.832014 0.790607
vt 0.355745 0.246404
vt 0.351673 0.241302
vt 0.355517 0.234240
vt 0.360265 0.240189
vt 0.355954 0.765376
vt 0.358775 0.757764
vt 0.370441 0.760165
vt 0.366146 0.767458
vt 0.814291 0.814310
vt 0.801358 0.820182
vt 0.801162 0.816000
vt 0.812695 0.810613
vt 0.789067 0.820422
vt 0.790377 0.816358
vt 0.611017 0.047551
vt 0.616815 0.038016
vt 0.624724 0.038135
vt 0.618065 0.049050
vt 0.780550 0.803160
vt 0.776184 0.805111
vt 0.775557 0.794951
vt 0.780115 0.794338
vt 0.772682 0.807447
vt 0.771781 0.795892
vt 0.777910 0.782025
vt 0.781147 0.782607
vt 0.823444 0.758741
vt 0.814613 0.758615
vt 0.815067 0.754038
vt 0.825242 0.754311
vt 0.598163 0.071725
vt 0.603348 0.076730
vt 0.598021 0.088354
vt 0.593501 0.081864
vt 0.802230 0.756840
vt 0.815875 0.750232
vt 0.802924 0.760056
vt 0.827454 0.750729
vt 0.396253 0.889776
vt 0.408290 0.889202
vt 0.411893 0.897001
vt 0.398167 0.897674
vt 0.764792 0.842480
vt 0.770656 0.837523
vt 0.776968 0.842075
vt 0.770208 0.846388
vt 0.375967 0.219245
vt 0.375998 0.205911
vt 0.380277 0.205680
vt 0.380062 0.217432
vt 0.381933 0.190904
vt 0.385805 0.192187
vt 0.245868 0.691907
vt 0.241334 0.696165
vt 0.233907 0.693004
vt 0.239202 0.688031
vt 0.367984 0.889776
vt 0.366019 0.897674
vt 0.352292 0.897001
vt 0.355947 0.889202
vt 0.404868 0.163867
vt 0.418507 0.155798
vt 0.418849 0.160210
vt 0.406609 0.167660
vt 0.431329 0.153981
vt 0.430123 0.158417
vt 0.724528 0.039700
vt 0.735630 0.046253
vt 0.735888 0.054429
vt 0.723225 0.046933
vt 0.257047 0.681303
vt 0.252260 0.675644
vt 0.257859 0.670280
vt 0.261851 0.676700
vt 0.249329 0.672473
vt 0.255799 0.666277
vt 0.442172 0.194391
vt 0.438924 0.194113
vt 0.445081 0.179876
vt 0.448844 0.178515
vt 0.752175 0.833466
vt 0.747075 0.829864
vt 0.749962 0.822785
vt 0.755917 0.826993
vt 0.696593 0.024847
vt 0.691371 0.029996
vt 0.678076 0.023690
vt 0.684952 0.019308
vt 0.416289 0.224904
vt 0.401912 0.233842
vt 0.402707 0.229830
vt 0.415576 0.221636
vt 0.758191 0.823264
vt 0.751295 0.818389
vt 0.906677 0.128759
vt 0.907489 0.118387
vt 0.915681 0.116268
vt 0.914771 0.128145
vt 0.455365 0.130357
vt 0.449676 0.135517
vt 0.443351 0.131486
vt 0.449944 0.126902
vt 0.217794 0.674680
vt 0.205664 0.676063
vt 0.205265 0.671910
vt 0.215923 0.670849
vt 0.192081 0.671993
vt 0.193132 0.668128
vt 0.802341 0.306980
vt 0.806165 0.312148
vt 0.802052 0.319044
vt 0.797590 0.313015
vt 0.903288 0.152873
vt 0.910899 0.155694
vt 0.908501 0.167362
vt 0.901209 0.163067
vt 0.167715 0.652956
vt 0.160480 0.640761
vt 0.164606 0.640144
vt 0.171210 0.651001
vt 0.158887 0.628657
vt 0.163057 0.629545
vt 0.740680 0.147496
vt 0.734886 0.157030
vt 0.726980 0.156911
vt 0.733633 0.145997
vt 0.174999 0.618608
vt 0.172601 0.614472
vt 0.182573 0.612875
vt 0.183667 0.617334
vt 0.169912 0.611232
vt 0.181239 0.609221
vt 0.195626 0.613919
vt 0.195393 0.617192
vt 0.223647 0.656616
vt 0.222786 0.647897
vt 0.227377 0.647880
vt 0.228240 0.657941
vt 0.753528 0.123332
vt 0.748345 0.118328
vt 0.753673 0.106709
vt 0.758192 0.113197
vt 0.223207 0.635467
vt 0.231245 0.648290
vt 0.220087 0.636485
vt 0.232035 0.659767
vt 0.075612 0.584378
vt 0.097206 0.588345
vt 0.095443 0.591502
vt 0.074082 0.587117
vt 0.114052 0.593618
vt 0.111918 0.597439
vt 0.935475 0.645600
vt 0.933713 0.628907
vt 0.940893 0.628553
vt 0.944134 0.645190
vt 0.932449 0.609317
vt 0.938662 0.609020
vt 0.882049 0.727192
vt 0.898167 0.719790
vt 0.900562 0.722874
vt 0.884939 0.730915
vt 0.919123 0.712976
vt 0.921197 0.715647
vt 0.917980 0.609317
vt 0.916887 0.628907
vt 0.909706 0.628553
vt 0.911767 0.609020
vt 0.915269 0.645600
vt 0.906610 0.645190
vt 0.898170 0.350809
vt 0.888652 0.351322
vt 0.887588 0.343469
vt 0.897000 0.341315
vt 0.876187 0.350798
vt 0.875332 0.343990
vt 0.914377 0.706799
vt 0.892651 0.712612
vt 0.890456 0.709721
vt 0.912472 0.704291
vt 0.875416 0.718561
vt 0.872759 0.715062
vt 0.119377 0.584202
vt 0.101635 0.580513
vt 0.103570 0.577136
vt 0.121711 0.580126
vt 0.079423 0.577639
vt 0.081097 0.574715
vt 0.873473 0.366687
vt 0.885499 0.369778
vt 0.881866 0.376970
vt 0.870387 0.372941
vt 0.894376 0.373022
vt 0.890093 0.381750
vt 0.667254 0.472594
vt 0.673150 0.451288
vt 0.676285 0.453451
vt 0.669971 0.474468
vt 0.679870 0.434846
vt 0.683659 0.437459
vt 0.331878 0.786887
vt 0.330992 0.803616
vt 0.324823 0.803150
vt 0.324442 0.786307
vt 0.329271 0.823135
vt 0.323936 0.822721
vt 0.336355 0.261449
vt 0.320421 0.269300
vt 0.318045 0.266323
vt 0.333483 0.257851
vt 0.299579 0.276668
vt 0.297519 0.274088
vt 0.341577 0.824865
vt 0.345303 0.805628
vt 0.351361 0.806880
vt 0.346819 0.825938
vt 0.349062 0.789302
vt 0.356370 0.790794
vt 0.588937 0.040305
vt 0.574037 0.034246
vt 0.577476 0.028625
vt 0.593084 0.033487
vt 0.556675 0.026286
vt 0.559650 0.021400
vt 0.304485 0.282815
vt 0.326123 0.276444
vt 0.328499 0.279421
vt 0.306545 0.285395
vt 0.343211 0.270038
vt 0.346083 0.273636
vt 0.670823 0.428605
vt 0.665625 0.446098
vt 0.662490 0.443936
vt 0.667034 0.425992
vt 0.660779 0.468128
vt 0.658062 0.466254
vt 0.550147 0.038565
vt 0.566454 0.048507
vt 0.563717 0.054501
vt 0.547760 0.043764
vt 0.579810 0.057472
vt 0.576476 0.064722
vt 0.738151 0.900378
vt 0.744230 0.879197
vt 0.747396 0.881483
vt 0.740893 0.902357
vt 0.751065 0.862830
vt 0.754887 0.865589
vt 0.392322 0.865158
vt 0.390704 0.848465
vt 0.397885 0.848111
vt 0.400981 0.864748
vt 0.389611 0.828875
vt 0.395824 0.828578
vt 0.262639 0.709706
vt 0.271830 0.724777
vt 0.269193 0.727251
vt 0.259448 0.712702
vt 0.280904 0.744770
vt 0.278616 0.746917
vt 0.375142 0.828875
vt 0.373878 0.848465
vt 0.366698 0.848111
vt 0.368929 0.828578
vt 0.372116 0.865158
vt 0.363457 0.864748
vt 0.182135 0.888242
vt 0.191580 0.887899
vt 0.192813 0.895863
vt 0.183511 0.897866
vt 0.203972 0.888676
vt 0.204975 0.895578
vt 0.286521 0.739441
vt 0.278358 0.718584
vt 0.281167 0.715890
vt 0.288953 0.737110
vt 0.270487 0.702262
vt 0.273877 0.699011
vt 0.742208 0.856502
vt 0.736864 0.873934
vt 0.733898 0.871842
vt 0.738618 0.853969
vt 0.731813 0.895850
vt 0.729240 0.894033
vt 0.206301 0.872727
vt 0.194285 0.869373
vt 0.197723 0.862233
vt 0.209219 0.866516
vt 0.185391 0.865943
vt 0.189438 0.857275
vt 0.479465 0.071247
vt 0.474351 0.092768
vt 0.471190 0.090754
vt 0.476726 0.069501
vt 0.468242 0.109458
vt 0.464422 0.107024
vt 0.881788 0.128792
vt 0.865065 0.127907
vt 0.865534 0.121738
vt 0.882371 0.121355
vt 0.845553 0.126188
vt 0.845969 0.120852
vt 0.822290 0.292677
vt 0.838514 0.285419
vt 0.840744 0.288432
vt 0.824985 0.296318
vt 0.859626 0.278816
vt 0.861559 0.281427
vt 0.843823 0.138497
vt 0.863054 0.142222
vt 0.861804 0.148281
vt 0.842752 0.143740
vt 0.879372 0.145981
vt 0.877883 0.153290
vt 0.762756 0.154742
vt 0.777654 0.160801
vt 0.774219 0.166422
vt 0.758613 0.161559
vt 0.795013 0.168759
vt 0.792040 0.173645
vt 0.855021 0.272594
vt 0.833163 0.278189
vt 0.830933 0.275176
vt 0.853089 0.269983
vt 0.815856 0.283984
vt 0.813161 0.280342
vt 0.477363 0.115271
vt 0.481937 0.097602
vt 0.485098 0.099616
vt 0.481184 0.117705
vt 0.485993 0.075406
vt 0.488733 0.077152
vt 0.801538 0.156486
vt 0.785234 0.146545
vt 0.787973 0.140554
vt 0.803927 0.151289
vt 0.771880 0.137583
vt 0.775215 0.130335
vt 0.031464 0.579368
vt 0.030923 0.581448
vt 0.017508 0.579882
vt 0.015129 0.578032
vt 0.930572 0.571217
vt 0.930051 0.557325
vt 0.933677 0.559985
vt 0.935172 0.571520
vt 0.930212 0.549776
vt 0.934774 0.556971
vt 0.962346 0.702066
vt 0.978468 0.698596
vt 0.976416 0.700805
vt 0.963288 0.704162
vt 0.919701 0.549776
vt 0.919925 0.557325
vt 0.916323 0.559985
vt 0.915202 0.556971
vt 0.919524 0.571217
vt 0.914929 0.571520
vt 0.849463 0.348756
vt 0.838537 0.347758
vt 0.840583 0.344077
vt 0.849348 0.343761
vt 0.831332 0.346762
vt 0.836983 0.342769
vt 0.958708 0.697332
vt 0.956696 0.695583
vt 0.970763 0.693447
vt 0.975158 0.694289
vt 0.034384 0.574205
vt 0.017787 0.573332
vt 0.022051 0.571850
vt 0.036221 0.572081
vt 0.829462 0.357712
vt 0.836651 0.358804
vt 0.837368 0.362897
vt 0.833505 0.363132
vt 0.847377 0.360970
vt 0.845600 0.365704
vt 0.658241 0.516431
vt 0.660352 0.517224
vt 0.657560 0.530542
vt 0.655446 0.532729
vt 0.325432 0.861019
vt 0.323890 0.874825
vt 0.321182 0.871773
vt 0.321557 0.860193
vt 0.654120 0.541425
vt 0.657446 0.534109
vt 0.256477 0.288717
vt 0.240413 0.292642
vt 0.242448 0.290380
vt 0.255538 0.286666
vt 0.231831 0.294570
vt 0.238898 0.290743
vt 0.334825 0.862339
vt 0.338778 0.862613
vt 0.335946 0.873848
vt 0.332502 0.876035
vt 0.523041 0.010223
vt 0.511007 0.004405
vt 0.515079 0.002718
vt 0.525666 0.006801
vt 0.504988 0.001258
vt 0.513267 0.001000
vt 0.260237 0.293427
vt 0.262357 0.295208
vt 0.248294 0.297705
vt 0.243835 0.296928
vt 0.653279 0.513009
vt 0.650931 0.529615
vt 0.649845 0.525221
vt 0.651355 0.511019
vt 0.500494 0.009710
vt 0.506468 0.012940
vt 0.507347 0.017259
vt 0.504910 0.016717
vt 0.518021 0.019663
vt 0.516653 0.023753
vt 0.728756 0.943955
vt 0.730885 0.944824
vt 0.727987 0.958060
vt 0.725851 0.960188
vt 0.388067 0.790774
vt 0.387666 0.776883
vt 0.391268 0.779543
vt 0.392662 0.791078
vt 0.387890 0.769334
vt 0.392389 0.776529
vt 0.296445 0.786394
vt 0.301693 0.801921
vt 0.299322 0.800060
vt 0.294558 0.787422
vt 0.377379 0.769334
vt 0.377540 0.776883
vt 0.373914 0.779543
vt 0.372817 0.776529
vt 0.377019 0.790774
vt 0.372419 0.791078
vt 0.230558 0.891303
vt 0.241429 0.892558
vt 0.239481 0.896229
vt 0.230785 0.896354
vt 0.248603 0.893741
vt 0.243083 0.897646
vt 0.300748 0.782312
vt 0.302365 0.780016
vt 0.306017 0.793709
vt 0.305611 0.798205
vt 0.723899 0.940484
vt 0.721432 0.957031
vt 0.720437 0.952667
vt 0.722080 0.938534
vt 0.250208 0.882749
vt 0.243048 0.881469
vt 0.242240 0.877336
vt 0.246067 0.877205
vt 0.232348 0.879042
vt 0.234001 0.874327
vt 0.486880 0.027080
vt 0.484774 0.026386
vt 0.487074 0.012960
vt 0.489083 0.010679
vt 0.807682 0.122350
vt 0.793881 0.120809
vt 0.796932 0.118101
vt 0.808509 0.118474
vt 0.490095 0.001937
vt 0.487066 0.009394
vt 0.903168 0.268338
vt 0.919375 0.264997
vt 0.917240 0.267160
vt 0.904008 0.270391
vt 0.928026 0.263378
vt 0.920798 0.266919
vt 0.806361 0.131747
vt 0.806088 0.135700
vt 0.794857 0.132868
vt 0.792670 0.129424
vt 0.828641 0.184820
vt 0.840673 0.190637
vt 0.836603 0.192323
vt 0.826017 0.188241
vt 0.846691 0.193785
vt 0.838415 0.194043
vt 0.899639 0.263571
vt 0.897609 0.261745
vt 0.911753 0.259746
vt 0.916164 0.260658
vt 0.491882 0.030267
vt 0.493635 0.013580
vt 0.494852 0.017917
vt 0.493845 0.032165
vt 0.851185 0.185335
vt 0.845209 0.182106
vt 0.844331 0.177788
vt 0.846770 0.178330
vt 0.833658 0.175384
vt 0.835027 0.171295
vt 0.456508 0.809151
vt 0.484583 0.812102
vt 0.445605 0.808005
vt 0.527815 0.757613
vt 0.528841 0.747844
vt 0.525171 0.782766
vt 0.586848 0.822850
vt 0.597751 0.823996
vt 0.558773 0.819900
vt 0.515541 0.874389
vt 0.518185 0.849235
vt 0.514514 0.884158
vt 0.212974 0.906153
vt 0.246129 0.905779
vt 0.246384 0.920883
vt 0.213357 0.920883
vt 0.290831 0.905498
vt 0.290959 0.920883
vt 0.290831 0.936269
vt 0.246129 0.935988
vt 0.212974 0.935613
vt 0.088537 0.371529
vt 0.078117 0.379250
vt 0.094784 0.366920
vt 0.139223 0.908255
vt 0.154435 0.907630
vt 0.155313 0.920883
vt 0.140284 0.920883
vt 0.169941 0.907083
vt 0.170635 0.920883
vt 0.169941 0.934684
vt 0.154435 0.934137
vt 0.139223 0.933511
vt 0.587345 0.689738
vt 0.591507 0.683185
vt 0.580370 0.700671
vt 0.435312 0.949409
vt 0.482564 0.949690
vt 0.482819 0.964795
vt 0.435440 0.964795
vt 0.520308 0.950065
vt 0.520691 0.964795
vt 0.520308 0.979525
vt 0.482564 0.979900
vt 0.435312 0.980180
vt 0.556633 0.737852
vt 0.563608 0.726919
vt 0.552471 0.744405
vt 0.616234 0.977423
vt 0.596451 0.978048
vt 0.597329 0.964795
vt 0.617295 0.964795
vt 0.575234 0.978595
vt 0.575927 0.964795
vt 0.575234 0.950995
vt 0.596451 0.951542
vt 0.616234 0.952167
vt 0.042683 0.405522
vt 0.036436 0.410131
vt 0.053103 0.397801
vt 0.130772 0.132857
vt 0.134369 0.139736
vt 0.124726 0.121355
vt 0.972652 0.945750
vt 0.965060 0.938418
vt 0.760916 0.045409
vt 0.762089 0.060373
vt 0.748944 0.060373
vt 0.747497 0.044912
vt 0.760916 0.075337
vt 0.747497 0.075834
vt 0.822490 0.630958
vt 0.834385 0.636186
vt 0.815376 0.627849
vt 0.821910 0.072540
vt 0.805655 0.073316
vt 0.806041 0.060373
vt 0.822040 0.060373
vt 0.790045 0.074044
vt 0.790687 0.060373
vt 0.790045 0.046702
vt 0.805655 0.047430
vt 0.821910 0.048206
vt 0.874853 0.653992
vt 0.881966 0.657101
vt 0.862957 0.648763
vt 0.034176 0.874613
vt 0.025367 0.885378
vt 0.011776 0.877661
vt 0.020390 0.866636
vt 0.764810 0.001497
vt 0.763637 0.016461
vt 0.742008 0.016461
vt 0.743455 0.001000
vt 0.764810 0.031425
vt 0.743455 0.031922
vt 0.009314 0.855189
vt 0.001000 0.866340
vt 0.104141 0.082228
vt 0.110187 0.093730
vt 0.100544 0.075349
vt 0.810079 0.002790
vt 0.833255 0.003518
vt 0.832869 0.016461
vt 0.809437 0.016461
vt 0.856289 0.004294
vt 0.856159 0.016461
vt 0.856289 0.028628
vt 0.833255 0.029404
vt 0.810079 0.030132
vt 0.052994 0.240741
vt 0.058421 0.241895
vt 0.043959 0.238819
vt 0.855027 0.049658
vt 0.871286 0.050137
vt 0.870762 0.060373
vt 0.854702 0.060373
vt 0.886979 0.050272
vt 0.886256 0.060373
vt 0.886979 0.070473
vt 0.871286 0.070608
vt 0.855027 0.071088
vt 0.720294 0.716072
vt 0.722841 0.724951
vt 0.718763 0.710738
vt 0.110961 0.932226
vt 0.098456 0.931687
vt 0.099877 0.920883
vt 0.112293 0.920883
vt 0.087334 0.931313
vt 0.088843 0.920883
vt 0.087334 0.910453
vt 0.098456 0.910079
vt 0.110961 0.909540
vt 0.731500 0.755132
vt 0.733030 0.760466
vt 0.728953 0.746253
vt 0.901490 0.005746
vt 0.923383 0.006226
vt 0.923907 0.016461
vt 0.901815 0.016461
vt 0.944582 0.006361
vt 0.945305 0.016461
vt 0.944582 0.026562
vt 0.923383 0.026697
vt 0.901490 0.027176
vt 0.013247 0.232287
vt 0.022282 0.234208
vt 0.007820 0.231132
vt 0.651351 0.953452
vt 0.666518 0.953991
vt 0.667939 0.964795
vt 0.652684 0.964795
vt 0.679916 0.954365
vt 0.681425 0.964795
vt 0.679916 0.975225
vt 0.666518 0.975599
vt 0.651351 0.976138
vt 0.893644 0.914283
vt 0.901259 0.901260
vt 0.284723 0.102536
vt 0.279225 0.117516
vt 0.890245 0.866171
vt 0.878150 0.854491
vt 0.901657 0.877191
vt 0.827437 0.481796
vt 0.841997 0.475266
vt 0.925698 0.875953
vt 0.938447 0.867888
vt 0.934134 0.908554
vt 0.945133 0.919175
vt 0.923371 0.898160
vt 0.062596 0.760235
vt 0.071949 0.772071
vt 0.876953 0.459575
vt 0.891513 0.453045
vt 0.112768 0.748396
vt 0.126529 0.730783
vt 0.098929 0.766110
vt 0.303436 0.051591
vt 0.297938 0.066571
vt 0.099672 0.793731
vt 0.113420 0.799943
vt 0.057579 0.819035
vt 0.071275 0.801506
vt 0.044046 0.836357
vt 0.083224 0.179413
vt 0.088054 0.183292
vt 0.075157 0.172959
vt 0.779363 0.681637
vt 0.786364 0.689234
vt 0.775157 0.677090
vt 0.810163 0.715076
vt 0.814369 0.719623
vt 0.803162 0.707478
vt 0.047719 0.151021
vt 0.055786 0.157475
vt 0.042889 0.147143
vt 0.891111 0.818418
vt 0.879308 0.828927
vt 0.800084 0.414424
vt 0.786597 0.425599
vt 0.783643 0.386747
vt 0.772561 0.381268
vt 0.799038 0.392892
vt 0.113432 0.690776
vt 0.125117 0.701416
vt 0.832885 0.387115
vt 0.846372 0.375941
vt 0.846931 0.425646
vt 0.855107 0.444777
vt 0.833421 0.411446
vt 0.338134 0.154337
vt 0.348341 0.140103
vt 0.852642 0.856540
vt 0.842552 0.868703
vt 0.843877 0.821393
vt 0.854008 0.831177
vt 0.835923 0.813713
vt 0.168517 0.733813
vt 0.155366 0.725049
vt 0.373295 0.105477
vt 0.383501 0.091244
vt 0.377097 0.154574
vt 0.383336 0.165246
vt 0.369893 0.139645
vt 0.333879 0.094153
vt 0.314223 0.087331
vt 0.348987 0.106640
vt 0.162404 0.684865
vt 0.170091 0.675027
vt 0.152188 0.697941
vt 0.055786 0.309226
vt 0.062102 0.307719
vt 0.045230 0.311722
vt 0.651781 0.718064
vt 0.650027 0.728768
vt 0.652843 0.711658
vt 0.644076 0.765179
vt 0.643014 0.771584
vt 0.645829 0.754475
vt 0.009323 0.320199
vt 0.019879 0.317703
vt 0.003007 0.321705
vt 0.941309 0.956253
vt 0.946056 0.942305
vt 0.194097 0.101545
vt 0.195234 0.115985
vt 0.834823 0.565476
vt 0.849307 0.565603
vt 0.968281 0.919291
vt 0.982055 0.914060
vt 0.003101 0.841814
vt 0.013438 0.827897
vt 0.020080 0.841049
vt 0.884095 0.565924
vt 0.898579 0.566051
vt 0.190213 0.052425
vt 0.191350 0.066865
vt 0.045291 0.860746
vt 0.059659 0.864009
vt 0.048657 0.877406
vt 0.150862 0.536709
vt 0.160630 0.525957
vt 0.144983 0.543144
vt 0.198002 0.947975
vt 0.259770 0.948528
vt 0.259770 0.964795
vt 0.198002 0.964795
vt 0.321539 0.948897
vt 0.321539 0.964795
vt 0.321539 0.980693
vt 0.259770 0.981062
vt 0.198002 0.981614
vt 0.418219 0.639087
vt 0.412211 0.645401
vt 0.428264 0.628594
vt 0.105443 0.438120
vt 0.082496 0.410628
vt 0.135830 0.473083
vt 0.193821 0.489380
vt 0.199700 0.482946
vt 0.184053 0.500133
vt 0.258476 0.598072
vt 0.213662 0.555532
vt 0.305467 0.638194
vt 0.462437 0.592932
vt 0.452392 0.603426
vt 0.468445 0.586618
vt 0.403075 0.904986
vt 0.464843 0.904616
vt 0.464843 0.920883
vt 0.403075 0.920883
vt 0.526612 0.904064
vt 0.526612 0.920883
vt 0.526612 0.937703
vt 0.464843 0.937150
vt 0.403075 0.936781
vt 0.519736 0.677519
vt 0.482739 0.649644
vt 0.548763 0.698492
vt 0.349499 0.536017
vt 0.306197 0.491938
vt 0.395062 0.577754
vt 0.845948 0.751073
vt 0.843258 0.753049
vt 0.847248 0.749165
vt 0.856147 0.761654
vt 0.648807 0.148428
vt 0.649966 0.146232
vt 0.648078 0.149824
vt 0.151869 0.613851
vt 0.150440 0.611983
vt 0.154722 0.615545
vt 0.783717 0.318642
vt 0.786495 0.316617
vt 0.773672 0.825918
vt 0.771810 0.827283
vt 0.775553 0.823160
vt 0.784602 0.835741
vt 0.619068 0.067336
vt 0.617515 0.066510
vt 0.621516 0.068638
vt 0.233858 0.677908
vt 0.231524 0.675549
vt 0.236016 0.678842
vt 0.446857 0.146836
vt 0.445031 0.149749
vt 0.702926 0.046645
vt 0.703676 0.045260
vt 0.701754 0.048834
vt 0.732643 0.127725
vt 0.730197 0.126424
vt 0.734193 0.128549
vt 0.163265 0.757145
vt 0.177967 0.739401
vt 0.160200 0.782571
vt 0.645679 0.867489
vt 0.645611 0.893996
vt 0.643207 0.890438
vt 0.643207 0.865175
vt 0.176321 0.736845
vt 0.160179 0.753622
vt 0.250399 0.737985
vt 0.270392 0.758341
vt 0.225771 0.728889
vt 0.227728 0.725541
vt 0.252853 0.733244
vt 0.662146 0.801449
vt 0.659673 0.803763
vt 0.659673 0.778500
vt 0.662078 0.774941
vt 0.203286 0.745563
vt 0.203962 0.750734
vt 0.201588 0.737181
vt 0.200771 0.858572
vt 0.180777 0.838217
vt 0.225398 0.867668
vt 0.968309 0.853544
vt 0.943171 0.861207
vt 0.942555 0.855904
vt 0.968058 0.849674
vt 0.645679 0.801449
vt 0.643207 0.803763
vt 0.643207 0.778500
vt 0.645611 0.774941
vt 0.473390 0.737909
vt 0.476352 0.738283
vt 0.460502 0.755887
vt 0.458680 0.754246
vt 0.171178 0.811071
vt 0.176465 0.810735
vt 0.443970 0.770584
vt 0.444651 0.773490
vt 0.287905 0.839412
vt 0.273202 0.857156
vt 0.290969 0.813986
vt 0.662146 0.867489
vt 0.662078 0.893996
vt 0.659673 0.890438
vt 0.659673 0.865175
vt 0.276652 0.857846
vt 0.292743 0.841119
vt 0.243826 0.855196
vt 0.241363 0.851876
vt 0.247551 0.861479
vt 0.222927 0.852061
vt 0.270648 0.790024
vt 0.277960 0.787590
vt 0.195012 0.331380
vt 0.179740 0.347194
vt 0.177977 0.345491
vt 0.194432 0.328452
vt 0.164469 0.363008
vt 0.161522 0.362531
vt 0.427827 0.779628
vt 0.420638 0.787613
vt 0.439730 0.766408
vt 0.431616 0.784303
vt 0.423976 0.792789
vt 0.156572 0.379742
vt 0.168930 0.366946
vt 0.149108 0.387471
vt 0.143713 0.384502
vt 0.151644 0.376289
vt 0.089418 0.982870
vt 0.050078 0.983360
vt 0.050078 0.964795
vt 0.089418 0.964795
vt 0.025689 0.983605
vt 0.025689 0.964795
vt 0.025689 0.945984
vt 0.050078 0.946229
vt 0.089418 0.946719
vt 0.480153 0.721514
vt 0.468250 0.734734
vt 0.487343 0.713529
vt 0.493383 0.715704
vt 0.485743 0.724189
vt 0.423565 0.728104
vt 0.391606 0.704803
vt 0.443322 0.742608
vt 0.210894 0.323490
vt 0.218358 0.315761
vt 0.198537 0.336286
vt 0.207836 0.318100
vt 0.215768 0.309887
vt 0.635196 0.902808
vt 0.674536 0.902318
vt 0.674536 0.920883
vt 0.635196 0.920883
vt 0.698925 0.902073
vt 0.698925 0.920883
vt 0.698925 0.939694
vt 0.674536 0.939449
vt 0.635196 0.938959
vt 0.208269 0.380400
vt 0.192421 0.361703
vt 0.233741 0.410655
vt 0.327143 0.700845
vt 0.320628 0.708081
vt 0.338006 0.688781
vt 0.242187 0.474685
vt 0.253464 0.463007
vt 0.235423 0.481690
vt 0.374942 0.647759
vt 0.364079 0.659824
vt 0.381457 0.640523
vt 0.291809 0.423300
vt 0.298573 0.416296
vt 0.280532 0.434978
vt 0.619332 0.111486
vt 0.617191 0.090465
vt 0.631678 0.129987
vt 0.724471 0.810421
vt 0.721783 0.810421
vt 0.652017 0.142367
vt 0.652609 0.141253
vt 0.695896 0.152196
vt 0.673656 0.152307
vt 0.714520 0.142216
vt 0.655817 0.042867
vt 0.678059 0.042756
vt 0.637193 0.052847
vt 0.627077 0.071595
vt 0.625835 0.070934
vt 0.111273 0.861063
vt 0.113957 0.861063
vt 0.732382 0.083577
vt 0.734522 0.104597
vt 0.720037 0.065076
vt 0.699104 0.053809
vt 0.699696 0.052695
vt 0.854333 0.332068
vt 0.854333 0.334756
vt 0.153034 0.822641
vt 0.150343 0.822641
vt 0.725878 0.124128
vt 0.724635 0.123467
vt 0.107230 0.824572
vt 0.106903 0.841155
vt 0.716659 0.832632
vt 0.716112 0.851132
vt 0.705428 0.810421
vt 0.699206 0.810421
vt 0.711664 0.810421
vt 0.718518 0.769710
vt 0.717972 0.788210
vt 0.145776 0.842549
vt 0.145448 0.859131
vt 0.895044 0.326397
vt 0.876543 0.326943
vt 0.106903 0.880971
vt 0.107230 0.897554
vt 0.094945 0.861063
vt 0.101144 0.861063
vt 0.088919 0.879466
vt 0.088823 0.861063
vt 0.088919 0.842660
vt 0.145448 0.786150
vt 0.145776 0.802732
vt 0.832122 0.328256
vt 0.813621 0.328803
vt 0.854333 0.315713
vt 0.854333 0.321949
vt 0.854333 0.309491
vt 0.133960 0.822641
vt 0.127637 0.822641
vt 0.140233 0.822641
vt 0.958279 0.740829
vt 0.967426 0.754565
vt 0.942954 0.732630
vt 0.945070 0.728449
vt 0.924539 0.740651
vt 0.924539 0.746084
vt 0.924539 0.735051
vt 0.890799 0.740829
vt 0.906124 0.732630
vt 0.881652 0.754565
vt 0.876987 0.752668
vt 0.886987 0.737412
vt 0.904008 0.728449
vt 0.958279 0.801314
vt 0.942954 0.809512
vt 0.967426 0.787577
vt 0.945070 0.813693
vt 0.958477 0.771071
vt 0.964725 0.771071
vt 0.952416 0.771071
vt 0.890799 0.801314
vt 0.881652 0.787577
vt 0.906124 0.809512
vt 0.904008 0.813693
vt 0.886987 0.804730
vt 0.876987 0.789474
vt 0.924539 0.801491
vt 0.924539 0.807092
vt 0.924539 0.796058
vt 0.890600 0.771071
vt 0.896662 0.771071
vt 0.884352 0.771071
vt 0.938232 0.758798
vt 0.944049 0.765354
vt 0.930917 0.753584
vt 0.910846 0.758798
vt 0.918161 0.753584
vt 0.905029 0.765354
vt 0.938232 0.783345
vt 0.930917 0.788558
vt 0.944049 0.776788
vt 0.910846 0.783345
vt 0.905029 0.776788
vt 0.918161 0.788558
vt 0.609726 0.732304
vt 0.628580 0.737969
vt 0.591587 0.724656
vt 0.044514 0.352171
vt 0.053409 0.369733
vt 0.037548 0.333759
vt 0.864391 0.608093
vt 0.866886 0.587842
vt 0.858066 0.626156
vt 0.823707 0.671648
vt 0.836965 0.657491
vt 0.809658 0.685390
vt 0.150658 0.089462
vt 0.133080 0.097032
vt 0.170685 0.085561
vt 0.090095 0.134480
vt 0.077367 0.149454
vt 0.103293 0.120268
vt 0.762216 0.720532
vt 0.744455 0.729023
vt 0.778967 0.710190
vt 0.687234 0.742769
vt 0.706752 0.740205
vt 0.667553 0.743231
vt 0.045620 0.199232
vt 0.038388 0.217542
vt 0.054769 0.181800
vt 0.028668 0.275583
vt 0.029580 0.295248
vt 0.029864 0.255933
vt 0.862888 0.517560
vt 0.864985 0.542216
vt 0.861560 0.492154
vt 0.241076 0.084646
vt 0.216333 0.084275
vt 0.266512 0.084199
vt 0.785155 0.346397
vt 0.777999 0.362001
vt 0.785528 0.331940
vt 0.733923 0.396342
vt 0.718810 0.397001
vt 0.750181 0.389091
vt 0.699245 0.368926
vt 0.707751 0.352596
vt 0.702734 0.379644
vt 0.699388 0.382287
vt 0.695868 0.384995
vt 0.694763 0.371019
vt 0.704674 0.353336
vt 0.767239 0.316681
vt 0.756175 0.313357
vt 0.769937 0.313425
vt 0.739400 0.321703
vt 0.740131 0.318729
vt 0.758290 0.309014
vt 0.155837 0.599022
vt 0.160803 0.590279
vt 0.758111 0.370504
vt 0.760998 0.373282
vt 0.925473 0.670411
vt 0.925498 0.678342
vt 0.851863 0.740416
vt 0.849066 0.743928
vt 0.857414 0.735423
vt 0.855509 0.752289
vt 0.725884 0.339383
vt 0.723818 0.337376
vt 0.641072 0.162964
vt 0.644364 0.156826
vt 0.145133 0.603346
vt 0.139128 0.598935
vt 0.148225 0.606648
vt 0.143163 0.615626
vt 0.846362 0.780012
vt 0.840802 0.794665
vt 0.845709 0.766112
vt 0.802607 0.825321
vt 0.788693 0.825153
vt 0.817057 0.819253
vt 0.768368 0.797251
vt 0.775024 0.782028
vt 0.769553 0.810035
vt 0.772165 0.782761
vt 0.817114 0.746774
vt 0.829932 0.747512
vt 0.802132 0.753956
vt 0.802765 0.751074
vt 0.823452 0.801670
vt 0.826287 0.804407
vt 0.343931 0.763469
vt 0.345040 0.755578
vt 0.781598 0.812477
vt 0.778986 0.815890
vt 0.785152 0.809506
vt 0.365963 0.247328
vt 0.360626 0.252519
vt 0.790938 0.770271
vt 0.788812 0.768217
vt 0.604400 0.059537
vt 0.610483 0.062772
vt 0.832793 0.759464
vt 0.829947 0.763119
vt 0.836112 0.756734
vt 0.687085 0.410011
vt 0.691891 0.404324
vt 0.370995 0.204841
vt 0.377093 0.188117
vt 0.371391 0.219964
vt 0.417244 0.150251
vt 0.431639 0.148870
vt 0.402177 0.158478
vt 0.452225 0.176855
vt 0.445069 0.194171
vt 0.448137 0.166050
vt 0.451197 0.163131
vt 0.254569 0.663537
vt 0.247287 0.670470
vt 0.447985 0.193235
vt 0.456410 0.174442
vt 0.389827 0.234790
vt 0.400762 0.237523
vt 0.387424 0.238312
vt 0.416460 0.227898
vt 0.415935 0.231020
vt 0.398987 0.242139
vt 0.384968 0.242012
vt 0.395082 0.178911
vt 0.392110 0.176224
vt 0.382118 0.889969
vt 0.382093 0.897900
vt 0.245680 0.681902
vt 0.241729 0.679701
vt 0.251413 0.686662
vt 0.234241 0.686785
vt 0.428375 0.208887
vt 0.430521 0.210809
vt 0.710651 0.032104
vt 0.707404 0.038265
vt 0.763228 0.832201
vt 0.758431 0.837923
vt 0.766640 0.829283
vt 0.775220 0.835430
vt 0.205103 0.681372
vt 0.189949 0.677374
vt 0.218827 0.679307
vt 0.155464 0.642590
vt 0.154148 0.628773
vt 0.163009 0.656327
vt 0.179559 0.605928
vt 0.195349 0.611011
vt 0.167042 0.608347
vt 0.194414 0.608123
vt 0.234847 0.649123
vt 0.235528 0.661854
vt 0.226095 0.635032
vt 0.229123 0.635241
vt 0.181245 0.660751
vt 0.178835 0.663836
vt 0.905195 0.140846
vt 0.913084 0.141955
vt 0.165920 0.620517
vt 0.162257 0.618270
vt 0.169240 0.623750
vt 0.792236 0.305781
vt 0.797758 0.300788
vt 0.208666 0.625653
vt 0.210479 0.623332
vt 0.747294 0.135515
vt 0.741211 0.132281
vt 0.223991 0.665887
vt 0.220050 0.663448
vt 0.227057 0.668897
vt 0.461862 0.134497
vt 0.457267 0.140354
vt 0.925300 0.629028
vt 0.925215 0.609420
vt 0.925372 0.645741
vt 0.895375 0.716168
vt 0.878693 0.722838
vt 0.916721 0.709860
vt 0.887881 0.360663
vt 0.897205 0.362046
vt 0.875510 0.358838
vt 0.099391 0.584467
vt 0.077493 0.581040
vt 0.116680 0.588953
vt 0.947827 0.658893
vt 0.937514 0.659378
vt 0.126620 0.599572
vt 0.124059 0.604156
vt 0.873697 0.739108
vt 0.870235 0.734647
vt 0.913347 0.659378
vt 0.903034 0.658893
vt 0.620308 0.177811
vt 0.612343 0.173111
vt 0.614993 0.159671
vt 0.624498 0.165275
vt 0.862253 0.724261
vt 0.859064 0.720063
vt 0.135822 0.583360
vt 0.133027 0.588242
vt 0.640197 0.188386
vt 0.648348 0.177956
vt 0.658309 0.182703
vt 0.648547 0.192361
vt 0.338166 0.804487
vt 0.335440 0.823886
vt 0.340492 0.787939
vt 0.323272 0.272872
vt 0.339783 0.265744
vt 0.302032 0.279741
vt 0.570126 0.041313
vt 0.584234 0.048815
vt 0.553310 0.032372
vt 0.669387 0.448693
vt 0.664016 0.470361
vt 0.675347 0.431726
vt 0.323242 0.772299
vt 0.332105 0.772995
vt 0.686850 0.422742
vt 0.691392 0.425875
vt 0.344500 0.249329
vt 0.347942 0.253642
vt 0.352673 0.775886
vt 0.361385 0.777659
vt 0.606239 0.036525
vt 0.601292 0.044671
vt 0.356191 0.263976
vt 0.359633 0.268288
vt 0.365507 0.258634
vt 0.369580 0.263736
vt 0.671424 0.412101
vt 0.675965 0.415234
vt 0.590338 0.065273
vt 0.586351 0.073930
vt 0.680644 0.405568
vt 0.675270 0.401861
vt 0.382291 0.848586
vt 0.382376 0.828977
vt 0.382219 0.865299
vt 0.275065 0.721718
vt 0.266529 0.706028
vt 0.283687 0.742137
vt 0.192131 0.878495
vt 0.182836 0.876929
vt 0.204461 0.880582
vt 0.740512 0.876532
vt 0.734953 0.898086
vt 0.746596 0.859628
vt 0.404557 0.878451
vt 0.394244 0.878936
vt 0.758103 0.850763
vt 0.762682 0.854067
vt 0.249993 0.702546
vt 0.253821 0.698952
vt 0.370077 0.878936
vt 0.359765 0.878451
vt 0.731238 0.017162
vt 0.739203 0.021862
vt 0.736655 0.035356
vt 0.727150 0.029753
vt 0.263264 0.689995
vt 0.267326 0.686102
vt 0.743139 0.840107
vt 0.747445 0.843148
vt 0.711349 0.006587
vt 0.703300 0.017071
vt 0.693339 0.012324
vt 0.702999 0.002612
vt 0.864193 0.135083
vt 0.844801 0.132358
vt 0.880735 0.137408
vt 0.835838 0.281804
vt 0.819073 0.288330
vt 0.857324 0.275705
vt 0.781564 0.153736
vt 0.767456 0.146236
vt 0.798376 0.162676
vt 0.478144 0.095185
vt 0.482729 0.073326
vt 0.472803 0.112364
vt 0.896374 0.120153
vt 0.895675 0.129018
vt 0.461720 0.121821
vt 0.457140 0.118902
vt 0.813644 0.304411
vt 0.810413 0.300046
vt 0.892783 0.149592
vt 0.891012 0.158306
vt 0.745461 0.158521
vt 0.750404 0.150376
vt 0.802671 0.289584
vt 0.799440 0.285219
vt 0.793175 0.294596
vt 0.789351 0.289429
vt 0.477276 0.131733
vt 0.472696 0.128815
vt 0.761353 0.129783
vt 0.765341 0.121130
vt 0.468359 0.138636
vt 0.473780 0.142091
vt 0.924984 0.556360
vt 0.924948 0.547804
vt 0.925046 0.570776
vt 0.977985 0.696193
vt 0.961101 0.699563
vt 0.983789 0.692607
vt 0.987819 0.694300
vt 0.987138 0.696967
vt 0.837105 0.353208
vt 0.848453 0.354865
vt 0.829143 0.352052
vt 0.009179 0.572645
vt 0.015249 0.575616
vt 0.005423 0.574884
vt 0.032310 0.576767
vt 0.006481 0.577415
vt 0.936844 0.589024
vt 0.931473 0.589273
vt 0.052591 0.581468
vt 0.051264 0.583843
vt 0.943410 0.709300
vt 0.941617 0.706988
vt 0.918781 0.589273
vt 0.913410 0.589024
vt 0.861849 0.343869
vt 0.862537 0.349766
vt 0.937445 0.701560
vt 0.935793 0.699386
vt 0.057387 0.573018
vt 0.055939 0.575547
vt 0.860149 0.363751
vt 0.857525 0.369183
vt 0.322667 0.882300
vt 0.328062 0.876380
vt 0.326868 0.884876
vt 0.330068 0.862108
vt 0.331617 0.883558
vt 0.240944 0.295055
vt 0.257767 0.291207
vt 0.235299 0.298915
vt 0.231204 0.297283
vt 0.507835 0.008193
vt 0.520039 0.014681
vt 0.500978 0.004546
vt 0.649544 0.538269
vt 0.653001 0.532369
vt 0.651458 0.542240
vt 0.655666 0.515318
vt 0.322631 0.842697
vt 0.327242 0.843063
vt 0.662259 0.495421
vt 0.664612 0.497045
vt 0.275372 0.281009
vt 0.277155 0.283243
vt 0.338034 0.844579
vt 0.342568 0.845499
vt 0.541543 0.013573
vt 0.538970 0.017816
vt 0.281467 0.288645
vt 0.283250 0.290879
vt 0.654216 0.489874
vt 0.656569 0.491497
vt 0.533224 0.028624
vt 0.531145 0.033128
vt 0.382607 0.775917
vt 0.382643 0.767362
vt 0.382545 0.790333
vt 0.304009 0.801219
vt 0.298765 0.784944
vt 0.308360 0.806390
vt 0.307096 0.810577
vt 0.304385 0.810163
vt 0.242726 0.887095
vt 0.231421 0.885165
vt 0.250656 0.888456
vt 0.720052 0.965715
vt 0.723433 0.959789
vt 0.721884 0.969683
vt 0.726212 0.942798
vt 0.724526 0.968910
vt 0.394181 0.808581
vt 0.388810 0.808831
vt 0.732953 0.923066
vt 0.735325 0.924778
vt 0.287313 0.768264
vt 0.289296 0.766403
vt 0.376118 0.808831
vt 0.370747 0.808581
vt 0.218369 0.895978
vt 0.217552 0.890002
vt 0.294231 0.761721
vt 0.296336 0.759705
vt 0.725152 0.917512
vt 0.727382 0.919087
vt 0.219602 0.875963
vt 0.222079 0.870567
vt 0.786410 0.119587
vt 0.792326 0.124983
vt 0.783835 0.123790
vt 0.806592 0.126988
vt 0.785152 0.128539
vt 0.918960 0.262600
vt 0.901999 0.265841
vt 0.924771 0.258980
vt 0.928779 0.260724
vt 0.843843 0.186851
vt 0.831641 0.180363
vt 0.850701 0.190497
vt 0.494708 0.004876
vt 0.491502 0.010926
vt 0.492689 0.001000
vt 0.489453 0.028072
vt 0.825999 0.119548
vt 0.825632 0.124160
vt 0.483628 0.048237
vt 0.481255 0.046725
vt 0.883963 0.275320
vt 0.882290 0.273058
vt 0.824115 0.134955
vt 0.823197 0.139490
vt 0.810144 0.181470
vt 0.812714 0.177228
vt 0.878244 0.267591
vt 0.876570 0.265330
vt 0.491736 0.053403
vt 0.489364 0.051892
vt 0.818458 0.166425
vt 0.820538 0.161922
vt 0.521678 0.816001
vt 0.188526 0.935170
vt 0.189036 0.920883
vt 0.188526 0.906597
vt 0.551045 0.964795
vt 0.550535 0.950508
vt 0.550535 0.979081
vt 0.775118 0.074719
vt 0.776017 0.060373
vt 0.775118 0.046026
vt 0.786240 0.016461
vt 0.787138 0.030808
vt 0.787138 0.002115
vt 0.077845 0.931085
vt 0.079442 0.920883
vt 0.900935 0.060373
vt 0.901857 0.070574
vt 0.901857 0.050171
vt 0.077845 0.910682
vt 0.691575 0.954593
vt 0.693172 0.964795
vt 0.965874 0.016461
vt 0.964952 0.026663
vt 0.964952 0.006260
vt 0.691575 0.974997
vt 0.912626 0.887784
vt 0.085081 0.783835
vt 0.838351 0.060373
vt 0.838477 0.048969
vt 0.838477 0.071776
vt 0.879070 0.005057
vt 0.879196 0.016461
vt 0.879070 0.027865
vt 0.816484 0.400770
vt 0.865706 0.842473
vt 0.360818 0.122790
vt 0.140011 0.713528
vt 0.125869 0.920883
vt 0.124625 0.908909
vt 0.124625 0.932858
vt 0.635790 0.964795
vt 0.634546 0.976770
vt 0.634546 0.952820
vt 0.955646 0.929328
vt 0.031383 0.852565
vt 0.380866 0.980425
vt 0.380866 0.964795
vt 0.380866 0.949165
vt 0.172342 0.513045
vt 0.344130 0.920883
vt 0.344130 0.905253
vt 0.344130 0.936514
vt 0.440328 0.616010
vt 0.919358 0.547385
vt 0.924934 0.544406
vt 0.824342 0.351364
vt 0.827304 0.346149
vt 0.825421 0.357173
vt 0.930537 0.547385
vt 0.331569 0.886011
vt 0.326389 0.888284
vt 0.510093 0.890946
vt 0.505307 0.889647
vt 0.505307 0.884720
vt 0.510120 0.886810
vt 0.500520 0.890946
vt 0.500494 0.886810
vt 0.322037 0.884671
vt 0.377054 0.766943
vt 0.382657 0.763963
vt 0.255434 0.889286
vt 0.252613 0.894477
vt 0.254229 0.883411
vt 0.388233 0.766943
vt 0.782703 0.128490
vt 0.780430 0.123311
vt 0.896398 0.423676
vt 0.895094 0.428461
vt 0.890209 0.428461
vt 0.892304 0.423649
vt 0.896398 0.433246
vt 0.892304 0.433274
vt 0.784042 0.118959
vt 0.200118 0.729410
vt 0.678613 0.774941
vt 0.678681 0.804525
vt 0.676140 0.804525
vt 0.676140 0.777014
vt 0.678613 0.834110
vt 0.676140 0.832036
vt 0.166421 0.811288
vt 0.645748 0.834469
vt 0.643207 0.834469
vt 0.251051 0.867147
vt 0.629213 0.774941
vt 0.629281 0.804525
vt 0.626740 0.804525
vt 0.626740 0.777014
vt 0.629213 0.834110
vt 0.626740 0.832036
vt 0.659673 0.834469
vt 0.662214 0.834469
vt 0.284749 0.785269
vt 0.012433 0.964795
vt 0.012433 0.945702
vt 0.012433 0.983888
vt 0.006489 0.984491
vt 0.006489 0.964795
vt 0.006489 0.945099
vt 0.453990 0.750571
vt 0.712181 0.920883
vt 0.712181 0.939976
vt 0.712181 0.901790
vt 0.718125 0.901187
vt 0.718125 0.920883
vt 0.718125 0.940580
vt 0.183733 0.351616
vt 0.139972 0.964795
vt 0.139972 0.947340
vt 0.139972 0.982250
vt 0.351042 0.674302
vt 0.584642 0.920883
vt 0.584642 0.938339
vt 0.584642 0.903428
vt 0.266998 0.448993
vt 0.651020 0.144244
vt 0.623737 0.069819
vt 0.700695 0.050819
vt 0.727976 0.125244
vt 0.717315 0.810421
vt 0.106793 0.861063
vt 0.854333 0.327600
vt 0.145885 0.822641
vt 0.924539 0.729861
vt 0.924539 0.725541
vt 0.970516 0.771071
vt 0.975336 0.771071
vt 0.924539 0.812281
vt 0.924539 0.816602
vt 0.878562 0.771071
vt 0.873742 0.771071
vt 0.924539 0.750664
vt 0.947306 0.771071
vt 0.924539 0.791478
vt 0.901772 0.771071
vt 0.571989 0.713795
vt 0.065610 0.388526
vt 0.848671 0.642475
vt 0.117457 0.107542
vt 0.725897 0.735602
vt 0.033120 0.236514
vt 0.859475 0.467420
vt 0.291331 0.084554
vt 0.794763 0.698356
vt 0.065471 0.165217
vt 0.647928 0.741621
vt 0.032555 0.314712
vt 0.866701 0.565763
vt 0.192724 0.084205
vt 0.765499 0.376907
vt 0.840371 0.737342
vt 0.847816 0.746900
vt 0.706651 0.392034
vt 0.708754 0.388179
vt 0.705088 0.395329
vt 0.722166 0.335788
vt 0.721247 0.334916
vt 0.776062 0.322479
vt 0.780181 0.320292
vt 0.149705 0.609636
vt 0.830349 0.808330
vt 0.777029 0.819763
vt 0.787159 0.766621
vt 0.786272 0.765765
vt 0.839914 0.754643
vt 0.388179 0.171987
vt 0.238471 0.678988
vt 0.443632 0.153391
vt 0.441737 0.157653
vt 0.432220 0.212346
vt 0.433154 0.213202
vt 0.380893 0.229380
vt 0.377194 0.231747
vt 0.759755 0.820823
vt 0.769566 0.827930
vt 0.374016 0.233536
vt 0.175279 0.668386
vt 0.158219 0.616704
vt 0.211922 0.621486
vt 0.212727 0.620455
vt 0.229553 0.672436
vt 0.925430 0.659537
vt 0.866199 0.729410
vt 0.636349 0.171756
vt 0.630186 0.183223
vt 0.129785 0.593957
vt 0.342414 0.774263
vt 0.352067 0.258809
vt 0.595657 0.054888
vt 0.681408 0.418988
vt 0.382161 0.879095
vt 0.258504 0.694523
vt 0.715300 0.023271
vt 0.721360 0.011750
vt 0.752729 0.846912
vt 0.894405 0.139329
vt 0.806542 0.294815
vt 0.756035 0.140163
vt 0.467208 0.125318
vt 0.925127 0.589357
vt 0.939507 0.704252
vt 0.861897 0.356837
vt 0.054245 0.578534
vt 0.332651 0.843728
vt 0.279311 0.285944
vt 0.536014 0.023176
vt 0.659414 0.493459
vt 0.382464 0.808914
vt 0.291744 0.764088
vt 0.218026 0.882885
vt 0.730144 0.921054
vt 0.824965 0.129570
vt 0.880267 0.270325
vt 0.815668 0.171870
vt 0.486496 0.050064

# vertex normals
vn -0.315550 0.036741 0.948197
vn -0.314383 0.047338 0.948115
vn -0.671019 0.084291 0.736633
vn -0.672059 0.066949 0.737465
vn -0.313295 0.063600 0.947524
vn -0.668624 0.109527 0.735490
vn -0.917488 0.141164 0.371873
vn -0.921579 0.110212 0.372218
vn -0.923330 0.088441 0.373685
vn 0.317409 -0.012218 0.948210
vn 0.315215 -0.014540 0.948909
vn 0.673034 -0.047686 0.738073
vn 0.673788 -0.051951 0.737096
vn 0.313932 -0.014982 0.949327
vn 0.671411 -0.043416 0.739813
vn 0.924888 -0.063339 0.374927
vn 0.925188 -0.071250 0.372761
vn 0.924612 -0.080660 0.372272
vn -0.313295 0.063600 -0.947524
vn -0.314383 0.047338 -0.948115
vn -0.671019 0.084291 -0.736633
vn -0.668624 0.109528 -0.735490
vn -0.315550 0.036741 -0.948198
vn -0.672059 0.066949 -0.737465
vn -0.923330 0.088441 -0.373685
vn -0.921579 0.110212 -0.372218
vn -0.917488 0.141164 -0.371873
vn 0.313932 -0.014982 -0.949327
vn 0.315215 -0.014540 -0.948909
vn 0.673034 -0.047686 -0.738073
vn 0.671411 -0.043416 -0.739813
vn 0.317409 -0.012218 -0.948210
vn 0.673788 -0.051951 -0.737096
vn 0.924612 -0.080660 -0.372272
vn 0.925188 -0.071250 -0.372761
vn 0.924888 -0.063339 -0.374927
vn 0.376348 0.263049 0.888351
vn 0.661466 0.290693 0.691347
vn 0.673677 0.147029 0.724253
vn 0.261703 0.279395 0.923823
vn 0.883821 0.246443 0.397650
vn 0.931435 0.225631 0.285516
vn 0.984763 0.076866 0.155990
vn 0.964144 -0.075048 0.254548
vn 0.936287 -0.157092 0.314146
vn 0.686786 -0.062668 0.724153
vn 0.274035 0.005065 0.961706
vn 0.213871 0.093713 0.972356
vn 0.130196 0.195981 0.971926
vn -0.893115 0.403814 0.198193
vn -0.824040 0.429184 0.369810
vn -0.626298 0.393804 0.672807
vn -0.877753 0.390949 0.276962
vn -0.809775 0.338771 0.479060
vn -0.637196 0.373126 0.674358
vn -0.432635 0.311654 0.845990
vn -0.318941 0.355792 0.878458
vn -0.174926 0.263225 0.948743
vn -0.254926 0.208162 0.944289
vn -0.293755 0.156751 0.942941
vn -0.647660 0.295622 0.702243
vn -0.881619 0.350072 0.316542
vn 0.984763 0.076866 -0.155990
vn 0.931435 0.225632 -0.285515
vn 0.673677 0.147029 -0.724252
vn 0.964144 -0.075049 -0.254548
vn 0.883821 0.246443 -0.397650
vn 0.661466 0.290693 -0.691346
vn 0.376348 0.263049 -0.888351
vn 0.261703 0.279395 -0.923823
vn 0.130195 0.195981 -0.971926
vn 0.213871 0.093713 -0.972356
vn 0.274035 0.005065 -0.961706
vn 0.686786 -0.062668 -0.724153
vn 0.936287 -0.157092 -0.314146
vn -0.174926 0.263225 -0.948743
vn -0.318941 0.355792 -0.878458
vn -0.626298 0.393804 -0.672807
vn -0.254926 0.208162 -0.944289
vn -0.432635 0.311654 -0.845990
vn -0.637198 0.373126 -0.674356
vn -0.809776 0.338771 -0.479059
vn -0.824040 0.429184 -0.369810
vn -0.893115 0.403813 -0.198193
vn -0.877753 0.390949 -0.276962
vn -0.881619 0.350072 -0.316542
vn -0.647660 0.295622 -0.702243
vn -0.293755 0.156751 -0.942941
vn -0.087784 -0.240405 0.966695
vn -0.081179 -0.566033 0.820376
vn -0.109659 -0.563523 0.818790
vn -0.101368 -0.235324 0.966616
vn -0.071100 -0.881444 0.466907
vn -0.113726 -0.878662 0.463701
vn -0.171525 -0.869010 0.464113
vn -0.146816 -0.554242 0.819305
vn -0.115877 -0.227580 0.966840
vn -0.166361 0.874808 0.455011
vn -0.140701 0.571963 0.808122
vn -0.092265 0.582366 0.807674
vn -0.092164 0.886723 0.453021
vn -0.112165 0.250537 0.961587
vn -0.091727 0.258132 0.961745
vn -0.061029 0.266767 0.961827
vn -0.027053 0.589840 0.807067
vn 0.004675 0.891332 0.453327
vn -0.071101 -0.881444 -0.466906
vn -0.081179 -0.566033 -0.820376
vn -0.109658 -0.563523 -0.818790
vn -0.113726 -0.878663 -0.463701
vn -0.087784 -0.240404 -0.966695
vn -0.101368 -0.235324 -0.966616
vn -0.115877 -0.227580 -0.966840
vn -0.146816 -0.554242 -0.819305
vn -0.171525 -0.869010 -0.464113
vn -0.112165 0.250537 -0.961587
vn -0.140701 0.571963 -0.808122
vn -0.092265 0.582366 -0.807674
vn -0.091727 0.258132 -0.961745
vn -0.166361 0.874808 -0.455011
vn -0.092164 0.886723 -0.453021
vn 0.004675 0.891332 -0.453327
vn -0.027053 0.589840 -0.807067
vn -0.061029 0.266767 -0.961827
vn 0.288239 -0.116216 0.950480
vn 0.576174 -0.300617 0.760035
vn 0.524718 -0.360066 0.771378
vn 0.260214 -0.147727 0.954183
vn 0.800165 -0.447099 0.399799
vn 0.738708 -0.533619 0.411778
vn 0.659929 -0.619837 0.424612
vn 0.459417 -0.416952 0.784275
vn 0.222397 -0.177055 0.958745
vn 0.800165 -0.447099 -0.399799
vn 0.576175 -0.300617 -0.760035
vn 0.524718 -0.360066 -0.771378
vn 0.738708 -0.533619 -0.411778
vn 0.288239 -0.116216 -0.950480
vn 0.260214 -0.147727 -0.954183
vn 0.222397 -0.177055 -0.958745
vn 0.459417 -0.416952 -0.784275
vn 0.659929 -0.619837 -0.424612
vn -0.201523 0.207871 -0.957172
vn -0.490244 0.406667 -0.770898
vn -0.445795 0.440917 -0.779012
vn -0.182199 0.216682 -0.959089
vn -0.718679 0.562331 -0.409004
vn -0.660664 0.623060 -0.418710
vn -0.596402 0.678976 -0.428131
vn -0.399165 0.470000 -0.787253
vn -0.164355 0.221852 -0.961129
vn -0.718679 0.562331 0.409004
vn -0.490244 0.406667 0.770898
vn -0.445795 0.440917 0.779012
vn -0.660664 0.623060 0.418710
vn -0.201523 0.207871 0.957172
vn -0.182199 0.216682 0.959089
vn -0.164355 0.221852 0.961129
vn -0.399165 0.470000 0.787253
vn -0.596402 0.678976 0.428131
vn 0.750334 0.522530 0.404922
vn 0.521251 0.371635 0.768235
vn 0.520547 0.378281 0.765463
vn 0.750399 0.525008 0.401582
vn 0.228810 0.178908 0.956890
vn 0.226227 0.187166 0.955924
vn 0.230506 0.198145 0.952683
vn 0.527771 0.384902 0.757172
vn 0.755595 0.523458 0.393786
vn -0.265559 -0.143435 0.953365
vn -0.556179 -0.332055 0.761843
vn -0.554984 -0.339989 0.759210
vn -0.269627 -0.142435 0.952373
vn -0.781589 -0.478851 0.399776
vn -0.772469 -0.494849 0.398015
vn -0.769967 -0.500561 0.395715
vn -0.556541 -0.338239 0.758852
vn -0.272252 -0.134472 0.952783
vn -0.781589 -0.478851 -0.399775
vn -0.556179 -0.332054 -0.761843
vn -0.554984 -0.339989 -0.759210
vn -0.772469 -0.494849 -0.398015
vn -0.265559 -0.143435 -0.953365
vn -0.269627 -0.142435 -0.952373
vn -0.272252 -0.134472 -0.952783
vn -0.556541 -0.338239 -0.758852
vn -0.769967 -0.500561 -0.395715
vn 0.228810 0.178908 -0.956890
vn 0.521251 0.371635 -0.768235
vn 0.520547 0.378281 -0.765463
vn 0.226227 0.187166 -0.955924
vn 0.750334 0.522530 -0.404922
vn 0.750399 0.525008 -0.401582
vn 0.755595 0.523458 -0.393786
vn 0.527771 0.384902 -0.757172
vn 0.230506 0.198145 -0.952683
vn -0.136709 0.239474 0.961230
vn -0.227971 0.546740 0.805670
vn -0.265560 0.533487 0.803038
vn -0.138910 0.236802 0.961576
vn -0.311350 0.832663 0.457967
vn -0.381665 0.804374 0.455318
vn -0.453113 0.770760 0.447904
vn -0.304398 0.517135 0.799945
vn -0.140221 0.232198 0.962508
vn -0.010422 -0.251321 0.967848
vn 0.057088 -0.245168 0.967798
vn 0.174978 -0.548182 0.817851
vn 0.059124 -0.567120 0.821510
vn 0.125242 -0.226738 0.965870
vn 0.291823 -0.511595 0.808152
vn 0.441715 -0.773376 0.454729
vn 0.287051 -0.835419 0.468698
vn 0.129685 -0.871605 0.472744
vn -0.010422 -0.251321 -0.967848
vn 0.059124 -0.567120 -0.821510
vn 0.174978 -0.548182 -0.817851
vn 0.057088 -0.245168 -0.967798
vn 0.129685 -0.871605 -0.472744
vn 0.287051 -0.835419 -0.468698
vn 0.441715 -0.773376 -0.454729
vn 0.291823 -0.511595 -0.808152
vn 0.125242 -0.226738 -0.965870
vn -0.136709 0.239474 -0.961230
vn -0.138910 0.236802 -0.961576
vn -0.265560 0.533487 -0.803038
vn -0.227972 0.546740 -0.805670
vn -0.140221 0.232198 -0.962508
vn -0.304398 0.517135 -0.799945
vn -0.453113 0.770760 -0.447904
vn -0.381665 0.804374 -0.455318
vn -0.311351 0.832663 -0.457966
vn 0.328462 0.004536 0.944506
vn 0.688709 -0.006616 0.725008
vn 0.667417 0.145918 0.730249
vn 0.314639 0.084649 0.945430
vn 0.932048 -0.010137 0.362193
vn 0.910147 0.189081 0.368619
vn 0.846301 0.376661 0.376697
vn 0.608410 0.287903 0.739560
vn 0.278182 0.158714 0.947325
vn -0.312855 0.046787 0.948648
vn -0.298813 -0.014130 0.954207
vn -0.654908 -0.066060 0.752816
vn -0.674142 0.084906 0.733705
vn -0.292097 -0.070485 0.953788
vn -0.621372 -0.208730 0.755201
vn -0.865311 -0.319238 0.386424
vn -0.919009 -0.103490 0.380411
vn -0.924574 0.116532 0.362745
vn -0.312855 0.046787 -0.948648
vn -0.674142 0.084906 -0.733705
vn -0.654908 -0.066060 -0.752816
vn -0.298813 -0.014130 -0.954207
vn -0.924574 0.116532 -0.362745
vn -0.919009 -0.103490 -0.380411
vn -0.865311 -0.319238 -0.386424
vn -0.621372 -0.208730 -0.755201
vn -0.292097 -0.070485 -0.953788
vn 0.328462 0.004536 -0.944506
vn 0.314639 0.084649 -0.945430
vn 0.667417 0.145918 -0.730249
vn 0.688708 -0.006616 -0.725008
vn 0.278182 0.158714 -0.947325
vn 0.608410 0.287903 -0.739560
vn 0.846301 0.376661 -0.376697
vn 0.910147 0.189081 -0.368619
vn 0.932048 -0.010137 -0.362193
vn 0.314538 -0.061188 0.947271
vn 0.318637 -0.040557 0.947009
vn 0.656678 -0.146287 0.739847
vn 0.639429 -0.192289 0.744416
vn 0.319685 -0.024619 0.947204
vn 0.666538 -0.103545 0.738245
vn 0.913972 -0.160466 0.372701
vn 0.899726 -0.224729 0.374153
vn 0.877595 -0.292191 0.380068
vn 0.314538 -0.061188 -0.947271
vn 0.639429 -0.192289 -0.744416
vn 0.656678 -0.146287 -0.739847
vn 0.318637 -0.040557 -0.947009
vn 0.877595 -0.292191 -0.380068
vn 0.899725 -0.224729 -0.374153
vn 0.913972 -0.160466 -0.372701
vn 0.666538 -0.103545 -0.738245
vn 0.319685 -0.024619 -0.947204
vn -0.246563 0.174739 -0.953243
vn -0.270873 0.148954 -0.951021
vn -0.613065 0.263650 -0.744742
vn -0.574661 0.319583 -0.753414
vn -0.293352 0.117910 -0.948705
vn -0.643156 0.202527 -0.738467
vn -0.889724 0.262094 -0.373762
vn -0.859154 0.344603 -0.378291
vn -0.818404 0.424464 -0.387357
vn -0.246563 0.174739 0.953243
vn -0.574661 0.319583 0.753414
vn -0.613065 0.263650 0.744742
vn -0.270873 0.148954 0.951021
vn -0.818404 0.424465 0.387357
vn -0.859154 0.344603 0.378291
vn -0.889724 0.262094 0.373762
vn -0.643156 0.202527 0.738467
vn -0.293352 0.117910 0.948705
vn -0.237097 -0.161799 0.957918
vn -0.208518 -0.176877 0.961891
vn -0.426567 -0.434031 0.793510
vn -0.502272 -0.381032 0.776233
vn -0.176502 -0.197177 0.964349
vn -0.325334 -0.491275 0.807964
vn -0.456209 -0.768375 0.448857
vn -0.616571 -0.660387 0.428635
vn -0.721690 -0.557700 0.410042
vn -0.237097 -0.161799 -0.957918
vn -0.502272 -0.381032 -0.776233
vn -0.426567 -0.434032 -0.793510
vn -0.208518 -0.176877 -0.961891
vn -0.721690 -0.557700 -0.410042
vn -0.616571 -0.660388 -0.428635
vn -0.456209 -0.768375 -0.448857
vn -0.325335 -0.491275 -0.807964
vn -0.176502 -0.197177 -0.964349
vn 0.190559 0.202844 -0.960490
vn 0.129602 0.233972 -0.963567
vn 0.343085 0.503509 -0.792951
vn 0.451849 0.433514 -0.779678
vn 0.050841 0.259508 -0.964402
vn 0.195393 0.561365 -0.804171
vn 0.329280 0.832447 -0.445652
vn 0.525796 0.733889 -0.430053
vn 0.662505 0.623206 -0.415574
vn 0.190559 0.202844 0.960490
vn 0.451849 0.433514 0.779678
vn 0.343085 0.503509 0.792951
vn 0.129602 0.233972 0.963567
vn 0.662505 0.623206 0.415574
vn 0.525796 0.733889 0.430053
vn 0.329280 0.832447 0.445652
vn 0.195393 0.561365 0.804171
vn 0.050841 0.259508 0.964402
vn -0.268621 -0.181476 0.945996
vn -0.679142 -0.119455 0.724222
vn -0.207854 -0.949351 0.235647
vn -0.068866 -0.970550 0.230846
vn -0.932012 -0.183495 0.312542
vn -0.209973 -0.974616 0.077690
vn -0.028742 -0.999074 0.032015
vn -0.268621 -0.181476 -0.945996
vn -0.068866 -0.970550 -0.230846
vn -0.207854 -0.949351 -0.235647
vn -0.679142 -0.119455 -0.724222
vn -0.028742 -0.999074 -0.032015
vn -0.209973 -0.974616 -0.077690
vn -0.932012 -0.183495 -0.312542
vn 0.932012 -0.183495 -0.312542
vn 0.209973 -0.974616 -0.077690
vn 0.207854 -0.949351 -0.235647
vn 0.679142 -0.119455 -0.724222
vn 0.028742 -0.999074 -0.032015
vn 0.068866 -0.970550 -0.230846
vn 0.268621 -0.181476 -0.945996
vn 0.268621 -0.181476 0.945996
vn 0.068866 -0.970550 0.230846
vn 0.207854 -0.949351 0.235647
vn 0.679142 -0.119455 0.724222
vn 0.028742 -0.999074 0.032015
vn 0.209973 -0.974616 0.077690
vn 0.932012 -0.183495 0.312542
vn -0.057030 -0.996026 0.068411
vn 0.324441 -0.910849 0.255132
vn 0.512933 -0.674796 0.530614
vn 0.157600 -0.978066 0.136194
vn 0.607106 -0.752321 0.255804
vn 0.678536 -0.516272 0.522543
vn 0.759171 -0.180963 0.625229
vn 0.672209 -0.212771 0.709129
vn 0.590115 -0.188076 0.785106
vn 0.491122 -0.522130 0.697266
vn 0.254168 -0.749516 0.611249
vn 0.266525 -0.909323 0.319525
vn 0.093095 -0.989279 -0.112522
vn -0.566148 -0.780395 0.265442
vn -0.256533 -0.930236 0.262396
vn -0.471329 -0.692101 0.546668
vn -0.654945 -0.531726 0.536949
vn 0.134465 -0.988505 0.069116
vn -0.081431 -0.987024 0.138393
vn -0.015509 -0.993690 -0.111088
vn -0.199496 -0.923434 0.327827
vn -0.197850 -0.758630 0.620754
vn -0.458181 -0.532178 0.711939
vn -0.581753 -0.185287 0.791980
vn -0.663766 -0.209334 0.718048
vn -0.749461 -0.177609 0.637780
vn -0.197850 -0.758630 -0.620755
vn -0.199496 -0.923434 -0.327828
vn -0.471329 -0.692101 -0.546668
vn -0.458181 -0.532178 -0.711938
vn -0.015509 -0.993690 0.111087
vn -0.081431 -0.987024 -0.138393
vn 0.134465 -0.988505 -0.069115
vn -0.256532 -0.930236 -0.262396
vn -0.566146 -0.780397 -0.265442
vn -0.654944 -0.531727 -0.536950
vn -0.749462 -0.177608 -0.637779
vn -0.663767 -0.209334 -0.718048
vn -0.581753 -0.185287 -0.791980
vn 0.607107 -0.752320 -0.255803
vn 0.324441 -0.910849 -0.255131
vn 0.512932 -0.674796 -0.530614
vn 0.678537 -0.516272 -0.522542
vn -0.057030 -0.996026 -0.068411
vn 0.157599 -0.978067 -0.136193
vn 0.093095 -0.989279 0.112522
vn 0.266525 -0.909323 -0.319525
vn 0.254168 -0.749516 -0.611248
vn 0.491121 -0.522130 -0.697267
vn 0.590114 -0.188076 -0.785107
vn 0.672209 -0.212770 -0.709129
vn 0.759172 -0.180962 -0.625228
vn -0.272729 0.525105 0.806153
vn -0.567259 0.524025 0.635306
vn -0.339832 0.861713 0.376783
vn -0.173263 0.849846 0.497737
vn -0.774604 0.538961 0.330923
vn -0.454109 0.869368 0.194897
vn -0.390125 0.906789 0.159800
vn -0.279354 0.908094 0.311973
vn -0.141022 0.892466 0.428505
vn -0.774604 0.538961 -0.330923
vn -0.567259 0.524025 -0.635307
vn -0.339832 0.861712 -0.376784
vn -0.454109 0.869368 -0.194897
vn -0.272729 0.525105 -0.806153
vn -0.173263 0.849845 -0.497737
vn -0.141022 0.892466 -0.428505
vn -0.279354 0.908094 -0.311973
vn -0.390125 0.906789 -0.159800
vn 0.276238 0.539452 -0.795414
vn 0.558999 0.554872 -0.616147
vn 0.339832 0.861713 -0.376783
vn 0.173263 0.849846 -0.497737
vn 0.749857 0.580359 -0.317645
vn 0.454109 0.869368 -0.194897
vn 0.390125 0.906789 -0.159800
vn 0.279354 0.908094 -0.311973
vn 0.141022 0.892466 -0.428505
vn 0.749857 0.580359 0.317645
vn 0.558999 0.554872 0.616147
vn 0.339832 0.861712 0.376784
vn 0.454109 0.869368 0.194897
vn 0.276238 0.539452 0.795415
vn 0.173263 0.849845 0.497737
vn 0.141022 0.892466 0.428505
vn 0.279354 0.908094 0.311973
vn 0.390125 0.906789 0.159800
vn -0.313950 0.000343 0.949440
vn -0.672537 -0.023418 0.739693
vn -0.671729 -0.028063 0.740266
vn -0.312191 -0.002043 0.950017
vn -0.926263 -0.041557 0.374579
vn -0.926304 -0.046828 0.373855
vn -0.926271 -0.028577 0.375772
vn -0.671394 -0.012656 0.740993
vn -0.313175 0.012467 0.949614
vn -0.926263 -0.041557 -0.374579
vn -0.672537 -0.023418 -0.739693
vn -0.671729 -0.028064 -0.740266
vn -0.926304 -0.046828 -0.373855
vn -0.313950 0.000343 -0.949440
vn -0.312191 -0.002043 -0.950017
vn -0.313175 0.012467 -0.949614
vn -0.671394 -0.012656 -0.740993
vn -0.926271 -0.028577 -0.375772
vn 0.312043 0.045210 -0.948992
vn 0.669375 0.072819 -0.739347
vn 0.670211 0.073894 -0.738483
vn 0.312028 0.045475 -0.948984
vn 0.922936 0.091069 -0.374027
vn 0.923260 0.093686 -0.372577
vn 0.921646 0.104188 -0.373782
vn 0.669613 0.083740 -0.737974
vn 0.313186 0.057518 -0.947948
vn 0.922936 0.091069 0.374027
vn 0.669375 0.072819 0.739347
vn 0.670211 0.073894 0.738483
vn 0.923260 0.093686 0.372577
vn 0.312043 0.045210 0.948992
vn 0.312028 0.045475 0.948984
vn 0.313186 0.057518 0.947948
vn 0.669613 0.083740 0.737974
vn 0.921646 0.104188 0.373782
vn -0.318646 0.007878 0.947841
vn -0.320276 0.014319 0.947216
vn -0.673969 0.015204 0.738603
vn -0.673482 -0.002531 0.739200
vn -0.318844 0.021635 0.947560
vn -0.673225 0.034349 0.738639
vn -0.924743 0.043527 0.378096
vn -0.925264 0.015507 0.379008
vn -0.925573 -0.010767 0.378416
vn -0.318646 0.007878 -0.947841
vn -0.673482 -0.002531 -0.739200
vn -0.673969 0.015204 -0.738603
vn -0.320276 0.014319 -0.947216
vn -0.925573 -0.010767 -0.378416
vn -0.925264 0.015507 -0.379008
vn -0.924743 0.043527 -0.378096
vn -0.673225 0.034349 -0.738639
vn -0.318844 0.021635 -0.947560
vn 0.923734 0.051127 -0.379606
vn 0.669701 0.042410 -0.741419
vn 0.669586 0.015262 -0.742578
vn 0.924280 0.015599 -0.381397
vn 0.314863 0.029025 -0.948693
vn 0.315082 0.014323 -0.948957
vn 0.315049 -0.000287 -0.949075
vn 0.670272 -0.012147 -0.742016
vn 0.924712 -0.020477 -0.380116
vn 0.314863 0.029025 0.948693
vn 0.669700 0.042410 0.741419
vn 0.669586 0.015262 0.742578
vn 0.315081 0.014323 0.948957
vn 0.923734 0.051127 0.379606
vn 0.924280 0.015599 0.381397
vn 0.924712 -0.020477 0.380116
vn 0.670272 -0.012147 0.742016
vn 0.315049 -0.000287 0.949075
vn 0.923282 0.037878 0.382252
vn 0.770125 -0.558403 0.308372
vn 0.568414 -0.558309 0.604315
vn 0.669439 0.052057 0.741041
vn -0.073489 -0.996368 -0.043004
vn -0.040737 -0.994456 -0.096938
vn 0.008901 -0.992722 -0.120102
vn 0.285512 -0.549106 0.785472
vn 0.317128 0.035094 0.947733
vn -0.923791 0.037892 0.381017
vn -0.671537 0.052041 0.739141
vn -0.533883 -0.572996 0.621808
vn -0.749985 -0.578648 0.320451
vn -0.319555 0.035148 0.946916
vn -0.240947 -0.556282 0.795296
vn 0.068654 -0.990577 -0.118505
vn 0.116488 -0.988683 -0.094536
vn 0.146991 -0.988276 -0.041288
vn -0.319555 0.035148 -0.946916
vn -0.671537 0.052041 -0.739141
vn -0.533883 -0.572996 -0.621808
vn -0.240947 -0.556282 -0.795296
vn -0.923791 0.037892 -0.381017
vn -0.749985 -0.578648 -0.320451
vn 0.146991 -0.988276 0.041288
vn 0.116488 -0.988683 0.094536
vn 0.068654 -0.990577 0.118507
vn 0.923282 0.037874 -0.382252
vn 0.669439 0.052053 -0.741042
vn 0.568412 -0.558315 -0.604311
vn 0.770122 -0.558409 -0.308369
vn 0.317129 0.035094 -0.947733
vn 0.285510 -0.549107 -0.785472
vn 0.008900 -0.992721 0.120105
vn -0.040742 -0.994456 0.096942
vn -0.073493 -0.996368 0.043005
vn 0.831885 -0.452569 0.321168
vn 0.901814 -0.252512 0.350670
vn 0.658175 -0.246369 0.711412
vn 0.606800 -0.455521 0.651379
vn 0.927931 -0.054575 0.368736
vn 0.674004 -0.040983 0.737590
vn 0.311545 -0.050406 0.948894
vn 0.305844 -0.237756 0.921917
vn 0.291035 -0.429093 0.855090
vn -0.820362 -0.466767 0.330357
vn -0.584609 -0.465931 0.664184
vn -0.647940 -0.251034 0.719135
vn -0.897747 -0.258927 0.356381
vn -0.260671 -0.433402 0.862678
vn -0.289647 -0.239209 0.926760
vn -0.308086 -0.050629 0.950010
vn -0.672271 -0.041802 0.739124
vn -0.927412 -0.055779 0.369860
vn -0.260671 -0.433402 -0.862678
vn -0.584609 -0.465931 -0.664184
vn -0.647941 -0.251034 -0.719135
vn -0.289647 -0.239209 -0.926760
vn -0.820362 -0.466767 -0.330357
vn -0.897747 -0.258925 -0.356381
vn -0.927412 -0.055778 -0.369860
vn -0.672271 -0.041802 -0.739124
vn -0.308086 -0.050629 -0.950010
vn 0.831884 -0.452569 -0.321169
vn 0.606801 -0.455521 -0.651378
vn 0.658175 -0.246369 -0.711412
vn 0.901814 -0.252513 -0.350670
vn 0.291035 -0.429092 -0.855090
vn 0.305844 -0.237756 -0.921917
vn 0.311545 -0.050406 -0.948894
vn 0.674004 -0.040983 -0.737590
vn 0.927931 -0.054575 -0.368736
vn 0.400142 -0.901468 0.165052
vn 0.563703 -0.795512 0.222260
vn 0.419913 -0.796619 0.434824
vn 0.296823 -0.908596 0.293852
vn 0.681005 -0.681543 0.267827
vn 0.505746 -0.678201 0.533164
vn 0.258428 -0.660860 0.704613
vn 0.224932 -0.782623 0.580437
vn 0.180286 -0.897493 0.402497
vn -0.338247 -0.925701 0.169313
vn -0.229910 -0.926059 0.299260
vn -0.366965 -0.816870 0.445040
vn -0.518798 -0.823468 0.229671
vn -0.111043 -0.906911 0.406426
vn -0.166022 -0.792228 0.587206
vn -0.209759 -0.669150 0.712909
vn -0.465225 -0.696473 0.546343
vn -0.650634 -0.706964 0.277269
vn -0.111044 -0.906911 -0.406426
vn -0.229911 -0.926058 -0.299260
vn -0.366965 -0.816870 -0.445040
vn -0.166022 -0.792228 -0.587207
vn -0.338247 -0.925701 -0.169313
vn -0.518798 -0.823468 -0.229671
vn -0.650634 -0.706964 -0.277269
vn -0.465225 -0.696473 -0.546343
vn -0.209759 -0.669150 -0.712909
vn 0.400142 -0.901468 -0.165052
vn 0.296823 -0.908596 -0.293852
vn 0.419913 -0.796619 -0.434824
vn 0.563702 -0.795513 -0.222260
vn 0.180287 -0.897493 -0.402497
vn 0.224932 -0.782623 -0.580437
vn 0.258428 -0.660860 -0.704612
vn 0.505746 -0.678201 -0.533164
vn 0.681005 -0.681543 -0.267827
vn 0.039239 -0.993955 -0.102536
vn 0.089028 -0.994484 -0.055451
vn 0.039489 -0.999220 -0.000000
vn -0.010498 -0.998393 -0.055698
vn 0.131423 -0.991327 0.000000
vn 0.089029 -0.994484 0.055452
vn 0.039240 -0.993955 0.102537
vn -0.010498 -0.998393 0.055698
vn -0.053508 -0.998567 -0.000000
vn 0.207457 0.929474 0.305023
vn 0.507139 0.781019 0.364445
vn 0.414527 0.655384 0.631378
vn 0.168379 0.773127 0.611492
vn 0.756910 0.484699 0.438354
vn 0.634130 0.426720 0.644817
vn 0.462822 0.334643 0.820859
vn 0.277708 0.462661 0.841916
vn 0.106308 0.521679 0.846493
vn -0.775014 0.471052 0.421264
vn -0.551418 0.757526 0.349418
vn -0.456610 0.642028 0.615879
vn -0.655607 0.417985 0.628863
vn -0.275996 0.913747 0.298147
vn -0.226714 0.764382 0.603590
vn -0.151514 0.524756 0.837660
vn -0.321065 0.466876 0.823981
vn -0.496335 0.336507 0.800259
vn -0.183314 -0.800600 0.570470
vn -0.493578 -0.638564 0.590438
vn -0.464703 -0.569994 0.677612
vn -0.177895 -0.741528 0.646908
vn -0.772024 -0.286321 0.567449
vn -0.696607 -0.232106 0.678871
vn -0.584630 -0.160942 0.795177
vn -0.406817 -0.467175 0.785014
vn -0.161774 -0.643085 0.748512
vn 0.779348 -0.278826 0.561135
vn 0.528479 -0.621651 0.578153
vn 0.497696 -0.557375 0.664554
vn 0.705029 -0.227371 0.671742
vn 0.242617 -0.789321 0.564012
vn 0.233277 -0.732174 0.639924
vn 0.210269 -0.637026 0.741610
vn 0.436692 -0.460478 0.772826
vn 0.591527 -0.159538 0.790344
vn -0.285404 0.916566 0.280090
vn -0.333349 0.739002 0.585452
vn -0.605407 0.633552 0.481762
vn -0.596416 0.769859 0.227168
vn -0.392008 0.443541 0.805979
vn -0.607463 0.402900 0.684588
vn -0.782323 0.336683 0.524037
vn -0.806849 0.480648 0.343471
vn -0.816491 0.556239 0.154725
vn -0.392007 0.443541 -0.805979
vn -0.333349 0.739002 -0.585453
vn -0.605407 0.633551 -0.481763
vn -0.607463 0.402900 -0.684588
vn -0.285404 0.916566 -0.280090
vn -0.596416 0.769859 -0.227168
vn -0.816491 0.556239 -0.154725
vn -0.806849 0.480648 -0.343471
vn -0.782322 0.336683 -0.524038
vn -0.581218 -0.776044 -0.244828
vn -0.577465 -0.592190 -0.562001
vn -0.670058 -0.525661 -0.524121
vn -0.658562 -0.715193 -0.234084
vn -0.528318 -0.249457 -0.811574
vn -0.650237 -0.198817 -0.733255
vn -0.774317 -0.133813 -0.618488
vn -0.776548 -0.432419 -0.458244
vn -0.751622 -0.624795 -0.211413
vn -0.528318 -0.249457 0.811573
vn -0.577465 -0.592190 0.562001
vn -0.670057 -0.525661 0.524121
vn -0.650237 -0.198817 0.733255
vn -0.581219 -0.776044 0.244829
vn -0.658561 -0.715194 0.234084
vn -0.751621 -0.624796 0.211414
vn -0.776546 -0.432421 0.458245
vn -0.774318 -0.133814 0.618487
vn -0.275996 0.913747 -0.298148
vn -0.551417 0.757526 -0.349419
vn -0.456610 0.642029 -0.615879
vn -0.226714 0.764382 -0.603590
vn -0.775013 0.471052 -0.421265
vn -0.655607 0.417985 -0.628863
vn -0.496335 0.336508 -0.800259
vn -0.321065 0.466877 -0.823980
vn -0.151514 0.524756 -0.837660
vn 0.756910 0.484700 -0.438354
vn 0.507139 0.781018 -0.364446
vn 0.414527 0.655384 -0.631378
vn 0.634130 0.426721 -0.644817
vn 0.207457 0.929474 -0.305023
vn 0.168379 0.773127 -0.611492
vn 0.106308 0.521679 -0.846493
vn 0.277708 0.462661 -0.841917
vn 0.462822 0.334643 -0.820859
vn 0.242617 -0.789321 -0.564013
vn 0.528479 -0.621651 -0.578153
vn 0.497696 -0.557374 -0.664555
vn 0.233277 -0.732174 -0.639925
vn 0.779348 -0.278826 -0.561136
vn 0.705029 -0.227371 -0.671742
vn 0.591528 -0.159538 -0.790343
vn 0.436692 -0.460478 -0.772826
vn 0.210269 -0.637027 -0.741609
vn -0.772024 -0.286321 -0.567449
vn -0.493578 -0.638564 -0.590438
vn -0.464703 -0.569994 -0.677612
vn -0.696606 -0.232106 -0.678871
vn -0.183314 -0.800599 -0.570471
vn -0.177896 -0.741528 -0.646908
vn -0.161774 -0.643086 -0.748512
vn -0.406817 -0.467175 -0.785014
vn -0.584629 -0.160941 -0.795177
vn 0.279360 0.919377 -0.276953
vn 0.328522 0.744184 -0.581604
vn 0.602804 0.638150 -0.478949
vn 0.592836 0.773239 -0.225049
vn 0.389678 0.448346 -0.804448
vn 0.606400 0.406999 -0.683103
vn 0.803157 0.325354 -0.499082
vn 0.837093 0.447036 -0.315333
vn 0.852735 0.504020 -0.137137
vn 0.389678 0.448346 0.804448
vn 0.328521 0.744184 0.581605
vn 0.602804 0.638151 0.478948
vn 0.606402 0.407000 0.683102
vn 0.279360 0.919377 0.276954
vn 0.592835 0.773240 0.225050
vn 0.852736 0.504019 0.137137
vn 0.837093 0.447036 0.315331
vn 0.803157 0.325354 0.499082
vn 0.579622 -0.778098 0.242077
vn 0.576909 -0.596295 0.558220
vn 0.669528 -0.529325 0.521101
vn 0.657204 -0.717205 0.231733
vn 0.528907 -0.252784 0.810159
vn 0.650713 -0.201414 0.732124
vn 0.777904 -0.134988 0.613713
vn 0.778868 -0.432088 0.454604
vn 0.754630 -0.622068 0.208723
vn 0.528907 -0.252784 -0.810159
vn 0.576909 -0.596295 -0.558220
vn 0.669528 -0.529325 -0.521101
vn 0.650713 -0.201414 -0.732124
vn 0.579622 -0.778098 -0.242077
vn 0.657204 -0.717205 -0.231733
vn 0.754630 -0.622068 -0.208723
vn 0.778869 -0.432088 -0.454603
vn 0.777906 -0.134988 -0.613711
vn 0.842466 0.481142 -0.242394
vn 0.852394 0.506199 -0.131100
vn 0.537706 0.770549 -0.342238
vn 0.518428 0.720228 -0.460982
vn 0.853064 0.519673 0.047135
vn 0.556039 0.819283 -0.139987
vn 0.227114 0.943191 -0.242508
vn 0.220825 0.871827 -0.437211
vn 0.207012 0.809618 -0.549241
vn -0.864596 0.500967 0.038813
vn -0.862659 0.487922 -0.133236
vn -0.577664 0.744242 -0.335274
vn -0.597654 0.789473 -0.139791
vn -0.852240 0.464393 -0.240885
vn -0.556631 0.697618 -0.451101
vn -0.266210 0.796731 -0.542542
vn -0.284186 0.856169 -0.431525
vn -0.295447 0.924735 -0.239950
vn -0.181255 -0.778837 0.600466
vn -0.180933 -0.751922 0.633937
vn -0.485498 -0.644461 0.590730
vn -0.490957 -0.651641 0.578208
vn -0.175492 -0.728254 0.662457
vn -0.485932 -0.632144 0.603543
vn -0.843996 -0.347522 0.408533
vn -0.829993 -0.350696 0.433732
vn -0.819317 -0.335247 0.465113
vn 0.826082 -0.325460 0.460070
vn 0.836790 -0.340231 0.428983
vn 0.520827 -0.627113 0.579196
vn 0.526429 -0.633848 0.566665
vn 0.850312 -0.336949 0.404272
vn 0.520488 -0.615389 0.591936
vn 0.229630 -0.719060 0.655914
vn 0.236586 -0.741899 0.627386
vn 0.238883 -0.768147 0.594042
vn 0.225869 0.423193 0.877434
vn 0.127908 0.444393 0.886654
vn 0.332887 0.713490 0.616538
vn 0.444374 0.669239 0.595526
vn -0.028296 0.458033 0.888485
vn 0.145415 0.758291 0.635492
vn 0.253842 0.918507 0.303166
vn 0.442712 0.847416 0.293075
vn 0.551676 0.787497 0.274778
vn -0.028296 0.458033 -0.888485
vn 0.127908 0.444393 -0.886654
vn 0.332887 0.713490 -0.616538
vn 0.145415 0.758291 -0.635491
vn 0.225869 0.423193 -0.877434
vn 0.444374 0.669239 -0.595526
vn 0.551676 0.787497 -0.274777
vn 0.442712 0.847416 -0.293075
vn 0.253842 0.918507 -0.303166
vn -0.606524 -0.756957 -0.243196
vn -0.637590 -0.731366 -0.242040
vn -0.570329 -0.600840 -0.560104
vn -0.559670 -0.606491 -0.564746
vn -0.664662 -0.709197 -0.235081
vn -0.581615 -0.590292 -0.559713
vn -0.369518 -0.304173 -0.878029
vn -0.393035 -0.307194 -0.866692
vn -0.422846 -0.293292 -0.857427
vn -0.422846 -0.293292 0.857427
vn -0.393035 -0.307194 0.866692
vn -0.570329 -0.600840 0.560104
vn -0.559670 -0.606491 0.564746
vn -0.369518 -0.304173 0.878029
vn -0.581615 -0.590292 0.559713
vn -0.664662 -0.709197 0.235081
vn -0.637590 -0.731366 0.242040
vn -0.606524 -0.756957 0.243196
vn -0.852241 0.464393 0.240884
vn -0.862659 0.487921 0.133235
vn -0.577665 0.744242 0.335273
vn -0.556632 0.697618 0.451100
vn -0.864596 0.500966 -0.038814
vn -0.597655 0.789473 0.139790
vn -0.295447 0.924735 0.239950
vn -0.284186 0.856169 0.431525
vn -0.266210 0.796731 0.542542
vn 0.853064 0.519673 -0.047135
vn 0.852394 0.506198 0.131100
vn 0.537707 0.770548 0.342238
vn 0.556039 0.819283 0.139987
vn 0.842466 0.481141 0.242393
vn 0.518429 0.720228 0.460981
vn 0.207012 0.809618 0.549240
vn 0.220825 0.871827 0.437211
vn 0.227114 0.943191 0.242508
vn 0.238883 -0.768147 -0.594042
vn 0.236586 -0.741899 -0.627386
vn 0.520827 -0.627113 -0.579196
vn 0.526429 -0.633848 -0.566665
vn 0.229629 -0.719060 -0.655914
vn 0.520486 -0.615390 -0.591937
vn 0.850312 -0.336948 -0.404272
vn 0.836790 -0.340231 -0.428982
vn 0.826082 -0.325460 -0.460070
vn -0.819318 -0.335245 -0.465112
vn -0.829994 -0.350695 -0.433731
vn -0.485498 -0.644461 -0.590730
vn -0.490958 -0.651641 -0.578208
vn -0.843996 -0.347522 -0.408533
vn -0.485931 -0.632145 -0.603543
vn -0.175492 -0.728254 -0.662457
vn -0.180933 -0.751922 -0.633937
vn -0.181255 -0.778837 -0.600466
vn -0.230434 0.427013 -0.874391
vn -0.132506 0.448644 -0.883833
vn -0.338182 0.716319 -0.610344
vn -0.448967 0.671588 -0.589404
vn 0.024061 0.462739 -0.886168
vn -0.151441 0.761959 -0.629669
vn -0.259237 0.918483 -0.298638
vn -0.446544 0.846951 -0.288571
vn -0.554496 0.786975 -0.270562
vn 0.024061 0.462739 0.886168
vn -0.132506 0.448644 0.883833
vn -0.338182 0.716319 0.610344
vn -0.151441 0.761959 0.629669
vn -0.230434 0.427013 0.874391
vn -0.448967 0.671588 0.589404
vn -0.554496 0.786976 0.270561
vn -0.446544 0.846951 0.288570
vn -0.259237 0.918483 0.298638
vn 0.606228 -0.758206 0.240022
vn 0.637960 -0.732119 0.238765
vn 0.572231 -0.603798 0.554959
vn 0.560734 -0.609952 0.559943
vn 0.665409 -0.709572 0.231816
vn 0.584078 -0.592854 0.554416
vn 0.372585 -0.307468 0.875582
vn 0.395612 -0.310622 0.864294
vn 0.424684 -0.296799 0.855309
vn 0.424684 -0.296799 -0.855310
vn 0.395612 -0.310622 -0.864295
vn 0.572230 -0.603799 -0.554959
vn 0.560734 -0.609951 -0.559943
vn 0.372585 -0.307468 -0.875582
vn 0.584079 -0.592855 -0.554414
vn 0.665409 -0.709572 -0.231815
vn 0.637960 -0.732120 -0.238765
vn 0.606228 -0.758206 -0.240022
vn 0.872560 0.437921 -0.216482
vn 0.527392 0.692091 -0.492816
vn 0.532630 0.718064 -0.447984
vn 0.837116 0.539060 -0.093014
vn 0.168925 0.784343 -0.596885
vn 0.270513 0.838254 -0.473448
vn 0.612851 0.790183 0.005045
vn -0.879919 0.423167 -0.216036
vn -0.849856 0.518387 -0.094974
vn -0.568226 0.696032 -0.438928
vn -0.563107 0.670884 -0.482520
vn -0.645242 0.763976 -0.001976
vn -0.327613 0.821054 -0.467482
vn -0.227332 0.774088 -0.590854
vn -0.139500 -0.684873 0.715185
vn -0.196461 -0.599587 0.775821
vn -0.483698 -0.549192 0.681487
vn -0.486093 -0.589558 0.645085
vn -0.457952 -0.370778 0.807963
vn -0.750948 -0.298383 0.589106
vn -0.865041 -0.282419 0.414660
vn 0.869215 -0.274047 0.411538
vn 0.759771 -0.289947 0.581961
vn 0.513231 -0.535928 0.670354
vn 0.517690 -0.574977 0.633560
vn 0.476880 -0.364442 0.799855
vn 0.239511 -0.592984 0.768768
vn 0.191454 -0.678060 0.709633
vn 0.202985 0.383776 0.900840
vn 0.474790 0.643947 0.599923
vn 0.435004 0.667360 0.604485
vn 0.101134 0.482934 0.869797
vn 0.599569 0.766306 0.230849
vn 0.472889 0.810652 0.345280
vn 0.023013 0.741530 0.670525
vn 0.202985 0.383776 -0.900840
vn 0.101134 0.482934 -0.869797
vn 0.435004 0.667360 -0.604485
vn 0.474790 0.643947 -0.599923
vn 0.023013 0.741530 -0.670525
vn 0.472889 0.810652 -0.345280
vn 0.599569 0.766306 -0.230849
vn -0.717777 -0.669066 -0.192736
vn -0.773642 -0.580591 -0.253756
vn -0.655287 -0.515109 -0.552505
vn -0.621346 -0.552640 -0.555444
vn -0.782999 -0.351628 -0.513098
vn -0.549807 -0.272500 -0.789592
vn -0.372279 -0.245201 -0.895145
vn -0.372279 -0.245201 0.895145
vn -0.549808 -0.272500 0.789592
vn -0.655287 -0.515109 0.552505
vn -0.621346 -0.552640 0.555444
vn -0.782999 -0.351628 0.513099
vn -0.773642 -0.580591 0.253756
vn -0.717777 -0.669066 0.192736
vn -0.879920 0.423166 0.216035
vn -0.563105 0.670885 0.482520
vn -0.568222 0.696034 0.438930
vn -0.849857 0.518385 0.094972
vn -0.227332 0.774088 0.590853
vn -0.327612 0.821054 0.467482
vn -0.645244 0.763974 0.001972
vn 0.872560 0.437921 0.216482
vn 0.837115 0.539060 0.093014
vn 0.532629 0.718064 0.447985
vn 0.527392 0.692091 0.492816
vn 0.612851 0.790183 -0.005046
vn 0.270513 0.838254 0.473448
vn 0.168925 0.784343 0.596884
vn 0.191454 -0.678061 -0.709633
vn 0.239511 -0.592984 -0.768768
vn 0.513231 -0.535928 -0.670354
vn 0.517690 -0.574977 -0.633560
vn 0.476880 -0.364442 -0.799854
vn 0.759771 -0.289947 -0.581961
vn 0.869215 -0.274047 -0.411538
vn -0.865041 -0.282419 -0.414660
vn -0.750947 -0.298383 -0.589106
vn -0.483698 -0.549191 -0.681488
vn -0.486093 -0.589558 -0.645085
vn -0.457950 -0.370780 -0.807963
vn -0.196461 -0.599587 -0.775821
vn -0.139500 -0.684873 -0.715184
vn -0.207581 0.387320 -0.898272
vn -0.479439 0.645962 -0.594030
vn -0.440427 0.668986 -0.598733
vn -0.107259 0.486683 -0.866969
vn -0.602219 0.765318 -0.227202
vn -0.478153 0.809636 -0.340382
vn -0.032063 0.743464 -0.668007
vn -0.207581 0.387320 0.898272
vn -0.107258 0.486683 0.866969
vn -0.440427 0.668986 0.598733
vn -0.479439 0.645962 0.594030
vn -0.032063 0.743464 0.668007
vn -0.478153 0.809636 0.340382
vn -0.602219 0.765318 0.227202
vn 0.718235 -0.669351 0.190022
vn 0.773583 -0.581887 0.250952
vn 0.657144 -0.517562 0.547989
vn 0.623679 -0.554919 0.550535
vn 0.783147 -0.353741 0.511417
vn 0.551465 -0.274944 0.787586
vn 0.375185 -0.248098 0.893131
vn 0.375186 -0.248098 -0.893131
vn 0.551466 -0.274945 -0.787585
vn 0.657144 -0.517562 -0.547989
vn 0.623679 -0.554919 -0.550535
vn 0.783148 -0.353743 -0.511415
vn 0.773583 -0.581887 -0.250952
vn 0.718235 -0.669350 -0.190022
vn -0.153839 -0.988096 -0.000000
vn -0.032123 -0.999484 -0.000000
vn -0.957768 -0.287542 -0.000000
vn 0.000000 -0.985405 -0.170225
vn 0.000000 -0.304061 -0.952653
vn 0.000000 -0.999360 -0.035775
vn 0.153839 -0.988096 0.000000
vn 0.957768 -0.287542 0.000000
vn 0.032123 -0.999484 -0.000000
vn -0.000000 -0.985405 0.170225
vn 0.000000 -0.999360 0.035775
vn -0.000000 -0.304061 0.952653
vn 0.996955 -0.077975 -0.000000
vn 0.996028 -0.089038 -0.000000
vn 0.997625 -0.068877 -0.000000
vn 0.672455 -0.069503 -0.736867
vn 0.319607 -0.014882 -0.947433
vn 0.921698 -0.108582 -0.372400
vn 0.968890 -0.247490 0.000000
vn 0.946584 -0.322458 0.000000
vn 0.984336 -0.176303 0.000000
vn 0.672455 -0.069503 0.736867
vn 0.921698 -0.108582 0.372400
vn 0.319607 -0.014882 0.947433
vn -0.993061 0.117597 0.000000
vn -0.995499 0.094769 0.000000
vn -0.988677 0.150062 0.000000
vn -0.660875 0.148624 0.735632
vn -0.307671 0.087444 0.947466
vn -0.908143 0.191217 0.372440
vn -0.930044 0.367448 0.000000
vn -0.890771 0.454452 0.000000
vn -0.960227 0.279222 -0.000000
vn -0.660875 0.148624 -0.735632
vn -0.908143 0.191217 -0.372440
vn -0.307671 0.087444 -0.947466
vn -0.224073 -0.532170 -0.816447
vn -0.293311 -0.837324 -0.461365
vn -0.143330 -0.215204 -0.965994
vn -0.678466 -0.734631 0.000000
vn -0.791258 -0.611482 -0.000000
vn -0.499119 -0.866533 0.000000
vn -0.224073 -0.532170 0.816447
vn -0.143330 -0.215204 0.965994
vn -0.293311 -0.837324 0.461365
vn -0.114052 -0.993475 0.000001
vn -0.065733 -0.997837 0.000000
vn -0.179926 -0.983680 0.000000
vn 0.068227 0.586452 0.807105
vn 0.146460 0.879320 0.453151
vn -0.013903 0.269282 0.962961
vn 0.586431 0.809999 0.000000
vn 0.729114 0.684392 0.000000
vn 0.377306 0.926089 0.000000
vn 0.068227 0.586452 -0.807106
vn -0.013903 0.269282 -0.962961
vn 0.146460 0.879320 -0.453151
vn -0.091582 0.995798 -0.000000
vn 0.016122 0.999870 -0.000000
vn -0.174470 0.984662 0.000000
vn 0.383599 -0.467092 -0.796666
vn 0.563238 -0.700190 -0.438745
vn 0.178171 -0.202729 -0.962889
vn 0.329509 -0.944153 -0.000000
vn 0.157974 -0.987443 0.000000
vn 0.495089 -0.868842 0.000000
vn 0.383599 -0.467092 0.796666
vn 0.178171 -0.202729 0.962889
vn 0.563238 -0.700190 0.438746
vn 0.807550 -0.589800 0.000000
vn 0.869802 -0.493400 0.000000
vn 0.726466 -0.687202 0.000000
vn -0.350743 0.495690 0.794525
vn -0.526323 0.728921 0.437789
vn -0.149211 0.226507 0.962513
vn -0.424855 0.905261 0.000000
vn -0.341723 0.939801 0.000001
vn -0.507258 0.861794 -0.000000
vn -0.350743 0.495690 -0.794526
vn -0.149211 0.226507 -0.962513
vn -0.526323 0.728920 -0.437789
vn -0.731026 0.682350 -0.000000
vn -0.791415 0.611280 -0.000000
vn -0.662609 0.748966 0.000000
vn -0.582359 -0.298460 -0.756161
vn -0.804453 -0.447559 -0.390572
vn -0.281755 -0.111599 -0.952974
vn -0.993525 -0.113614 0.000000
vn -0.991965 0.126514 0.000000
vn -0.935593 -0.353082 0.000000
vn -0.582360 -0.298460 0.756161
vn -0.281755 -0.111599 0.952974
vn -0.804453 -0.447559 0.390572
vn -0.839278 -0.543703 0.000000
vn -0.851418 -0.524487 -0.000000
vn -0.834014 -0.551743 0.000000
vn 0.558569 0.359552 0.747477
vn 0.788890 0.479246 0.384675
vn 0.248905 0.191672 0.949373
vn 0.979449 0.201690 -0.000000
vn 0.999948 -0.010191 -0.000000
vn 0.915801 0.401633 0.000000
vn 0.558569 0.359552 -0.747477
vn 0.248905 0.191673 -0.949373
vn 0.788890 0.479246 -0.384675
vn 0.821800 0.569776 0.000000
vn 0.825319 0.564666 0.000000
vn 0.821982 0.569513 -0.000000
vn -0.025341 -0.569475 -0.821618
vn 0.009818 -0.882258 -0.470663
vn -0.058153 -0.246994 -0.967271
vn -0.025341 -0.569475 0.821618
vn -0.058153 -0.246994 0.967271
vn 0.009818 -0.882258 0.470663
vn -0.185542 0.559896 0.807521
vn -0.239215 0.856525 0.457320
vn -0.127110 0.243925 0.961428
vn -0.185542 0.559895 -0.807522
vn -0.127110 0.243925 -0.961428
vn -0.239215 0.856525 -0.457320
vn -0.668191 0.206616 0.714724
vn -0.901678 0.264030 0.342441
vn -0.313205 0.104347 0.943936
vn -0.013192 0.091951 0.995676
vn -0.014242 0.163479 0.986444
vn -0.007170 0.050131 0.998717
vn 0.685184 -0.080463 0.723912
vn 0.927631 -0.128742 0.350608
vn 0.316805 -0.024168 0.948183
vn 0.006989 0.033188 0.999425
vn -0.007654 0.044346 0.998987
vn 0.007178 0.021491 0.999743
vn -0.668191 0.206616 -0.714724
vn -0.313205 0.104347 -0.943936
vn -0.901678 0.264030 -0.342441
vn -0.929146 0.369712 0.000000
vn -0.936279 0.351258 0.000000
vn -0.929744 0.368207 0.000000
vn 0.685184 -0.080463 -0.723912
vn 0.927631 -0.128742 -0.350608
vn 0.316805 -0.024169 -0.948183
vn -0.013192 0.091951 -0.995676
vn -0.014242 0.163479 -0.986444
vn -0.007170 0.050131 -0.998717
vn 0.006990 0.033188 -0.999425
vn -0.007654 0.044346 -0.998987
vn 0.007178 0.021491 -0.999743
vn 0.988038 -0.154210 -0.000000
vn 0.999881 -0.015452 -0.000001
vn 0.980245 -0.197789 -0.000000
vn 0.613232 -0.244273 -0.751184
vn 0.845115 -0.366385 -0.389285
vn 0.305204 -0.086792 -0.948324
vn 0.613232 -0.244273 0.751184
vn 0.305204 -0.086792 0.948324
vn 0.845115 -0.366386 0.389286
vn -0.533415 0.366522 0.762319
vn -0.771172 0.496458 0.398525
vn -0.223259 0.194016 0.955256
vn -0.533415 0.366522 -0.762319
vn -0.223259 0.194016 -0.955256
vn -0.771172 0.496458 -0.398526
vn -0.541530 -0.345908 -0.766220
vn -0.768021 -0.498204 -0.402413
vn -0.255693 -0.150201 -0.955019
vn -0.541530 -0.345908 0.766220
vn -0.255693 -0.150201 0.955019
vn -0.768021 -0.498204 0.402413
vn 0.502810 0.389509 0.771664
vn 0.725987 0.553236 0.408501
vn 0.219583 0.184343 0.958019
vn 0.502810 0.389509 -0.771664
vn 0.219583 0.184343 -0.958019
vn 0.725987 0.553236 -0.408501
vn -0.672607 0.051148 -0.738231
vn -0.316975 0.028836 -0.947995
vn -0.924219 0.067137 -0.375914
vn -0.999880 0.015518 0.000000
vn -0.999909 -0.013481 0.000000
vn -0.998925 0.046351 0.000000
vn -0.672607 0.051148 0.738231
vn -0.924219 0.067137 0.375914
vn -0.316975 0.028836 0.947995
vn 0.000327 0.015629 -0.999878
vn 0.001987 0.024348 -0.999701
vn -0.000830 0.010615 -0.999943
vn 0.670708 -0.031116 -0.741068
vn 0.924832 -0.046067 -0.377576
vn 0.314207 -0.009818 -0.949304
vn -0.002511 0.013952 -0.999900
vn -0.001852 0.010619 -0.999942
vn -0.001746 0.017730 -0.999841
vn 0.670708 -0.031116 0.741068
vn 0.314207 -0.009818 0.949304
vn 0.924832 -0.046067 0.377576
vn 0.999878 0.015610 0.000000
vn 0.999740 -0.022797 0.000000
vn 0.998574 0.053380 0.000000
vn 0.000327 0.015629 0.999878
vn -0.000830 0.010615 0.999943
vn 0.001987 0.024348 0.999701
vn -0.002511 0.013952 0.999900
vn -0.001746 0.017730 0.999841
vn -0.001852 0.010619 0.999942
vn -0.686642 0.134001 0.714539
vn -0.810944 0.135209 0.569288
vn -0.531904 0.125877 0.837397
vn 0.038463 -0.991095 0.127478
vn 0.037211 -0.933733 -0.356032
vn 0.031432 -0.807570 0.588933
vn 0.686573 0.101573 0.719931
vn 0.507418 0.102866 0.855538
vn 0.838266 0.101972 0.535641
vn -0.686644 0.134001 -0.714538
vn -0.531904 0.125877 -0.837397
vn -0.810945 0.135210 -0.569286
vn -0.078866 -0.996885 0.000000
vn -0.538433 -0.842668 0.000000
vn 0.356463 -0.934309 0.000000
vn 0.686573 0.101574 -0.719931
vn 0.838266 0.101973 -0.535641
vn 0.507417 0.102867 -0.855539
vn 0.038463 -0.991095 -0.127479
vn 0.031432 -0.807570 -0.588934
vn 0.037211 -0.933733 0.356031
vn 0.160210 -0.987083 -0.000000
vn -0.286566 -0.958061 0.000000
vn 0.584493 -0.811399 -0.000000
vn -0.371429 0.829773 -0.416554
vn -0.649998 0.731812 -0.204827
vn -0.175407 0.702765 -0.689460
vn -0.371429 0.829773 0.416554
vn -0.175407 0.702764 0.689460
vn -0.649998 0.731812 0.204827
vn -0.489914 0.871771 0.000000
vn -0.832385 0.554197 0.000000
vn -0.430813 0.902441 0.000000
vn 0.371429 0.829773 -0.416554
vn 0.175407 0.702764 -0.689460
vn 0.649998 0.731812 -0.204827
vn -0.000000 0.846170 -0.532913
vn 0.003123 0.538963 -0.842323
vn -0.000000 0.882749 -0.469845
vn 0.371429 0.829773 0.416554
vn 0.649998 0.731812 0.204827
vn 0.175407 0.702765 0.689460
vn 0.489914 0.871771 0.000000
vn 0.801766 0.597639 0.000000
vn 0.430813 0.902441 0.000000
vn 0.000000 0.846170 0.532913
vn 0.000000 0.882749 0.469845
vn 0.003123 0.538963 0.842323
vn -0.665810 0.104634 -0.738748
vn -0.918649 0.103808 -0.381193
vn -0.314368 0.126767 -0.940799
vn -0.665810 0.104635 0.738748
vn -0.314368 0.126767 0.940799
vn -0.918649 0.103808 0.381193
vn -0.998636 -0.052206 -0.000000
vn -0.998885 -0.047218 0.000000
vn -0.999483 -0.032156 -0.000000
vn 0.659955 0.182967 -0.728686
vn 0.314884 0.164217 -0.934816
vn 0.903224 0.210602 -0.373944
vn 0.000089 0.021318 -0.999773
vn -0.000701 0.021780 -0.999763
vn 0.000264 0.035665 -0.999364
vn 0.659955 0.182967 0.728686
vn 0.903224 0.210602 0.373944
vn 0.314884 0.164217 0.934816
vn 0.995057 0.099310 0.000000
vn 0.995401 0.095801 -0.000000
vn 0.993815 0.111050 0.000000
vn 0.000089 0.021318 0.999773
vn 0.000264 0.035665 0.999364
vn -0.000701 0.021780 0.999763
vn -0.673006 -0.015100 -0.739483
vn -0.925920 -0.029271 -0.376585
vn -0.316348 0.003364 -0.948637
vn -0.673006 -0.015100 0.739483
vn -0.316348 0.003364 0.948637
vn -0.925920 -0.029271 0.376585
vn 0.669494 0.060988 -0.740309
vn 0.313506 0.039018 -0.948784
vn 0.923197 0.075542 -0.376831
vn 0.669494 0.060988 0.740309
vn 0.923197 0.075542 0.376831
vn 0.313506 0.039018 0.948784
vn 0.207754 -0.960074 -0.187339
vn 0.366878 -0.924847 -0.100297
vn 0.129715 -0.918313 -0.373999
vn 0.023526 -0.550335 0.834612
vn -0.000828 0.020496 0.999790
vn 0.039012 -0.991757 -0.122053
vn -0.133151 -0.972762 -0.189751
vn -0.057143 -0.924882 -0.375937
vn -0.300704 -0.948183 -0.102596
vn 0.207756 -0.960073 0.187341
vn 0.129715 -0.918312 0.374002
vn 0.366879 -0.924846 0.100297
vn -0.813546 -0.581501 -0.000000
vn 0.155097 -0.987899 0.000000
vn -0.999737 0.022946 -0.000000
vn -0.133152 -0.972761 0.189753
vn -0.300707 -0.948182 0.102597
vn -0.057143 -0.924881 0.375939
vn 0.023526 -0.550335 -0.834612
vn 0.039012 -0.991756 0.122056
vn -0.000828 0.020496 -0.999790
vn 0.828842 -0.559483 0.000001
vn 0.999739 0.022824 0.000000
vn -0.082633 -0.996580 0.000000
vn -0.672521 0.063412 0.737356
vn -0.925707 0.051209 0.374759
vn -0.316083 0.047720 0.947530
vn 0.008903 -0.234632 0.972044
vn 0.015969 -0.414525 0.909898
vn 0.002298 -0.061571 0.998100
vn 0.670027 0.063828 0.739587
vn 0.312862 0.047881 0.948591
vn 0.925051 0.051677 0.376312
vn -0.672522 0.063411 -0.737356
vn -0.316083 0.047720 -0.947530
vn -0.925707 0.051208 -0.374759
vn -0.965324 -0.261054 -0.000000
vn -0.997620 -0.068954 -0.000001
vn -0.888568 -0.458746 -0.000000
vn 0.670027 0.063828 -0.739587
vn 0.925051 0.051677 -0.376312
vn 0.312862 0.047881 -0.948591
vn 0.008903 -0.234632 -0.972044
vn 0.002298 -0.061571 -0.998100
vn 0.015968 -0.414525 -0.909898
vn 0.967060 -0.254547 -0.000000
vn 0.896058 -0.443937 -0.000000
vn 0.997708 -0.067671 -0.000000
vn -0.527997 -0.591250 0.609625
vn -0.740541 -0.597724 0.307122
vn -0.237573 -0.559382 0.794135
vn 0.030205 -0.774888 0.631377
vn 0.034808 -0.888747 0.457075
vn 0.025403 -0.654539 0.755602
vn 0.559406 -0.576393 0.595681
vn 0.277601 -0.552853 0.785679
vn 0.760665 -0.577140 0.297150
vn -0.527997 -0.591250 -0.609625
vn -0.237574 -0.559382 -0.794135
vn -0.740542 -0.597724 -0.307122
vn -0.571025 -0.820933 0.000000
vn -0.706993 -0.707220 -0.000000
vn -0.391898 -0.920009 -0.000000
vn 0.559407 -0.576393 -0.595681
vn 0.760666 -0.577139 -0.297151
vn 0.277601 -0.552853 -0.785679
vn 0.030204 -0.774887 -0.631378
vn 0.025402 -0.654539 -0.755602
vn 0.034807 -0.888747 -0.457075
vn 0.612265 -0.790653 0.000000
vn 0.450525 -0.892764 -0.000000
vn 0.733401 -0.679796 0.000000
vn -0.099277 -0.982870 0.155278
vn -0.159482 -0.983215 0.088621
vn -0.039757 -0.974706 0.219925
vn 0.174911 -0.972528 0.153606
vn 0.115934 -0.968891 0.218654
vn 0.233272 -0.968492 0.087227
vn -0.099278 -0.982870 -0.155278
vn -0.039758 -0.974707 -0.219924
vn -0.159482 -0.983215 -0.088621
vn 0.174911 -0.972528 -0.153605
vn 0.233272 -0.968492 -0.087226
vn 0.115934 -0.968891 -0.218652
vn 0.024528 0.052489 0.998320
vn 0.034095 0.054017 0.997958
vn 0.013948 0.045693 0.998858
vn 0.024528 0.052489 -0.998320
vn 0.013948 0.045693 -0.998858
vn 0.034095 0.054017 -0.997958
vn -0.038902 0.026372 0.998895
vn -0.023226 0.018994 0.999550
vn -0.061518 0.029327 0.997675
vn -0.095357 0.011745 0.995374
vn -0.089232 0.019814 0.995814
vn -0.096305 0.005252 0.995338
vn -0.038902 0.026372 -0.998895
vn -0.061518 0.029327 -0.997675
vn -0.023226 0.018994 -0.999550
vn -0.095357 0.011745 -0.995374
vn -0.096305 0.005252 -0.995338
vn -0.089232 0.019814 -0.995814
vn -0.039316 -0.003722 0.999220
vn -0.008557 0.002150 0.999961
vn -0.069071 -0.005022 0.997599
vn 0.038733 0.032536 0.998720
vn 0.028922 0.021135 0.999358
vn 0.042938 0.043190 0.998144
vn -0.039316 -0.003722 -0.999220
vn -0.008557 0.002150 -0.999961
vn -0.069071 -0.005022 -0.997599
vn 0.038733 0.032536 -0.998720
vn 0.042938 0.043190 -0.998144
vn 0.028922 0.021135 -0.999358
vn -0.023048 0.023523 0.999458
vn -0.018695 0.017287 0.999676
vn -0.022860 0.034380 0.999147
vn -0.023048 0.023523 -0.999458
vn -0.018695 0.017287 -0.999676
vn -0.022860 0.034380 -0.999147
vn 0.196861 0.322370 0.925918
vn 0.077099 0.310388 0.947478
vn 0.343363 0.265068 0.901022
vn -0.246481 0.352436 0.902793
vn -0.396832 0.286102 0.872164
vn -0.112285 0.334846 0.935559
vn -0.397704 -0.440584 0.804809
vn -0.164197 -0.627636 0.760995
vn -0.535821 -0.138817 0.832842
vn 0.427059 -0.435113 0.792652
vn 0.540553 -0.140171 0.829551
vn 0.211595 -0.622708 0.753301
vn -0.031425 0.796679 0.603585
vn -0.022402 0.535162 0.844452
vn -0.037798 0.957280 0.286681
vn -0.748067 0.121255 0.652451
vn -0.601812 0.123786 0.788986
vn -0.858871 0.112508 0.499683
vn 0.030466 -0.771448 0.635562
vn 0.026778 -0.677557 0.734982
vn 0.032546 -0.827367 0.560717
vn 0.741729 0.123767 0.659181
vn 0.853684 0.115952 0.507719
vn 0.587127 0.123117 0.800078
vn -0.867560 0.405646 0.287733
vn -0.894887 0.426591 0.131135
vn -0.845607 0.306111 0.437315
vn -0.867560 0.405646 -0.287735
vn -0.845606 0.306111 -0.437316
vn -0.894887 0.426591 -0.131136
vn -0.778054 -0.427313 -0.460473
vn -0.741291 -0.634323 -0.219367
vn -0.805164 -0.122565 -0.580249
vn -0.778054 -0.427313 0.460474
vn -0.805164 -0.122567 0.580248
vn -0.741290 -0.634324 0.219369
vn -0.593796 0.804616 0.000000
vn -0.818599 0.574366 0.000000
vn -0.271507 0.962437 0.000000
vn -0.621449 0.123956 -0.773586
vn -0.767534 0.130833 -0.627514
vn -0.457660 0.111135 -0.882154
vn -0.653546 -0.756887 -0.000000
vn -0.742095 -0.670295 -0.000000
vn -0.579041 -0.815299 -0.000001
vn -0.621449 0.123955 0.773587
vn -0.457661 0.111134 0.882154
vn -0.767536 0.130833 0.627513
vn -0.246481 0.352436 -0.902793
vn -0.112285 0.334846 -0.935559
vn -0.396832 0.286102 -0.872164
vn 0.196861 0.322370 -0.925918
vn 0.343363 0.265068 -0.901022
vn 0.077099 0.310388 -0.947478
vn 0.427059 -0.435114 -0.792651
vn 0.211595 -0.622708 -0.753301
vn 0.540552 -0.140171 -0.829552
vn -0.397704 -0.440584 -0.804809
vn -0.535822 -0.138817 -0.832842
vn -0.164197 -0.627635 -0.760995
vn -0.031425 0.796679 -0.603585
vn -0.022402 0.535162 -0.844452
vn -0.037798 0.957280 -0.286681
vn 0.741729 0.123767 -0.659181
vn 0.587128 0.123117 -0.800077
vn 0.853683 0.115952 -0.507720
vn 0.030465 -0.771448 -0.635563
vn 0.026778 -0.677558 -0.734982
vn 0.032546 -0.827367 -0.560718
vn -0.748068 0.121255 -0.652451
vn -0.858871 0.112507 -0.499683
vn -0.601812 0.123786 -0.788986
vn 0.935930 0.284722 -0.207288
vn 0.966592 0.241266 -0.086553
vn 0.898732 0.251578 -0.359151
vn 0.935930 0.284721 0.207288
vn 0.898731 0.251579 0.359152
vn 0.966592 0.241264 0.086552
vn 0.787940 -0.418275 0.451881
vn 0.755886 -0.618856 0.213665
vn 0.813363 -0.124207 0.568342
vn 0.787941 -0.418274 -0.451879
vn 0.813365 -0.124206 -0.568339
vn 0.755886 -0.618857 -0.213665
vn 0.590011 0.807395 0.000000
vn 0.856391 0.516328 0.000001
vn 0.265306 0.964164 0.000000
vn 0.621596 0.125009 0.773299
vn 0.778411 0.128330 0.614498
vn 0.457531 0.112041 0.882107
vn 0.652071 -0.758158 -0.000000
vn 0.745377 -0.666643 -0.000000
vn 0.577272 -0.816552 0.000000
vn 0.621595 0.125010 -0.773299
vn 0.457531 0.112041 -0.882107
vn 0.778412 0.128331 -0.614496
vn -0.034962 0.888210 -0.458105
vn -0.032354 0.824081 -0.565547
vn -0.037928 0.962487 -0.268663
vn -0.983813 0.082145 0.159260
vn -0.960146 0.093010 0.263570
vn -0.993373 0.079067 0.083422
vn 0.030185 -0.769454 0.637989
vn 0.031403 -0.800473 0.598546
vn 0.029141 -0.741661 0.670141
vn 0.982302 0.087408 0.165656
vn 0.992463 0.084432 0.088816
vn 0.957563 0.097906 0.271085
vn 0.550196 0.829073 0.099611
vn 0.223367 0.974701 0.008090
vn 0.824564 0.512790 0.239040
vn -0.593421 0.799695 0.091326
vn -0.838824 0.495681 0.225108
vn -0.294296 0.955696 0.005857
vn -0.496024 -0.653832 0.571370
vn -0.181382 -0.799610 0.572472
vn -0.804149 -0.314523 0.504401
vn 0.531399 -0.635914 0.559669
vn 0.810968 -0.305629 0.498920
vn 0.240570 -0.788402 0.566170
vn 0.472195 0.881494 0.000000
vn 0.577433 0.816438 0.000001
vn 0.285227 0.958460 0.000000
vn -0.135992 0.077555 -0.987670
vn -0.229055 0.088399 -0.969391
vn -0.069810 0.074247 -0.994793
vn -0.650311 -0.759668 -0.000000
vn -0.613083 -0.790018 -0.000000
vn -0.680872 -0.732402 -0.000000
vn -0.135992 0.077555 0.987670
vn -0.069810 0.074247 0.994793
vn -0.229055 0.088399 0.969391
vn -0.078131 0.772532 0.630151
vn 0.009174 0.953771 0.300393
vn -0.201261 0.458115 0.865809
vn -0.078131 0.772532 -0.630151
vn -0.201261 0.458115 -0.865809
vn 0.009174 0.953771 -0.300393
vn -0.555218 -0.607573 -0.567968
vn -0.581068 -0.776515 -0.243691
vn -0.462123 -0.274649 -0.843214
vn -0.555218 -0.607573 0.567969
vn -0.462123 -0.274649 0.843214
vn -0.581069 -0.776514 0.243691
vn -0.034962 0.888210 0.458105
vn -0.032354 0.824081 0.565547
vn -0.037928 0.962487 0.268663
vn 0.982302 0.087408 -0.165655
vn 0.957563 0.097906 -0.271085
vn 0.992463 0.084434 -0.088815
vn 0.030186 -0.769454 -0.637989
vn 0.031403 -0.800473 -0.598546
vn 0.029141 -0.741661 -0.670141
vn -0.983813 0.082145 -0.159259
vn -0.993373 0.079067 -0.083422
vn -0.960146 0.093011 -0.263570
vn -0.593421 0.799694 -0.091327
vn -0.294296 0.955696 -0.005857
vn -0.838824 0.495681 -0.225109
vn 0.550196 0.829073 -0.099610
vn 0.824564 0.512791 -0.239040
vn 0.223368 0.974701 -0.008090
vn 0.531399 -0.635914 -0.559669
vn 0.240570 -0.788402 -0.566170
vn 0.810968 -0.305629 -0.498920
vn -0.496024 -0.653833 -0.571369
vn -0.804149 -0.314522 -0.504401
vn -0.181382 -0.799610 -0.572472
vn -0.475351 0.879796 -0.000000
vn -0.579578 0.814917 -0.000000
vn -0.290119 0.956991 0.000000
vn 0.135521 0.078124 0.987690
vn 0.228629 0.089090 0.969429
vn 0.069262 0.074765 0.994793
vn 0.650246 -0.759724 0.000000
vn 0.612434 -0.790522 -0.000000
vn 0.681136 -0.732157 -0.000000
vn 0.135521 0.078124 -0.987690
vn 0.069262 0.074766 -0.994793
vn 0.228629 0.089090 -0.969429
vn 0.072133 0.777144 -0.625176
vn -0.015668 0.954957 -0.296329
vn 0.197814 0.463050 -0.863976
vn 0.072133 0.777144 0.625176
vn 0.197814 0.463050 0.863976
vn -0.015668 0.954957 0.296329
vn 0.555412 -0.611448 0.563604
vn 0.580053 -0.778210 0.240681
vn 0.463267 -0.278154 0.841436
vn 0.555412 -0.611447 -0.563604
vn 0.463267 -0.278154 -0.841436
vn 0.580053 -0.778210 -0.240680
vn -0.033730 0.861532 -0.506582
vn -0.032943 0.996577 0.075819
vn -0.031249 0.796094 -0.604366
vn -0.938141 0.094373 0.333144
vn -0.989705 0.091999 0.109641
vn -0.685921 0.185261 0.703698
vn 0.024198 -0.622035 0.782616
vn 0.027187 -0.689442 0.723830
vn 0.014438 -0.426494 0.904375
vn 0.935911 0.100818 0.337501
vn 0.678867 0.200913 0.706239
vn 0.988619 0.096301 0.115581
vn 0.512834 0.697328 -0.500735
vn 0.192299 0.783157 -0.591342
vn 0.847319 0.459679 -0.265982
vn -0.549915 0.676241 -0.490196
vn -0.856269 0.444032 -0.263893
vn -0.250003 0.771783 -0.584679
vn -0.485311 -0.615481 0.621013
vn -0.162728 -0.708926 0.686253
vn -0.854865 -0.327235 0.402644
vn 0.518800 -0.599604 0.609362
vn 0.860397 -0.317294 0.398801
vn 0.215789 -0.700719 0.680020
vn 0.515431 0.856931 0.000000
vn -0.073686 0.997281 0.000000
vn 0.614553 0.788876 0.000000
vn -0.293910 0.088000 -0.951774
vn -0.092717 0.084772 -0.992077
vn -0.667968 0.182219 -0.721537
vn -0.791503 -0.611165 0.000000
vn -0.733099 -0.680122 -0.000000
vn -0.911652 -0.410964 0.000000
vn -0.293911 0.088000 0.951773
vn -0.667968 0.182218 0.721537
vn -0.092717 0.084772 0.992077
vn 0.482050 0.649113 0.588456
vn 0.593108 0.762959 0.257129
vn 0.246748 0.404361 0.880686
vn 0.482050 0.649113 -0.588456
vn 0.246747 0.404361 -0.880686
vn 0.593108 0.762960 -0.257129
vn -0.598081 -0.575523 -0.557738
vn -0.688235 -0.691353 -0.219918
vn -0.363365 -0.285941 -0.886681
vn -0.598081 -0.575523 0.557738
vn -0.363365 -0.285940 0.886681
vn -0.688235 -0.691353 0.219917
vn -0.033730 0.861532 0.506582
vn -0.032943 0.996577 -0.075819
vn -0.031250 0.796094 0.604366
vn 0.935910 0.100817 -0.337502
vn 0.988619 0.096301 -0.115580
vn 0.678868 0.200912 -0.706239
vn 0.024198 -0.622035 -0.782615
vn 0.027186 -0.689442 -0.723830
vn 0.014437 -0.426495 -0.904375
vn -0.938140 0.094369 -0.333148
vn -0.685920 0.185259 -0.703699
vn -0.989705 0.091997 -0.109642
vn -0.549916 0.676241 0.490195
vn -0.250003 0.771784 0.584678
vn -0.856270 0.444031 0.263892
vn 0.512835 0.697328 0.500734
vn 0.847319 0.459679 0.265981
vn 0.192299 0.783158 0.591342
vn 0.518798 -0.599604 -0.609363
vn 0.215790 -0.700720 -0.680020
vn 0.860397 -0.317293 -0.398800
vn -0.485310 -0.615481 -0.621013
vn -0.854865 -0.327236 -0.402645
vn -0.162729 -0.708926 -0.686253
vn -0.519979 0.854179 -0.000000
vn 0.060071 0.998194 0.000000
vn -0.616776 0.787139 0.000000
vn 0.293480 0.088842 0.951828
vn 0.092012 0.085437 0.992086
vn 0.666885 0.184848 0.721869
vn 0.790885 -0.611965 -0.000000
vn 0.733155 -0.680061 -0.000000
vn 0.910638 -0.413205 -0.000000
vn 0.293483 0.088840 -0.951827
vn 0.666886 0.184848 -0.721869
vn 0.092012 0.085437 -0.992086
vn -0.486469 0.651247 -0.582431
vn -0.595621 0.762327 -0.253167
vn -0.251278 0.407971 -0.877735
vn -0.486469 0.651247 0.582431
vn -0.251278 0.407971 0.877735
vn -0.595621 0.762327 0.253167
vn 0.600646 -0.577897 0.552503
vn 0.688980 -0.691587 0.216827
vn 0.366514 -0.289066 0.884369
vn 0.600646 -0.577897 -0.552503
vn 0.366514 -0.289066 -0.884369
vn 0.688980 -0.691588 -0.216826
vn 0.000000 -1.000000 -0.000000
vn 0.992814 -0.119671 0.000000
vn -0.979101 0.203375 -0.000000
vn -0.316589 -0.948563 -0.000000
vn 0.175500 0.984479 0.000000
vn 0.624729 -0.780841 0.000000
vn -0.587333 0.809346 -0.000000
vn -0.869426 -0.494062 0.000000
vn 0.857957 0.513722 0.000000
vn 0.024401 -0.999702 0.000000
vn -0.258090 0.966121 0.000001
vn 0.000194 0.026971 0.999636
vn -0.961766 0.273871 -0.000000
vn 0.000194 0.026971 -0.999636
vn 0.989322 -0.145749 -0.000000
vn 0.914737 -0.404051 0.000000
vn -0.844448 0.535637 -0.000000
vn -0.838722 -0.544561 -0.000000
vn 0.796016 0.605275 0.000000
vn -0.997411 0.071908 0.000000
vn -0.001350 0.009409 -0.999955
vn 0.998735 -0.050276 0.000000
vn -0.001350 0.009409 0.999955
vn -0.009942 0.327462 0.944812
vn -0.940782 0.339012 0.000000
vn -0.009942 0.327460 -0.944813
vn 0.939520 0.342493 0.000000
vn -0.757632 0.652682 0.000000
vn 0.000000 0.624162 -0.781295
vn 0.757632 0.652682 -0.000000
vn -0.000000 0.624162 0.781295
vn -0.993831 0.110907 -0.000000
vn 0.000994 0.151977 -0.988384
vn 0.974169 0.225819 -0.000000
vn 0.000994 0.151977 0.988384
vn -0.999430 -0.033766 0.000000
vn -0.001189 0.020322 -0.999793
vn 0.996845 0.079367 -0.000000
vn -0.001189 0.020322 0.999793
vn 0.034855 -0.882502 -0.469015
vn 0.458979 -0.888447 0.000000
vn 0.034855 -0.882500 0.469019
vn -0.399367 -0.916791 0.000000
vn -0.001368 0.034232 0.999413
vn -0.999281 0.037920 -0.000001
vn -0.001368 0.034232 -0.999413
vn 0.999265 0.038337 0.000000
vn 0.020981 -0.542207 0.839983
vn -0.804456 -0.594012 -0.000000
vn 0.020981 -0.542207 -0.839983
vn 0.820240 -0.572019 -0.000000
vn 0.037682 -0.960172 0.276856
vn -0.218982 -0.975729 -0.000000
vn 0.037682 -0.960173 -0.276854
vn 0.290284 -0.956940 -0.000000
vn 0.006223 0.035009 0.999368
vn 0.006223 0.035009 -0.999368
vn -0.078557 0.026463 0.996558
vn -0.078557 0.026463 -0.996558
vn 0.013664 0.010849 0.999848
vn 0.013664 0.010849 -0.999848
vn -0.017846 0.042458 0.998939
vn -0.017846 0.042458 -0.998939
vn -0.087930 -0.000995 0.996126
vn -0.087930 -0.000995 -0.996126
vn 0.040779 0.050725 0.997880
vn 0.040779 0.050725 -0.997880
vn -0.017836 0.015853 0.999715
vn -0.017836 0.015854 -0.999715
vn -0.015134 0.301944 0.953205
vn -0.511696 0.121238 0.850569
vn 0.026482 -0.668393 0.743337
vn 0.485533 0.110881 0.867158
vn -0.907792 0.419421 0.000000
vn -0.827820 0.131603 -0.545339
vn -0.726956 -0.686684 0.000000
vn -0.827821 0.131603 0.545338
vn -0.015134 0.301944 -0.953205
vn 0.485532 0.110881 -0.867159
vn 0.026483 -0.668393 -0.743337
vn -0.511696 0.121238 -0.850569
vn 0.978185 0.207736 -0.000000
vn 0.853916 0.113705 0.507837
vn 0.743009 -0.669281 -0.000000
vn 0.853917 0.113706 -0.507835
vn -0.039418 0.999073 -0.017329
vn -0.921330 0.103643 0.374713
vn 0.032353 -0.823650 0.566174
vn 0.917465 0.107868 0.382912
vn 0.034819 0.999394 -0.000000
vn -0.333026 0.099978 -0.937602
vn -0.582871 -0.812565 -0.000000
vn -0.333026 0.099977 0.937602
vn -0.039418 0.999073 0.017329
vn 0.917465 0.107869 -0.382912
vn 0.032353 -0.823650 -0.566174
vn -0.921329 0.103643 -0.374714
vn -0.041168 0.999152 -0.000000
vn 0.332704 0.100782 0.937630
vn 0.581587 -0.813484 -0.000000
vn 0.332704 0.100782 -0.937630
vn -0.031214 0.795466 -0.605194
vn -0.994510 0.083334 0.063291
vn 0.028329 -0.719360 0.694060
vn 0.993730 0.088276 0.068617
vn 0.615974 0.787766 0.000000
vn -0.052243 0.077565 -0.995617
vn -0.703885 -0.710314 -0.000000
vn -0.052243 0.077565 0.995617
vn -0.031214 0.795466 0.605194
vn 0.993730 0.088277 -0.068617
vn 0.028328 -0.719360 -0.694060
vn -0.994510 0.083333 -0.063291
vn -0.617866 0.786284 -0.000000
vn 0.051601 0.078123 0.995607
vn 0.704175 -0.710026 -0.000000
vn 0.051601 0.078123 -0.995607

# Mesh
g Box001
usemtl DefaultMaterial
f 4/4/4 1/1/1 2/2/2
f 2/2/2 3/3/3 4/4/4
f 2/2/2 5/5/5 6/6/6
f 6/6/6 3/3/3 2/2/2
f 6/6/6 7/7/7 8/8/8
f 8/8/8 3/3/3 6/6/6
f 8/8/8 9/9/9 4/4/4
f 4/4/4 3/3/3 8/8/8
f 13/13/13 10/10/10 11/11/11
f 11/11/11 12/12/12 13/13/13
f 11/11/11 14/14/14 15/15/15
f 15/15/15 12/12/12 11/11/11
f 15/15/15 16/16/16 17/17/17
f 17/17/17 12/12/12 15/15/15
f 17/17/17 18/18/18 13/13/13
f 13/13/13 12/12/12 17/17/17
f 22/22/22 19/19/19 20/20/20
f 20/20/20 21/21/21 22/22/22
f 20/20/20 23/23/23 24/24/24
f 24/24/24 21/21/21 20/20/20
f 24/24/24 25/25/25 26/26/26
f 26/26/26 21/21/21 24/24/24
f 26/26/26 27/27/27 22/22/22
f 22/22/22 21/21/21 26/26/26
f 31/31/31 28/28/28 29/29/29
f 29/29/29 30/30/30 31/31/31
f 29/29/29 32/32/32 33/33/33
f 33/33/33 30/30/30 29/29/29
f 33/33/33 34/34/34 35/35/35
f 35/35/35 30/30/30 33/33/33
f 35/35/35 36/36/36 31/31/31
f 31/31/31 30/30/30 35/35/35
f 40/40/40 37/37/37 38/38/38
f 38/38/38 39/39/39 40/40/40
f 38/44/38 41/41/41 42/42/42
f 42/42/42 39/43/39 38/44/38
f 42/42/42 43/45/43 44/46/44
f 44/46/44 39/43/39 42/42/42
f 44/46/44 45/47/45 46/48/46
f 46/48/46 39/43/39 44/46/44
f 46/51/46 47/49/47 48/50/48
f 48/50/48 39/39/39 46/51/46
f 48/50/48 49/52/49 40/40/40
f 40/40/40 39/39/39 48/50/48
f 53/56/53 50/53/50 51/54/51
f 51/54/51 52/55/52 53/56/53
f 51/54/51 54/57/54 55/58/55
f 55/58/55 52/55/52 51/54/51
f 55/62/55 56/59/56 57/60/57
f 57/60/57 52/61/52 55/62/55
f 57/60/57 58/63/58 59/64/59
f 59/64/59 52/61/52 57/60/57
f 59/64/59 60/65/60 61/66/61
f 61/66/61 52/61/52 59/64/59
f 61/68/61 62/67/62 53/56/53
f 53/56/53 52/55/52 61/68/61
f 66/72/66 63/69/63 64/70/64
f 64/70/64 65/71/65 66/72/66
f 64/70/64 67/73/67 68/74/68
f 68/74/68 65/71/65 64/70/64
f 68/78/68 69/75/69 70/76/70
f 70/76/70 65/77/65 68/78/68
f 70/76/70 71/79/71 72/80/72
f 72/80/72 65/77/65 70/76/70
f 72/80/72 73/81/73 74/82/74
f 74/82/74 65/77/65 72/80/72
f 74/84/74 75/83/75 66/72/66
f 66/72/66 65/71/65 74/84/74
f 79/88/79 76/85/76 77/86/77
f 77/86/77 78/87/78 79/88/79
f 77/86/77 80/89/80 81/90/81
f 81/90/81 78/87/78 77/86/77
f 81/94/81 82/91/82 83/92/83
f 83/92/83 78/93/78 81/94/81
f 83/92/83 84/95/84 85/96/85
f 85/96/85 78/93/78 83/92/83
f 85/96/85 86/97/86 87/98/87
f 87/98/87 78/93/78 85/96/85
f 87/100/87 88/99/88 79/88/79
f 79/88/79 78/87/78 87/100/87
f 92/104/92 89/101/89 90/102/90
f 90/102/90 91/103/91 92/104/92
f 90/102/90 93/105/93 94/106/94
f 94/106/94 91/103/91 90/102/90
f 94/106/94 95/107/95 96/108/96
f 96/108/96 91/103/91 94/106/94
f 96/108/96 97/109/97 92/104/92
f 92/104/92 91/103/91 96/108/96
f 101/113/101 98/110/98 99/111/99
f 99/111/99 100/112/100 101/113/101
f 99/111/99 102/114/102 103/115/103
f 103/115/103 100/112/100 99/111/99
f 103/115/103 104/116/104 105/117/105
f 105/117/105 100/112/100 103/115/103
f 105/117/105 106/118/106 101/113/101
f 101/113/101 100/112/100 105/117/105
f 110/122/110 107/119/107 108/120/108
f 108/120/108 109/121/109 110/122/110
f 108/120/108 111/123/111 112/124/112
f 112/124/112 109/121/109 108/120/108
f 112/124/112 113/125/113 114/126/114
f 114/126/114 109/121/109 112/124/112
f 114/126/114 115/127/115 110/122/110
f 110/122/110 109/121/109 114/126/114
f 119/131/119 116/128/116 117/129/117
f 117/129/117 118/130/118 119/131/119
f 117/129/117 120/132/120 121/133/121
f 121/133/121 118/130/118 117/129/117
f 121/133/121 122/134/122 123/135/123
f 123/135/123 118/130/118 121/133/121
f 123/135/123 124/136/124 119/131/119
f 119/131/119 118/130/118 123/135/123
f 128/140/128 125/137/125 126/138/126
f 126/138/126 127/139/127 128/140/128
f 126/138/126 129/141/129 130/142/130
f 130/142/130 127/139/127 126/138/126
f 130/142/130 131/143/131 132/144/132
f 132/144/132 127/139/127 130/142/130
f 132/144/132 133/145/133 128/140/128
f 128/140/128 127/139/127 132/144/132
f 137/149/137 134/146/134 135/147/135
f 135/147/135 136/148/136 137/149/137
f 135/147/135 138/150/138 139/151/139
f 139/151/139 136/148/136 135/147/135
f 139/151/139 140/152/140 141/153/141
f 141/153/141 136/148/136 139/151/139
f 141/153/141 142/154/142 137/149/137
f 137/149/137 136/148/136 141/153/141
f 146/158/146 143/155/143 144/156/144
f 144/156/144 145/157/145 146/158/146
f 144/156/144 147/159/147 148/160/148
f 148/160/148 145/157/145 144/156/144
f 148/160/148 149/161/149 150/162/150
f 150/162/150 145/157/145 148/160/148
f 150/162/150 151/163/151 146/158/146
f 146/158/146 145/157/145 150/162/150
f 155/167/155 152/164/152 153/165/153
f 153/165/153 154/166/154 155/167/155
f 153/165/153 156/168/156 157/169/157
f 157/169/157 154/166/154 153/165/153
f 157/169/157 158/170/158 159/171/159
f 159/171/159 154/166/154 157/169/157
f 159/171/159 160/172/160 155/167/155
f 155/167/155 154/166/154 159/171/159
f 164/176/164 161/173/161 162/174/162
f 162/174/162 163/175/163 164/176/164
f 162/180/162 165/177/165 166/178/166
f 166/178/166 163/179/163 162/180/162
f 166/178/166 167/181/167 168/182/168
f 168/182/168 163/179/163 166/178/166
f 168/184/168 169/183/169 164/176/164
f 164/176/164 163/175/163 168/184/168
f 173/188/173 170/185/170 171/186/171
f 171/186/171 172/187/172 173/188/173
f 171/192/171 174/189/174 175/190/175
f 175/190/175 172/191/172 171/192/171
f 175/190/175 176/193/176 177/194/177
f 177/194/177 172/191/172 175/190/175
f 177/196/177 178/195/178 173/188/173
f 173/188/173 172/187/172 177/196/177
f 182/200/182 179/197/179 180/198/180
f 180/198/180 181/199/181 182/200/182
f 180/204/180 183/201/183 184/202/184
f 184/202/184 181/203/181 180/204/180
f 184/202/184 185/205/185 186/206/186
f 186/206/186 181/203/181 184/202/184
f 186/208/186 187/207/187 182/200/182
f 182/200/182 181/199/181 186/208/186
f 191/212/191 188/209/188 189/210/189
f 189/210/189 190/211/190 191/212/191
f 189/216/189 192/213/192 193/214/193
f 193/214/193 190/215/190 189/216/189
f 193/214/193 194/217/194 195/218/195
f 195/218/195 190/215/190 193/214/193
f 195/220/195 196/219/196 191/212/191
f 191/212/191 190/211/190 195/220/195
f 200/224/200 197/221/197 198/222/198
f 198/222/198 199/223/199 200/224/200
f 198/222/198 201/225/201 202/226/202
f 202/226/202 199/223/199 198/222/198
f 202/226/202 203/227/203 204/228/204
f 204/228/204 199/223/199 202/226/202
f 204/228/204 205/229/205 200/224/200
f 200/224/200 199/223/199 204/228/204
f 209/233/209 206/230/206 207/231/207
f 207/231/207 208/232/208 209/233/209
f 207/231/207 210/234/210 211/235/211
f 211/235/211 208/232/208 207/231/207
f 211/235/211 212/236/212 213/237/213
f 213/237/213 208/232/208 211/235/211
f 213/237/213 214/238/214 209/233/209
f 209/233/209 208/232/208 213/237/213
f 218/242/218 215/239/215 216/240/216
f 216/240/216 217/241/217 218/242/218
f 216/240/216 219/243/219 220/244/220
f 220/244/220 217/241/217 216/240/216
f 220/244/220 221/245/221 222/246/222
f 222/246/222 217/241/217 220/244/220
f 222/246/222 223/247/223 218/242/218
f 218/242/218 217/241/217 222/246/222
f 227/251/227 224/248/224 225/249/225
f 225/249/225 226/250/226 227/251/227
f 225/249/225 228/252/228 229/253/229
f 229/253/229 226/250/226 225/249/225
f 229/253/229 230/254/230 231/255/231
f 231/255/231 226/250/226 229/253/229
f 231/255/231 232/256/232 227/251/227
f 227/251/227 226/250/226 231/255/231
f 236/260/236 233/257/233 234/258/234
f 234/258/234 235/259/235 236/260/236
f 234/264/234 237/261/237 238/262/238
f 238/262/238 235/263/235 234/264/234
f 238/262/238 239/265/239 240/266/240
f 240/266/240 235/263/235 238/262/238
f 240/268/240 241/267/241 236/260/236
f 236/260/236 235/259/235 240/268/240
f 245/272/245 242/269/242 243/270/243
f 243/270/243 244/271/244 245/272/245
f 243/270/243 246/273/246 247/274/247
f 247/274/247 244/271/244 243/270/243
f 247/278/247 248/275/248 249/276/249
f 249/276/249 244/277/244 247/278/247
f 249/276/249 250/279/250 245/280/245
f 245/280/245 244/277/244 249/276/249
f 254/284/254 251/281/251 252/282/252
f 252/282/252 253/283/253 254/284/254
f 252/288/252 255/285/255 256/286/256
f 256/286/256 253/287/253 252/288/252
f 256/286/256 257/289/257 258/290/258
f 258/290/258 253/287/253 256/286/256
f 258/292/258 259/291/259 254/284/254
f 254/284/254 253/283/253 258/292/258
f 263/296/263 260/293/260 261/294/261
f 261/294/261 262/295/262 263/296/263
f 261/294/261 264/297/264 265/298/265
f 265/298/265 262/295/262 261/294/261
f 265/302/265 266/299/266 267/300/267
f 267/300/267 262/301/262 265/302/265
f 267/300/267 268/303/268 263/304/263
f 263/304/263 262/301/262 267/300/267
f 272/308/272 269/305/269 270/306/270
f 270/306/270 271/307/271 272/308/272
f 270/306/270 273/309/273 274/310/274
f 274/310/274 271/307/271 270/306/270
f 274/310/274 275/311/275 276/312/276
f 276/312/276 271/307/271 274/310/274
f 276/312/276 277/313/277 272/308/272
f 272/308/272 271/307/271 276/312/276
f 281/317/281 278/314/278 279/315/279
f 279/315/279 280/316/280 281/317/281
f 279/315/279 282/318/282 283/319/283
f 283/319/283 280/316/280 279/315/279
f 283/319/283 284/320/284 285/321/285
f 285/321/285 280/316/280 283/319/283
f 285/321/285 286/322/286 281/317/281
f 281/317/281 280/316/280 285/321/285
f 290/326/290 287/323/287 288/324/288
f 288/324/288 289/325/289 290/326/290
f 288/324/288 291/327/291 292/328/292
f 292/328/292 289/325/289 288/324/288
f 292/328/292 293/329/293 294/330/294
f 294/330/294 289/325/289 292/328/292
f 294/330/294 295/331/295 290/326/290
f 290/326/290 289/325/289 294/330/294
f 299/335/299 296/332/296 297/333/297
f 297/333/297 298/334/298 299/335/299
f 297/333/297 300/336/300 301/337/301
f 301/337/301 298/334/298 297/333/297
f 301/337/301 302/338/302 303/339/303
f 303/339/303 298/334/298 301/337/301
f 303/339/303 304/340/304 299/335/299
f 299/335/299 298/334/298 303/339/303
f 308/344/308 305/341/305 306/342/306
f 306/342/306 307/343/307 308/344/308
f 306/342/306 309/345/309 310/346/310
f 310/346/310 307/343/307 306/342/306
f 310/346/310 311/347/311 312/348/312
f 312/348/312 307/343/307 310/346/310
f 312/352/312 313/349/313 308/350/308
f 308/350/308 307/351/307 312/352/312
f 317/356/317 314/353/314 315/354/315
f 315/354/315 316/355/316 317/356/317
f 315/360/315 318/357/318 319/358/319
f 319/358/319 316/359/316 315/360/315
f 319/363/319 320/361/320 321/362/321
f 321/362/321 316/355/316 319/363/319
f 321/362/321 322/364/322 317/356/317
f 317/356/317 316/355/316 321/362/321
f 326/368/326 323/365/323 324/366/324
f 324/366/324 325/367/325 326/368/326
f 324/366/324 327/369/327 328/370/328
f 328/370/328 325/367/325 324/366/324
f 328/370/328 329/371/329 330/372/330
f 330/372/330 325/367/325 328/370/328
f 330/372/330 331/373/331 326/368/326
f 326/368/326 325/367/325 330/372/330
f 335/377/335 332/374/332 333/375/333
f 333/375/333 334/376/334 335/377/335
f 333/375/333 336/378/336 337/379/337
f 337/379/337 334/376/334 333/375/333
f 337/379/337 338/380/338 339/381/339
f 339/381/339 334/376/334 337/379/337
f 339/381/339 340/382/340 335/377/335
f 335/377/335 334/376/334 339/381/339
f 344/386/344 341/383/341 342/384/342
f 342/384/342 343/385/343 344/386/344
f 342/384/342 345/387/345 346/388/346
f 346/388/346 343/385/343 342/384/342
f 346/388/346 347/389/347 344/386/344
f 344/386/344 343/385/343 346/388/346
f 351/393/351 348/390/348 349/391/349
f 349/391/349 350/392/350 351/393/351
f 349/391/349 352/394/352 353/395/353
f 353/395/353 350/392/350 349/391/349
f 353/395/353 354/396/354 351/393/351
f 351/393/351 350/392/350 353/395/353
f 358/400/358 355/397/355 356/398/356
f 356/398/356 357/399/357 358/400/358
f 356/398/356 359/401/359 360/402/360
f 360/402/360 357/399/357 356/398/356
f 360/402/360 361/403/361 358/400/358
f 358/400/358 357/399/357 360/402/360
f 365/407/365 362/404/362 363/405/363
f 363/405/363 364/406/364 365/407/365
f 363/405/363 366/408/366 367/409/367
f 367/409/367 364/406/364 363/405/363
f 367/409/367 368/410/368 365/407/365
f 365/407/365 364/406/364 367/409/367
f 372/414/372 369/411/369 370/412/370
f 370/412/370 371/413/371 372/414/372
f 370/412/370 373/415/373 374/416/374
f 374/416/374 371/413/371 370/412/370
f 374/420/374 375/417/375 376/418/376
f 376/418/376 371/419/371 374/420/374
f 376/418/376 377/421/377 378/422/378
f 378/422/378 371/419/371 376/418/376
f 378/425/378 379/423/379 380/424/380
f 380/424/380 371/413/371 378/425/378
f 380/424/380 381/426/381 372/414/372
f 372/414/372 371/413/371 380/424/380
f 385/430/385 382/427/382 383/428/383
f 383/428/383 384/429/384 385/430/385
f 383/428/383 386/431/386 387/432/387
f 387/432/387 384/429/384 383/428/383
f 387/432/387 388/433/388 389/434/389
f 389/434/389 384/429/384 387/432/387
f 389/434/389 390/435/390 391/436/391
f 391/436/391 384/429/384 389/434/389
f 391/440/391 392/437/392 393/438/393
f 393/438/393 384/439/384 391/440/391
f 393/438/393 394/441/394 385/442/385
f 385/442/385 384/439/384 393/438/393
f 398/446/398 395/443/395 396/444/396
f 396/444/396 397/445/397 398/446/398
f 396/444/396 399/447/399 400/448/400
f 400/448/400 397/445/397 396/444/396
f 400/448/400 401/449/401 402/450/402
f 402/450/402 397/445/397 400/448/400
f 402/450/402 403/451/403 404/452/404
f 404/452/404 397/445/397 402/450/402
f 404/456/404 405/453/405 406/454/406
f 406/454/406 397/455/397 404/456/404
f 406/454/406 407/457/407 398/458/398
f 398/458/398 397/455/397 406/454/406
f 411/462/411 408/459/408 409/460/409
f 409/460/409 410/461/410 411/462/411
f 409/460/409 412/463/412 413/464/413
f 413/464/413 410/461/410 409/460/409
f 413/464/413 414/465/414 415/466/415
f 415/466/415 410/461/410 413/464/413
f 415/466/415 416/467/416 417/468/417
f 417/468/417 410/461/410 415/466/415
f 417/472/417 418/469/418 419/470/419
f 419/470/419 410/471/410 417/472/417
f 419/470/419 420/473/420 411/474/411
f 411/474/411 410/471/410 419/470/419
f 424/478/424 421/475/421 422/476/422
f 422/476/422 423/477/423 424/478/424
f 422/476/422 425/479/425 426/480/426
f 426/480/426 423/477/423 422/476/422
f 426/480/426 427/481/427 428/482/428
f 428/482/428 423/477/423 426/480/426
f 428/482/428 429/483/429 424/478/424
f 424/478/424 423/477/423 428/482/428
f 433/487/433 430/484/430 431/485/431
f 431/485/431 432/486/432 433/487/433
f 431/485/431 434/488/434 435/489/435
f 435/489/435 432/486/432 431/485/431
f 435/489/435 436/490/436 437/491/437
f 437/491/437 432/486/432 435/489/435
f 437/491/437 438/492/438 433/487/433
f 433/487/433 432/486/432 437/491/437
f 442/496/442 439/493/439 440/494/440
f 440/494/440 441/495/441 442/496/442
f 440/494/440 443/497/443 444/498/444
f 444/498/444 441/495/441 440/494/440
f 444/502/444 445/499/445 446/500/446
f 446/500/446 441/501/441 444/502/444
f 446/500/446 447/503/447 442/504/442
f 442/504/442 441/501/441 446/500/446
f 451/508/451 448/505/448 449/506/449
f 449/506/449 450/507/450 451/508/451
f 449/506/449 452/509/452 453/510/453
f 453/510/453 450/507/450 449/506/449
f 453/510/453 454/511/454 455/512/455
f 455/512/455 450/507/450 453/510/453
f 455/512/455 456/513/456 451/508/451
f 451/508/451 450/507/450 455/512/455
f 460/517/460 457/514/457 458/515/458
f 458/515/458 459/516/459 460/517/460
f 458/515/458 461/518/461 462/519/462
f 462/519/462 459/516/459 458/515/458
f 462/519/462 463/520/463 464/521/464
f 464/521/464 459/516/459 462/519/462
f 464/521/464 465/522/465 460/517/460
f 460/517/460 459/516/459 464/521/464
f 469/526/469 466/523/466 467/524/467
f 467/524/467 468/525/468 469/526/469
f 467/524/467 470/527/470 471/528/471
f 471/528/471 468/525/468 467/524/467
f 471/528/471 472/529/472 473/530/473
f 473/530/473 468/525/468 471/528/471
f 473/530/473 474/531/474 469/526/469
f 469/526/469 468/525/468 473/530/473
f 478/535/478 475/532/475 476/533/476
f 476/533/476 477/534/477 478/535/478
f 476/533/476 479/536/479 480/537/480
f 480/537/480 477/534/477 476/533/476
f 480/537/480 481/538/481 482/539/482
f 482/539/482 477/534/477 480/537/480
f 482/539/482 483/540/483 478/535/478
f 478/535/478 477/534/477 482/539/482
f 487/544/487 484/541/484 485/542/485
f 485/542/485 486/543/486 487/544/487
f 485/542/485 488/545/488 489/546/489
f 489/546/489 486/543/486 485/542/485
f 489/546/489 490/547/490 491/548/491
f 491/548/491 486/543/486 489/546/489
f 491/548/491 492/549/492 487/544/487
f 487/544/487 486/543/486 491/548/491
f 496/553/496 493/550/493 494/551/494
f 494/551/494 495/552/495 496/553/496
f 494/551/494 497/554/497 498/555/498
f 498/555/498 495/552/495 494/551/494
f 498/555/498 499/556/499 500/557/500
f 500/557/500 495/552/495 498/555/498
f 500/557/500 501/558/501 496/553/496
f 496/553/496 495/552/495 500/557/500
f 505/562/505 502/559/502 503/560/503
f 503/560/503 504/561/504 505/562/505
f 503/560/503 506/563/506 507/564/507
f 507/564/507 504/561/504 503/560/503
f 507/564/507 508/565/508 509/566/509
f 509/566/509 504/561/504 507/564/507
f 509/566/509 510/567/510 505/562/505
f 505/562/505 504/561/504 509/566/509
f 514/571/514 511/568/511 512/569/512
f 512/569/512 513/570/513 514/571/514
f 512/569/512 515/572/515 516/573/516
f 516/573/516 513/570/513 512/569/512
f 516/573/516 517/574/517 518/575/518
f 518/575/518 513/570/513 516/573/516
f 518/575/518 519/576/519 514/571/514
f 514/571/514 513/570/513 518/575/518
f 523/580/523 520/577/520 521/578/521
f 521/578/521 522/579/522 523/580/523
f 521/578/521 524/581/524 525/582/525
f 525/582/525 522/579/522 521/578/521
f 525/582/525 526/583/526 527/584/527
f 527/584/527 522/579/522 525/582/525
f 527/584/527 528/585/528 523/580/523
f 523/580/523 522/579/522 527/584/527
f 532/589/532 529/586/529 530/587/530
f 530/587/530 531/588/531 532/589/532
f 530/593/530 533/590/533 534/591/534
f 534/591/534 531/592/531 530/593/530
f 534/591/534 535/594/535 536/595/536
f 536/595/536 531/592/531 534/591/534
f 536/599/536 537/596/537 532/597/532
f 532/597/532 531/598/531 536/599/536
f 541/603/541 538/600/538 539/601/539
f 539/601/539 540/602/540 541/603/541
f 539/607/539 542/604/542 543/605/543
f 543/605/543 540/606/540 539/607/539
f 543/611/543 544/608/544 545/609/545
f 545/609/545 540/610/540 543/611/543
f 545/609/545 546/612/546 541/613/541
f 541/613/541 540/610/540 545/609/545
f 550/617/550 547/614/547 548/615/548
f 548/615/548 549/616/549 550/617/550
f 548/621/548 551/618/551 552/619/552
f 552/619/552 549/620/549 548/621/548
f 552/625/552 553/622/553 554/623/554
f 554/623/554 549/624/549 552/625/552
f 554/623/554 555/626/555 550/627/550
f 550/627/550 549/624/549 554/623/554
f 559/631/559 556/628/556 557/629/557
f 557/629/557 558/630/558 559/631/559
f 557/635/557 560/632/560 561/633/561
f 561/633/561 558/634/558 557/635/557
f 561/639/561 562/636/562 563/637/563
f 563/637/563 558/638/558 561/639/561
f 563/637/563 564/640/564 559/641/559
f 559/641/559 558/638/558 563/637/563
f 568/645/568 565/642/565 566/643/566
f 566/643/566 567/644/567 568/645/568
f 566/643/566 569/646/569 570/647/570
f 570/647/570 567/644/567 566/643/566
f 570/651/570 571/648/571 572/649/572
f 572/649/572 567/650/567 570/651/570
f 572/649/572 573/652/573 568/653/568
f 568/653/568 567/650/567 572/649/572
f 577/657/577 574/654/574 575/655/575
f 575/655/575 576/656/576 577/657/577
f 575/661/575 578/658/578 579/659/579
f 579/659/579 576/660/576 575/661/575
f 579/659/579 580/662/580 581/663/581
f 581/663/581 576/660/576 579/659/579
f 581/667/581 582/664/582 577/665/577
f 577/665/577 576/666/576 581/667/581
f 586/671/586 583/668/583 584/669/584
f 584/669/584 585/670/585 586/671/586
f 584/675/584 587/672/587 588/673/588
f 588/673/588 585/674/585 584/675/584
f 588/679/588 589/676/589 590/677/590
f 590/677/590 585/678/585 588/679/588
f 590/681/590 591/680/591 586/671/586
f 586/671/586 585/670/585 590/681/590
f 595/685/595 592/682/592 593/683/593
f 593/683/593 594/684/594 595/685/595
f 593/689/593 596/686/596 597/687/597
f 597/687/597 594/688/594 593/689/593
f 597/687/597 598/690/598 599/691/599
f 599/691/599 594/688/594 597/687/597
f 599/693/599 600/692/600 595/685/595
f 595/685/595 594/684/594 599/693/599
f 604/697/604 601/694/601 602/695/602
f 602/695/602 603/696/603 604/697/604
f 602/695/602 605/698/605 606/699/606
f 606/699/606 603/696/603 602/695/602
f 606/699/606 607/700/607 608/701/608
f 608/701/608 603/696/603 606/699/606
f 608/701/608 609/702/609 604/697/604
f 604/697/604 603/696/603 608/701/608
f 613/706/613 610/703/610 611/704/611
f 611/704/611 612/705/612 613/706/613
f 611/704/611 614/707/614 615/708/615
f 615/708/615 612/705/612 611/704/611
f 615/708/615 616/709/616 617/710/617
f 617/710/617 612/705/612 615/708/615
f 617/710/617 618/711/618 613/706/613
f 613/706/613 612/705/612 617/710/617
f 622/715/622 619/712/619 620/713/620
f 620/713/620 621/714/621 622/715/622
f 620/713/620 623/716/623 624/717/624
f 624/717/624 621/714/621 620/713/620
f 624/717/624 625/718/625 626/719/626
f 626/719/626 621/714/621 624/717/624
f 626/719/626 627/720/627 622/715/622
f 622/715/622 621/714/621 626/719/626
f 631/724/631 628/721/628 629/722/629
f 629/722/629 630/723/630 631/724/631
f 629/722/629 632/725/632 633/726/633
f 633/726/633 630/723/630 629/722/629
f 633/726/633 634/727/634 635/728/635
f 635/728/635 630/723/630 633/726/633
f 635/728/635 636/729/636 631/724/631
f 631/724/631 630/723/630 635/728/635
f 640/733/640 637/730/637 638/731/638
f 638/731/638 639/732/639 640/733/640
f 638/731/638 641/734/641 642/735/642
f 642/735/642 639/732/639 638/731/638
f 642/735/642 643/736/643 644/737/644
f 644/737/644 639/732/639 642/735/642
f 644/737/644 645/738/645 640/733/640
f 640/733/640 639/732/639 644/737/644
f 649/742/649 646/739/646 647/740/647
f 647/740/647 648/741/648 649/742/649
f 647/746/647 650/743/650 651/744/651
f 651/744/651 648/745/648 647/746/647
f 651/750/651 652/747/652 653/748/653
f 653/748/653 648/749/648 651/750/651
f 653/748/653 654/751/654 649/752/649
f 649/752/649 648/749/648 653/748/653
f 658/756/658 655/753/655 656/754/656
f 656/754/656 657/755/657 658/756/658
f 656/760/656 659/757/659 660/758/660
f 660/758/660 657/759/657 656/760/656
f 660/764/660 661/761/661 662/762/662
f 662/762/662 657/763/657 660/764/660
f 662/762/662 663/765/663 658/766/658
f 658/766/658 657/763/657 662/762/662
f 667/770/667 664/767/664 665/768/665
f 665/768/665 666/769/666 667/770/667
f 665/774/665 668/771/668 669/772/669
f 669/772/669 666/773/666 665/774/665
f 669/772/669 670/775/670 671/776/671
f 671/776/671 666/773/666 669/772/669
f 671/780/671 672/777/672 667/778/667
f 667/778/667 666/779/666 671/780/671
f 676/784/676 673/781/673 674/782/674
f 674/782/674 675/783/675 676/784/676
f 674/788/674 677/785/677 678/786/678
f 678/786/678 675/787/675 674/788/674
f 678/792/678 679/789/679 680/790/680
f 680/790/680 675/791/675 678/792/678
f 680/794/680 681/793/681 676/784/676
f 676/784/676 675/783/675 680/794/680
f 685/798/685 682/795/682 683/796/683
f 683/796/683 684/797/684 685/798/685
f 683/802/683 686/799/686 687/800/687
f 687/800/687 684/801/684 683/802/683
f 687/806/687 688/803/688 689/804/689
f 689/804/689 684/805/684 687/806/687
f 689/804/689 690/807/690 685/808/685
f 685/808/685 684/805/684 689/804/689
f 694/812/694 691/809/691 692/810/692
f 692/810/692 693/811/693 694/812/694
f 692/816/692 695/813/695 696/814/696
f 696/814/696 693/815/693 692/816/692
f 696/820/696 697/817/697 698/818/698
f 698/818/698 693/819/693 696/820/696
f 698/818/698 699/821/699 694/822/694
f 694/822/694 693/819/693 698/818/698
f 703/826/703 700/823/700 701/824/701
f 701/824/701 702/825/702 703/826/703
f 701/830/701 704/827/704 705/828/705
f 705/828/705 702/829/702 701/830/701
f 705/828/705 706/831/706 707/832/707
f 707/832/707 702/829/702 705/828/705
f 707/832/707 708/833/708 703/834/703
f 703/834/703 702/829/702 707/832/707
f 712/838/712 709/835/709 710/836/710
f 710/836/710 711/837/711 712/838/712
f 710/842/710 713/839/713 714/840/714
f 714/840/714 711/841/711 710/842/710
f 714/845/714 715/843/715 716/844/716
f 716/844/716 711/837/711 714/845/714
f 716/844/716 717/846/717 712/838/712
f 712/838/712 711/837/711 716/844/716
f 721/850/721 718/847/718 719/848/719
f 719/848/719 720/849/720 721/850/721
f 719/854/719 722/851/722 723/852/723
f 723/852/723 720/853/720 719/854/719
f 723/858/723 724/855/724 725/856/725
f 725/856/725 720/857/720 723/858/723
f 725/856/725 726/859/726 721/860/721
f 721/860/721 720/857/720 725/856/725
f 730/864/730 727/861/727 728/862/728
f 728/862/728 729/863/729 730/864/730
f 728/868/728 731/865/731 732/866/732
f 732/866/732 729/867/729 728/868/728
f 732/872/732 733/869/733 734/870/734
f 734/870/734 729/871/729 732/872/732
f 734/870/734 735/873/735 730/874/730
f 730/874/730 729/871/729 734/870/734
f 739/878/739 736/875/736 737/876/737
f 737/876/737 738/877/738 739/878/739
f 737/882/737 740/879/740 741/880/741
f 741/880/741 738/881/738 737/882/737
f 741/880/741 742/883/742 743/884/743
f 743/884/743 738/881/738 741/880/741
f 743/888/743 744/885/744 739/886/739
f 739/886/739 738/887/738 743/888/743
f 748/892/748 745/889/745 746/890/746
f 746/890/746 747/891/747 748/892/748
f 746/896/746 749/893/749 750/894/750
f 750/894/750 747/895/747 746/896/746
f 750/900/750 751/897/751 752/898/752
f 752/898/752 747/899/747 750/900/750
f 752/902/752 753/901/753 748/892/748
f 748/892/748 747/891/747 752/902/752
f 757/906/757 754/903/754 755/904/755
f 755/904/755 756/905/756 757/906/757
f 755/910/755 758/907/758 759/908/759
f 759/908/759 756/909/756 755/910/755
f 759/914/759 760/911/760 761/912/761
f 761/912/761 756/913/756 759/914/759
f 761/912/761 762/915/762 757/916/757
f 757/916/757 756/913/756 761/912/761
f 766/920/766 763/917/763 764/918/764
f 764/918/764 765/919/765 766/920/766
f 764/924/764 767/921/767 768/922/768
f 768/922/768 765/923/765 764/924/764
f 768/928/768 769/925/769 770/926/770
f 770/926/770 765/927/765 768/928/768
f 770/926/770 771/929/771 766/930/766
f 766/930/766 765/927/765 770/926/770
f 775/934/775 772/931/772 773/932/773
f 773/932/773 774/933/774 775/934/775
f 773/938/773 776/935/776 777/936/777
f 777/936/777 774/937/774 773/938/773
f 777/936/777 778/939/778 779/940/779
f 779/940/779 774/937/774 777/936/777
f 779/940/779 780/941/780 775/942/775
f 775/942/775 774/937/774 779/940/779
f 784/946/784 781/943/781 782/944/782
f 782/944/782 783/945/783 784/946/784
f 782/950/782 785/947/785 786/948/786
f 786/948/786 783/949/783 782/950/782
f 786/953/786 787/951/787 788/952/788
f 788/952/788 783/945/783 786/953/786
f 788/952/788 789/954/789 784/946/784
f 784/946/784 783/945/783 788/952/788
f 793/958/793 790/955/790 791/956/791
f 791/956/791 792/957/792 793/958/793
f 791/956/791 794/959/794 795/960/795
f 795/960/795 792/957/792 791/956/791
f 795/964/795 796/961/796 797/962/797
f 797/962/797 792/963/792 795/964/795
f 797/962/797 798/965/798 793/966/793
f 793/966/793 792/963/792 797/962/797
f 802/970/802 799/967/799 800/968/800
f 800/968/800 801/969/801 802/970/802
f 800/968/800 803/971/803 804/972/804
f 804/972/804 801/969/801 800/968/800
f 804/976/804 805/973/805 806/974/806
f 806/974/806 801/975/801 804/976/804
f 806/974/806 807/977/807 802/978/802
f 802/978/802 801/975/801 806/974/806
f 811/982/811 808/979/808 809/980/809
f 809/980/809 810/981/810 811/982/811
f 809/980/809 812/983/812 813/984/813
f 813/984/813 810/981/810 809/980/809
f 813/988/813 814/985/814 815/986/815
f 815/986/815 810/987/810 813/988/813
f 815/986/815 816/989/816 811/990/811
f 811/990/811 810/987/810 815/986/815
f 820/994/820 817/991/817 818/992/818
f 818/992/818 819/993/819 820/994/820
f 818/992/818 821/995/821 822/996/822
f 822/996/822 819/993/819 818/992/818
f 822/1000/822 823/997/823 824/998/824
f 824/998/824 819/999/819 822/1000/822
f 824/998/824 825/1001/825 820/1002/820
f 820/1002/820 819/999/819 824/998/824
f 829/1006/829 826/1003/826 827/1004/827
f 827/1004/827 828/1005/828 829/1006/829
f 827/1004/827 830/1007/830 831/1008/831
f 831/1008/831 828/1005/828 827/1004/827
f 831/1012/831 832/1009/832 833/1010/833
f 833/1010/833 828/1011/828 831/1012/831
f 833/1010/833 834/1013/834 829/1014/829
f 829/1014/829 828/1011/828 833/1010/833
f 838/1018/838 835/1015/835 836/1016/836
f 836/1016/836 837/1017/837 838/1018/838
f 836/1016/836 839/1019/839 840/1020/840
f 840/1020/840 837/1017/837 836/1016/836
f 840/1024/840 841/1021/841 842/1022/842
f 842/1022/842 837/1023/837 840/1024/840
f 842/1022/842 843/1025/843 838/1026/838
f 838/1026/838 837/1023/837 842/1022/842
f 847/1030/847 844/1027/844 845/1028/845
f 845/1028/845 846/1029/846 847/1030/847
f 845/1028/845 848/1031/848 849/1032/849
f 849/1032/849 846/1029/846 845/1028/845
f 849/1036/849 850/1033/850 851/1034/851
f 851/1034/851 846/1035/846 849/1036/849
f 851/1034/851 852/1037/852 847/1038/847
f 847/1038/847 846/1035/846 851/1034/851
f 856/1042/856 853/1039/853 854/1040/854
f 854/1040/854 855/1041/855 856/1042/856
f 854/1040/854 857/1043/857 858/1044/858
f 858/1044/858 855/1041/855 854/1040/854
f 858/1048/858 859/1045/859 860/1046/860
f 860/1046/860 855/1047/855 858/1048/858
f 860/1046/860 861/1049/861 856/1050/856
f 856/1050/856 855/1047/855 860/1046/860
f 865/1054/865 862/1051/862 863/1052/863
f 863/1052/863 864/1053/864 865/1054/865
f 863/1052/863 866/1055/866 867/1056/867
f 867/1056/867 864/1053/864 863/1052/863
f 867/1060/867 868/1057/868 869/1058/869
f 869/1058/869 864/1059/864 867/1060/867
f 869/1058/869 870/1061/870 865/1062/865
f 865/1062/865 864/1059/864 869/1058/869
f 874/1066/874 871/1063/871 872/1064/872
f 872/1064/872 873/1065/873 874/1066/874
f 872/1064/872 875/1067/875 876/1068/876
f 876/1068/876 873/1065/873 872/1064/872
f 876/1072/876 877/1069/877 878/1070/878
f 878/1070/878 873/1071/873 876/1072/876
f 878/1070/878 879/1073/879 874/1074/874
f 874/1074/874 873/1071/873 878/1070/878
f 883/1078/883 880/1075/880 881/1076/881
f 881/1076/881 882/1077/882 883/1078/883
f 881/1076/881 884/1079/884 885/1080/885
f 885/1080/885 882/1077/882 881/1076/881
f 885/1084/885 886/1081/886 887/1082/887
f 887/1082/887 882/1083/882 885/1084/885
f 887/1082/887 888/1085/888 883/1086/883
f 883/1086/883 882/1083/882 887/1082/887
f 892/1090/892 889/1087/889 890/1088/890
f 890/1088/890 891/1089/891 892/1090/892
f 890/1088/890 893/1091/893 894/1092/894
f 894/1092/894 891/1089/891 890/1088/890
f 894/1096/894 895/1093/895 896/1094/896
f 896/1094/896 891/1095/891 894/1096/894
f 896/1094/896 897/1097/897 892/1098/892
f 892/1098/892 891/1095/891 896/1094/896
f 901/1102/901 898/1099/898 899/1100/899
f 899/1100/899 900/1101/900 901/1102/901
f 899/1100/899 902/1103/902 903/1104/903
f 903/1104/903 900/1101/900 899/1100/899
f 903/1108/903 904/1105/904 905/1106/905
f 905/1106/905 900/1107/900 903/1108/903
f 905/1106/905 906/1109/906 901/1110/901
f 901/1110/901 900/1107/900 905/1106/905
f 910/1114/910 907/1111/907 908/1112/908
f 908/1112/908 909/1113/909 910/1114/910
f 908/1112/908 911/1115/911 912/1116/912
f 912/1116/912 909/1113/909 908/1112/908
f 912/1120/912 913/1117/913 914/1118/914
f 914/1118/914 909/1119/909 912/1120/912
f 914/1118/914 915/1121/915 910/1122/910
f 910/1122/910 909/1119/909 914/1118/914
f 919/1126/919 916/1123/916 917/1124/917
f 917/1124/917 918/1125/918 919/1126/919
f 917/1124/917 920/1127/920 921/1128/921
f 921/1128/921 918/1125/918 917/1124/917
f 921/1132/921 922/1129/922 923/1130/923
f 923/1130/923 918/1131/918 921/1132/921
f 923/1130/923 924/1133/924 919/1134/919
f 919/1134/919 918/1131/918 923/1130/923
f 928/1138/928 925/1135/925 926/1136/926
f 926/1136/926 927/1137/927 928/1138/928
f 926/1136/926 929/1139/929 930/1140/930
f 930/1140/930 927/1137/927 926/1136/926
f 930/1144/930 931/1141/931 932/1142/932
f 932/1142/932 927/1143/927 930/1144/930
f 932/1142/932 933/1145/933 928/1146/928
f 928/1146/928 927/1143/927 932/1142/932
f 937/1150/937 934/1147/934 935/1148/935
f 935/1148/935 936/1149/936 937/1150/937
f 935/1154/935 938/1151/938 939/1152/939
f 939/1152/939 936/1153/936 935/1154/935
f 939/1152/939 940/1155/940 937/1156/937
f 937/1156/937 936/1153/936 939/1152/939
f 944/1160/944 941/1157/941 942/1158/942
f 942/1158/942 943/1159/943 944/1160/944
f 942/1164/942 945/1161/945 946/1162/946
f 946/1162/946 943/1163/943 942/1164/942
f 946/1162/946 947/1165/947 944/1166/944
f 944/1166/944 943/1163/943 946/1162/946
f 951/1170/951 948/1167/948 949/1168/949
f 949/1168/949 950/1169/950 951/1170/951
f 949/1168/949 952/1171/952 953/1172/953
f 953/1172/953 950/1169/950 949/1168/949
f 953/1176/953 954/1173/954 951/1174/951
f 951/1174/951 950/1175/950 953/1176/953
f 958/1180/958 955/1177/955 956/1178/956
f 956/1178/956 957/1179/957 958/1180/958
f 956/1184/956 959/1181/959 960/1182/960
f 960/1182/960 957/1183/957 956/1184/956
f 960/1182/960 961/1185/961 958/1186/958
f 958/1186/958 957/1183/957 960/1182/960
f 965/1190/965 962/1187/962 963/1188/963
f 963/1188/963 964/1189/964 965/1190/965
f 963/1194/963 966/1191/966 967/1192/967
f 967/1192/967 964/1193/964 963/1194/963
f 967/1196/967 968/1195/968 965/1190/965
f 965/1190/965 964/1189/964 967/1196/967
f 972/1200/972 969/1197/969 970/1198/970
f 970/1198/970 971/1199/971 972/1200/972
f 970/1198/970 973/1201/973 974/1202/974
f 974/1202/974 971/1199/971 970/1198/970
f 974/1206/974 975/1203/975 972/1204/972
f 972/1204/972 971/1205/971 974/1206/974
f 979/1210/979 976/1207/976 977/1208/977
f 977/1208/977 978/1209/978 979/1210/979
f 977/1208/977 980/1211/980 981/1212/981
f 981/1212/981 978/1209/978 977/1208/977
f 981/1216/981 982/1213/982 979/1214/979
f 979/1214/979 978/1215/978 981/1216/981
f 986/1220/986 983/1217/983 984/1218/984
f 984/1218/984 985/1219/985 986/1220/986
f 984/1224/984 987/1221/987 988/1222/988
f 988/1222/988 985/1223/985 984/1224/984
f 988/1222/988 989/1225/989 986/1226/986
f 986/1226/986 985/1223/985 988/1222/988
f 993/1230/993 990/1227/990 991/1228/991
f 991/1228/991 992/1229/992 993/1230/993
f 991/1234/991 994/1231/994 995/1232/995
f 995/1232/995 992/1233/992 991/1234/991
f 995/1232/995 996/1235/996 993/1236/993
f 993/1236/993 992/1233/992 995/1232/995
f 1000/1240/1000 997/1237/997 998/1238/998
f 998/1238/998 999/1239/999 1000/1240/1000
f 998/1244/998 1001/1241/1001 1002/1242/1002
f 1002/1242/1002 999/1243/999 998/1244/998
f 1002/1242/1002 1003/1245/1003 1000/1246/1000
f 1000/1246/1000 999/1243/999 1002/1242/1002
f 1007/1250/1007 1004/1247/1004 1005/1248/1005
f 1005/1248/1005 1006/1249/1006 1007/1250/1007
f 1005/1248/1005 1008/1251/1008 1009/1252/1009
f 1009/1252/1009 1006/1249/1006 1005/1248/1005
f 1009/1256/1009 1010/1253/1010 1007/1254/1007
f 1007/1254/1007 1006/1255/1006 1009/1256/1009
f 1014/1260/1014 1011/1257/1011 1012/1258/1012
f 1012/1258/1012 1013/1259/1013 1014/1260/1014
f 1012/1264/1012 1015/1261/1015 1016/1262/1016
f 1016/1262/1016 1013/1263/1013 1012/1264/1012
f 1016/1262/1016 1017/1265/1017 1014/1266/1014
f 1014/1266/1014 1013/1263/1013 1016/1262/1016
f 1021/1270/1021 1018/1267/1018 1019/1268/1019
f 1019/1268/1019 1020/1269/1020 1021/1270/1021
f 1019/1274/1019 1022/1271/1022 1023/1272/1023
f 1023/1272/1023 1020/1273/1020 1019/1274/1019
f 1023/1276/1023 1024/1275/1024 1021/1270/1021
f 1021/1270/1021 1020/1269/1020 1023/1276/1023
f 1028/1280/1028 1025/1277/1025 1026/1278/1026
f 1026/1278/1026 1027/1279/1027 1028/1280/1028
f 1026/1278/1026 1029/1281/1029 1030/1282/1030
f 1030/1282/1030 1027/1279/1027 1026/1278/1026
f 1030/1286/1030 1031/1283/1031 1028/1284/1028
f 1028/1284/1028 1027/1285/1027 1030/1286/1030
f 1035/1290/1035 1032/1287/1032 1033/1288/1033
f 1033/1288/1033 1034/1289/1034 1035/1290/1035
f 1033/1288/1033 1036/1291/1036 1037/1292/1037
f 1037/1292/1037 1034/1289/1034 1033/1288/1033
f 1037/1296/1037 1038/1293/1038 1035/1294/1035
f 1035/1294/1035 1034/1295/1034 1037/1296/1037
f 1042/1300/1042 1039/1297/1039 1040/1298/1040
f 1040/1298/1040 1041/1299/1041 1042/1300/1042
f 1040/1304/1040 1043/1301/1043 1044/1302/1044
f 1044/1302/1044 1041/1303/1041 1040/1304/1040
f 1044/1302/1044 1045/1305/1045 1042/1306/1042
f 1042/1306/1042 1041/1303/1041 1044/1302/1044
f 1047/1308/1047 347/389/347 346/388/346
f 346/388/346 1046/1307/1046 1047/1308/1047
f 346/388/346 345/387/345 1048/1309/1048
f 1048/1309/1048 1046/1307/1046 346/388/346
f 1048/1309/1048 354/396/354 353/395/353
f 353/395/353 1046/1307/1046 1048/1309/1048
f 353/395/353 352/394/352 1047/1308/1047
f 1047/1308/1047 1046/1307/1046 353/395/353
f 1050/1311/1050 361/403/361 360/402/360
f 360/402/360 1049/1310/1049 1050/1311/1050
f 360/402/360 359/401/359 1051/1312/1051
f 1051/1312/1051 1049/1310/1049 360/402/360
f 1051/1312/1051 352/394/352 349/391/349
f 349/391/349 1049/1310/1049 1051/1312/1051
f 349/391/349 348/390/348 1050/1311/1050
f 1050/1311/1050 1049/1310/1049 349/391/349
f 1053/1314/1053 368/410/368 367/409/367
f 367/409/367 1052/1313/1052 1053/1314/1053
f 367/409/367 366/408/366 1054/1315/1054
f 1054/1315/1054 1052/1313/1052 367/409/367
f 1054/1315/1054 359/401/359 356/398/356
f 356/398/356 1052/1313/1052 1054/1315/1054
f 356/398/356 355/397/355 1053/1314/1053
f 1053/1314/1053 1052/1313/1052 356/398/356
f 1056/1317/1056 366/408/366 363/405/363
f 363/405/363 1055/1316/1055 1056/1317/1056
f 363/405/363 362/404/362 1057/1318/1057
f 1057/1318/1057 1055/1316/1055 363/405/363
f 1057/1318/1057 341/383/341 344/386/344
f 344/386/344 1055/1316/1055 1057/1318/1057
f 344/386/344 347/389/347 1056/1317/1056
f 1056/1317/1056 1055/1316/1055 344/386/344
f 1059/1322/1059 18/1319/18 17/1320/17
f 17/1320/17 1058/1321/1058 1059/1322/1059
f 17/1320/17 16/1323/16 1060/1324/1060
f 1060/1324/1060 1058/1321/1058 17/1320/17
f 1060/1324/1060 36/1325/36 35/1326/35
f 35/1326/35 1058/1321/1058 1060/1324/1060
f 35/1326/35 34/1327/34 1059/1322/1059
f 1059/1322/1059 1058/1321/1058 35/1326/35
f 1062/1329/1062 286/322/286 285/321/285
f 285/321/285 1061/1328/1061 1062/1329/1062
f 285/321/285 284/320/284 1063/1330/1063
f 1063/1330/1063 1061/1328/1061 285/321/285
f 1063/1330/1063 34/34/34 33/33/33
f 33/33/33 1061/1328/1061 1063/1330/1063
f 33/33/33 32/32/32 1062/1329/1062
f 1062/1329/1062 1061/1328/1061 33/33/33
f 1065/1334/1065 277/1331/277 276/1332/276
f 276/1332/276 1064/1333/1064 1065/1334/1065
f 276/1332/276 275/1335/275 1066/1336/1066
f 1066/1336/1066 1064/1333/1064 276/1332/276
f 1066/1336/1066 284/1337/284 283/1338/283
f 283/1338/283 1064/1333/1064 1066/1336/1066
f 283/1338/283 282/1339/282 1065/1334/1065
f 1065/1334/1065 1064/1333/1064 283/1338/283
f 1068/1341/1068 275/311/275 274/310/274
f 274/310/274 1067/1340/1067 1068/1341/1068
f 274/310/274 273/309/273 1069/1342/1069
f 1069/1342/1069 1067/1340/1067 274/310/274
f 1069/1342/1069 10/10/10 13/13/13
f 13/13/13 1067/1340/1067 1069/1342/1069
f 13/13/13 18/18/18 1068/1341/1068
f 1068/1341/1068 1067/1340/1067 13/13/13
f 1071/1346/1071 9/1343/9 8/1344/8
f 8/1344/8 1070/1345/1070 1071/1346/1071
f 8/1344/8 7/1347/7 1072/1348/1072
f 1072/1348/1072 1070/1345/1070 8/1344/8
f 1072/1348/1072 27/1349/27 26/1350/26
f 26/1350/26 1070/1345/1070 1072/1348/1072
f 26/1350/26 25/1351/25 1071/1346/1071
f 1071/1346/1071 1070/1345/1070 26/1350/26
f 1074/1353/1074 304/340/304 303/339/303
f 303/339/303 1073/1352/1073 1074/1353/1074
f 303/339/303 302/338/302 1075/1354/1075
f 1075/1354/1075 1073/1352/1073 303/339/303
f 1075/1354/1075 7/7/7 6/6/6
f 6/6/6 1073/1352/1073 1075/1354/1075
f 6/6/6 5/5/5 1074/1353/1074
f 1074/1353/1074 1073/1352/1073 6/6/6
f 1077/1358/1077 295/1355/295 294/1356/294
f 294/1356/294 1076/1357/1076 1077/1358/1077
f 294/1356/294 293/1359/293 1078/1360/1078
f 1078/1360/1078 1076/1357/1076 294/1356/294
f 1078/1360/1078 302/1361/302 301/1362/301
f 301/1362/301 1076/1357/1076 1078/1360/1078
f 301/1362/301 300/1363/300 1077/1358/1077
f 1077/1358/1077 1076/1357/1076 301/1362/301
f 1080/1365/1080 293/329/293 292/328/292
f 292/328/292 1079/1364/1079 1080/1365/1080
f 292/328/292 291/327/291 1081/1366/1081
f 1081/1366/1081 1079/1364/1079 292/328/292
f 1081/1366/1081 19/19/19 22/22/22
f 22/22/22 1079/1364/1079 1081/1366/1081
f 22/22/22 27/27/27 1080/1365/1080
f 1080/1365/1080 1079/1364/1079 22/22/22
f 1083/1368/1083 115/127/115 114/126/114
f 114/126/114 1082/1367/1082 1083/1368/1083
f 114/126/114 113/125/113 1084/1369/1084
f 1084/1369/1084 1082/1367/1082 114/126/114
f 1084/1369/1084 322/364/322 321/362/321
f 321/362/321 1082/1367/1082 1084/1369/1084
f 321/362/321 320/361/320 1083/1368/1083
f 1083/1368/1083 1082/1367/1082 321/362/321
f 1086/1371/1086 313/349/313 312/352/312
f 312/352/312 1085/1370/1085 1086/1371/1086
f 312/1375/312 311/1372/311 1087/1373/1087
f 1087/1373/1087 1085/1374/1085 312/1375/312
f 1087/1373/1087 320/1376/320 319/1377/319
f 319/1377/319 1085/1374/1085 1087/1373/1087
f 319/358/319 318/357/318 1086/1371/1086
f 1086/1371/1086 1085/1370/1085 319/358/319
f 1089/1379/1089 97/109/97 96/108/96
f 96/108/96 1088/1378/1088 1089/1379/1089
f 96/108/96 95/107/95 1090/1380/1090
f 1090/1380/1090 1088/1378/1088 96/108/96
f 1090/1380/1090 311/347/311 310/346/310
f 310/346/310 1088/1378/1088 1090/1380/1090
f 310/346/310 309/345/309 1089/1379/1089
f 1089/1379/1089 1088/1378/1088 310/346/310
f 1092/1384/1092 107/1381/107 110/1382/110
f 110/1382/110 1091/1383/1091 1092/1384/1092
f 110/1382/110 115/1385/115 1093/1386/1093
f 1093/1386/1093 1091/1383/1091 110/1382/110
f 1093/1386/1093 95/1387/95 94/1388/94
f 94/1388/94 1091/1383/1091 1093/1386/1093
f 94/1388/94 93/1389/93 1092/1384/1092
f 1092/1384/1092 1091/1383/1091 94/1388/94
f 1095/1391/1095 106/118/106 105/117/105
f 105/117/105 1094/1390/1094 1095/1391/1095
f 105/117/105 104/116/104 1096/1392/1096
f 1096/1392/1096 1094/1390/1094 105/117/105
f 1096/1392/1096 340/382/340 339/381/339
f 339/381/339 1094/1390/1094 1096/1392/1096
f 339/381/339 338/380/338 1095/1391/1095
f 1095/1391/1095 1094/1390/1094 339/381/339
f 1098/1396/1098 331/1393/331 330/1394/330
f 330/1394/330 1097/1395/1097 1098/1396/1098
f 330/1400/330 329/1397/329 1099/1398/1099
f 1099/1398/1099 1097/1399/1097 330/1400/330
f 1099/1398/1099 338/1401/338 337/1402/337
f 337/1402/337 1097/1399/1097 1099/1398/1099
f 337/1404/337 336/1403/336 1098/1396/1098
f 1098/1396/1098 1097/1395/1097 337/1404/337
f 1101/1406/1101 124/136/124 123/135/123
f 123/135/123 1100/1405/1100 1101/1406/1101
f 123/135/123 122/134/122 1102/1407/1102
f 1102/1407/1102 1100/1405/1100 123/135/123
f 1102/1407/1102 329/371/329 328/370/328
f 328/370/328 1100/1405/1100 1102/1407/1102
f 328/370/328 327/369/327 1101/1406/1101
f 1101/1406/1101 1100/1405/1100 328/370/328
f 1104/1411/1104 122/1408/122 121/1409/121
f 121/1409/121 1103/1410/1103 1104/1411/1104
f 121/1409/121 120/1412/120 1105/1413/1105
f 1105/1413/1105 1103/1410/1103 121/1409/121
f 1105/1413/1105 98/1414/98 101/1415/101
f 101/1415/101 1103/1410/1103 1105/1413/1105
f 101/1415/101 106/1416/106 1104/1411/1104
f 1104/1411/1104 1103/1410/1103 101/1415/101
f 1107/1418/1107 142/154/142 141/153/141
f 141/153/141 1106/1417/1106 1107/1418/1107
f 141/153/141 140/152/140 1108/1419/1108
f 1108/1419/1108 1106/1417/1106 141/153/141
f 1108/1419/1108 223/247/223 222/246/222
f 222/246/222 1106/1417/1106 1108/1419/1108
f 222/246/222 221/245/221 1107/1418/1107
f 1107/1418/1107 1106/1417/1106 222/246/222
f 1110/1423/1110 214/1420/214 213/1421/213
f 213/1421/213 1109/1422/1109 1110/1423/1110
f 213/1421/213 212/1424/212 1111/1425/1111
f 1111/1425/1111 1109/1422/1109 213/1421/213
f 1111/1425/1111 221/1426/221 220/1427/220
f 220/1427/220 1109/1422/1109 1111/1425/1111
f 220/1427/220 219/1428/219 1110/1423/1110
f 1110/1423/1110 1109/1422/1109 220/1427/220
f 1113/1430/1113 133/145/133 132/144/132
f 132/144/132 1112/1429/1112 1113/1430/1113
f 132/144/132 131/143/131 1114/1431/1114
f 1114/1431/1114 1112/1429/1112 132/144/132
f 1114/1431/1114 212/236/212 211/235/211
f 211/235/211 1112/1429/1112 1114/1431/1114
f 211/235/211 210/234/210 1113/1430/1113
f 1113/1430/1113 1112/1429/1112 211/235/211
f 1116/1435/1116 134/1432/134 137/1433/137
f 137/1433/137 1115/1434/1115 1116/1435/1116
f 137/1433/137 142/1436/142 1117/1437/1117
f 1117/1437/1117 1115/1434/1115 137/1433/137
f 1117/1437/1117 131/1438/131 130/1439/130
f 130/1439/130 1115/1434/1115 1117/1437/1117
f 130/1439/130 129/1440/129 1116/1435/1116
f 1116/1435/1116 1115/1434/1115 130/1439/130
f 1119/1442/1119 160/172/160 159/171/159
f 159/171/159 1118/1441/1118 1119/1442/1119
f 159/171/159 158/170/158 1120/1443/1120
f 1120/1443/1120 1118/1441/1118 159/171/159
f 1120/1443/1120 205/229/205 204/228/204
f 204/228/204 1118/1441/1118 1120/1443/1120
f 204/228/204 203/227/203 1119/1442/1119
f 1119/1442/1119 1118/1441/1118 204/228/204
f 1122/1447/1122 232/1444/232 231/1445/231
f 231/1445/231 1121/1446/1121 1122/1447/1122
f 231/1445/231 230/1448/230 1123/1449/1123
f 1123/1449/1123 1121/1446/1121 231/1445/231
f 1123/1449/1123 203/1450/203 202/1451/202
f 202/1451/202 1121/1446/1121 1123/1449/1123
f 202/1451/202 201/1452/201 1122/1447/1122
f 1122/1447/1122 1121/1446/1121 202/1451/202
f 1125/1454/1125 151/163/151 150/162/150
f 150/162/150 1124/1453/1124 1125/1454/1125
f 150/162/150 149/161/149 1126/1455/1126
f 1126/1455/1126 1124/1453/1124 150/162/150
f 1126/1455/1126 230/254/230 229/253/229
f 229/253/229 1124/1453/1124 1126/1455/1126
f 229/253/229 228/252/228 1125/1454/1125
f 1125/1454/1125 1124/1453/1124 229/253/229
f 1128/1459/1128 152/1456/152 155/1457/155
f 155/1457/155 1127/1458/1127 1128/1459/1128
f 155/1457/155 160/1460/160 1129/1461/1129
f 1129/1461/1129 1127/1458/1127 155/1457/155
f 1129/1461/1129 149/1462/149 148/1463/148
f 148/1463/148 1127/1458/1127 1129/1461/1129
f 148/1463/148 147/1464/147 1128/1459/1128
f 1128/1459/1128 1127/1458/1127 148/1463/148
f 1131/1466/1131 187/207/187 186/208/186
f 186/208/186 1130/1465/1130 1131/1466/1131
f 186/206/186 185/205/185 1132/1467/1132
f 1132/1467/1132 1130/1468/1130 186/206/186
f 1132/1467/1132 259/291/259 258/292/258
f 258/292/258 1130/1468/1130 1132/1467/1132
f 258/290/258 257/289/257 1131/1466/1131
f 1131/1466/1131 1130/1465/1130 258/290/258
f 1134/1470/1134 250/279/250 249/276/249
f 249/276/249 1133/1469/1133 1134/1470/1134
f 249/276/249 248/275/248 1135/1471/1135
f 1135/1471/1135 1133/1469/1133 249/276/249
f 1135/1471/1135 257/289/257 256/286/256
f 256/286/256 1133/1469/1133 1135/1471/1135
f 256/286/256 255/285/255 1134/1470/1134
f 1134/1470/1134 1133/1469/1133 256/286/256
f 1137/1473/1137 178/195/178 177/196/177
f 177/196/177 1136/1472/1136 1137/1473/1137
f 177/194/177 176/193/176 1138/1474/1138
f 1138/1474/1138 1136/1475/1136 177/194/177
f 1138/1474/1138 248/275/248 247/278/247
f 247/278/247 1136/1475/1136 1138/1474/1138
f 247/274/247 246/273/246 1137/1473/1137
f 1137/1473/1137 1136/1472/1136 247/274/247
f 1140/1477/1140 179/197/179 182/200/182
f 182/200/182 1139/1476/1139 1140/1477/1140
f 182/200/182 187/207/187 1141/1478/1141
f 1141/1478/1141 1139/1476/1139 182/200/182
f 1141/1478/1141 176/193/176 175/190/175
f 175/190/175 1139/1476/1139 1141/1478/1141
f 175/190/175 174/189/174 1140/1477/1140
f 1140/1477/1140 1139/1476/1139 175/190/175
f 1143/1480/1143 169/183/169 168/184/168
f 168/184/168 1142/1479/1142 1143/1480/1143
f 168/182/168 167/181/167 1144/1481/1144
f 1144/1481/1144 1142/1482/1142 168/182/168
f 1144/1481/1144 241/267/241 240/268/240
f 240/268/240 1142/1482/1142 1144/1481/1144
f 240/266/240 239/265/239 1143/1480/1143
f 1143/1480/1143 1142/1479/1142 240/266/240
f 1146/1484/1146 268/303/268 267/300/267
f 267/300/267 1145/1483/1145 1146/1484/1146
f 267/300/267 266/299/266 1147/1485/1147
f 1147/1485/1147 1145/1483/1145 267/300/267
f 1147/1485/1147 239/265/239 238/262/238
f 238/262/238 1145/1483/1145 1147/1485/1147
f 238/262/238 237/261/237 1146/1484/1146
f 1146/1484/1146 1145/1483/1145 238/262/238
f 1149/1487/1149 196/219/196 195/220/195
f 195/220/195 1148/1486/1148 1149/1487/1149
f 195/218/195 194/217/194 1150/1488/1150
f 1150/1488/1150 1148/1489/1148 195/218/195
f 1150/1488/1150 266/299/266 265/302/265
f 265/302/265 1148/1489/1148 1150/1488/1150
f 265/298/265 264/297/264 1149/1487/1149
f 1149/1487/1149 1148/1486/1148 265/298/265
f 1152/1491/1152 194/217/194 193/214/193
f 193/214/193 1151/1490/1151 1152/1491/1152
f 193/214/193 192/213/192 1153/1492/1153
f 1153/1492/1153 1151/1490/1151 193/214/193
f 1153/1492/1153 161/173/161 164/176/164
f 164/176/164 1151/1490/1151 1153/1492/1153
f 164/176/164 169/183/169 1152/1491/1152
f 1152/1491/1152 1151/1490/1151 164/176/164
f 1155/1494/1155 219/243/219 216/240/216
f 216/240/216 1154/1493/1154 1155/1494/1155
f 216/240/216 215/239/215 1156/1495/1156
f 1156/1495/1156 1154/1493/1154 216/240/216
f 1156/1495/1156 111/123/111 108/120/108
f 108/120/108 1154/1493/1154 1156/1495/1156
f 108/120/108 107/119/107 1155/1494/1155
f 1155/1494/1155 1154/1493/1154 108/120/108
f 1158/1497/1158 206/230/206 209/233/209
f 209/233/209 1157/1496/1157 1158/1497/1158
f 209/233/209 214/238/214 1159/1498/1159
f 1159/1498/1159 1157/1496/1157 209/233/209
f 1159/1498/1159 93/105/93 90/102/90
f 90/102/90 1157/1496/1157 1159/1498/1159
f 90/102/90 89/101/89 1158/1497/1158
f 1158/1497/1158 1157/1496/1157 90/102/90
f 1161/1500/1161 201/225/201 198/222/198
f 198/222/198 1160/1499/1160 1161/1500/1161
f 198/222/198 197/221/197 1162/1501/1162
f 1162/1501/1162 1160/1499/1160 198/222/198
f 1162/1501/1162 102/114/102 99/111/99
f 99/111/99 1160/1499/1160 1162/1501/1162
f 99/111/99 98/110/98 1161/1500/1161
f 1161/1500/1161 1160/1499/1160 99/111/99
f 1164/1503/1164 224/248/224 227/251/227
f 227/251/227 1163/1502/1163 1164/1503/1164
f 227/251/227 232/256/232 1165/1504/1165
f 1165/1504/1165 1163/1502/1163 227/251/227
f 1165/1504/1165 120/132/120 117/129/117
f 117/129/117 1163/1502/1163 1165/1504/1165
f 117/129/117 116/128/116 1164/1503/1164
f 1164/1503/1164 1163/1502/1163 117/129/117
f 1167/1506/1167 62/67/62 61/68/61
f 61/68/61 1166/1505/1166 1167/1506/1167
f 61/66/61 60/65/60 1168/1507/1168
f 1168/1507/1168 1166/1508/1166 61/66/61
f 1168/1507/1168 242/269/242 245/272/245
f 245/272/245 1166/1508/1166 1168/1507/1168
f 245/280/245 250/279/250 1167/1506/1167
f 1167/1506/1167 1166/1505/1166 245/280/245
f 1170/1510/1170 49/52/49 48/50/48
f 48/50/48 1169/1509/1169 1170/1510/1170
f 48/50/48 47/49/47 1171/1511/1171
f 1171/1511/1171 1169/1509/1169 48/50/48
f 1171/1511/1171 60/65/60 59/64/59
f 59/64/59 1169/1509/1169 1171/1511/1171
f 59/64/59 58/63/58 1170/1510/1170
f 1170/1510/1170 1169/1509/1169 59/64/59
f 1173/1513/1173 237/261/237 234/264/234
f 234/264/234 1172/1512/1172 1173/1513/1173
f 234/258/234 233/257/233 1174/1514/1174
f 1174/1514/1174 1172/1515/1172 234/258/234
f 1174/1514/1174 47/49/47 46/51/46
f 46/51/46 1172/1515/1172 1174/1514/1174
f 46/48/46 45/47/45 1173/1513/1173
f 1173/1513/1173 1172/1512/1172 46/48/46
f 1176/1517/1176 246/273/246 243/270/243
f 243/270/243 1175/1516/1175 1176/1517/1176
f 243/270/243 242/269/242 1177/1518/1177
f 1177/1518/1177 1175/1516/1175 243/270/243
f 1177/1518/1177 233/257/233 236/260/236
f 236/260/236 1175/1516/1175 1177/1518/1177
f 236/260/236 241/267/241 1176/1517/1176
f 1176/1517/1176 1175/1516/1175 236/260/236
f 1179/1520/1179 88/99/88 87/100/87
f 87/100/87 1178/1519/1178 1179/1520/1179
f 87/98/87 86/97/86 1180/1521/1180
f 1180/1521/1180 1178/1522/1178 87/98/87
f 1180/1521/1180 255/285/255 252/288/252
f 252/288/252 1178/1522/1178 1180/1521/1180
f 252/282/252 251/281/251 1179/1520/1179
f 1179/1520/1179 1178/1519/1178 252/282/252
f 1182/1524/1182 86/97/86 85/96/85
f 85/96/85 1181/1523/1181 1182/1524/1182
f 85/96/85 84/95/84 1183/1525/1183
f 1183/1525/1183 1181/1523/1181 85/96/85
f 1183/1525/1183 50/53/50 53/56/53
f 53/56/53 1181/1523/1181 1183/1525/1183
f 53/56/53 62/67/62 1182/1524/1182
f 1182/1524/1182 1181/1523/1181 53/56/53
f 1185/1527/1185 75/83/75 74/84/74
f 74/84/74 1184/1526/1184 1185/1527/1185
f 74/82/74 73/81/73 1186/1528/1186
f 1186/1528/1186 1184/1529/1184 74/82/74
f 1186/1528/1186 260/293/260 263/296/263
f 263/296/263 1184/1529/1184 1186/1528/1186
f 263/304/263 268/303/268 1185/1527/1185
f 1185/1527/1185 1184/1526/1184 263/304/263
f 1188/1531/1188 76/85/76 79/88/79
f 79/88/79 1187/1530/1187 1188/1531/1188
f 79/88/79 88/99/88 1189/1532/1189
f 1189/1532/1189 1187/1530/1187 79/88/79
f 1189/1532/1189 73/81/73 72/80/72
f 72/80/72 1187/1530/1187 1189/1532/1189
f 72/80/72 71/79/71 1188/1531/1188
f 1188/1531/1188 1187/1530/1187 72/80/72
f 1191/1534/1191 264/297/264 261/294/261
f 261/294/261 1190/1533/1190 1191/1534/1191
f 261/294/261 260/293/260 1192/1535/1192
f 1192/1535/1192 1190/1533/1190 261/294/261
f 1192/1535/1192 251/281/251 254/284/254
f 254/284/254 1190/1533/1190 1192/1535/1192
f 254/284/254 259/291/259 1191/1534/1191
f 1191/1534/1191 1190/1533/1190 254/284/254
f 1194/1537/1194 63/69/63 66/72/66
f 66/72/66 1193/1536/1193 1194/1537/1194
f 66/72/66 75/83/75 1195/1538/1195
f 1195/1538/1195 1193/1536/1193 66/72/66
f 1195/1538/1195 45/47/45 44/46/44
f 44/46/44 1193/1536/1193 1195/1538/1195
f 44/46/44 43/45/43 1194/1537/1194
f 1194/1537/1194 1193/1536/1193 44/46/44
f 1197/1540/1197 282/318/282 279/315/279
f 279/315/279 1196/1539/1196 1197/1540/1197
f 279/315/279 278/314/278 1198/1541/1198
f 1198/1541/1198 1196/1539/1196 279/315/279
f 1198/1541/1198 138/150/138 135/147/135
f 135/147/135 1196/1539/1196 1198/1541/1198
f 135/147/135 134/146/134 1197/1540/1197
f 1197/1540/1197 1196/1539/1196 135/147/135
f 1200/1543/1200 269/305/269 272/308/272
f 272/308/272 1199/1542/1199 1200/1543/1200
f 272/308/272 277/313/277 1201/1544/1201
f 1201/1544/1201 1199/1542/1199 272/308/272
f 1201/1544/1201 129/141/129 126/138/126
f 126/138/126 1199/1542/1199 1201/1544/1201
f 126/138/126 125/137/125 1200/1543/1200
f 1200/1543/1200 1199/1542/1199 126/138/126
f 1203/1546/1203 300/336/300 297/333/297
f 297/333/297 1202/1545/1202 1203/1546/1203
f 297/333/297 296/332/296 1204/1547/1204
f 1204/1547/1204 1202/1545/1202 297/333/297
f 1204/1547/1204 156/168/156 153/165/153
f 153/165/153 1202/1545/1202 1204/1547/1204
f 153/165/153 152/164/152 1203/1546/1203
f 1203/1546/1203 1202/1545/1202 153/165/153
f 1206/1549/1206 287/323/287 290/326/290
f 290/326/290 1205/1548/1205 1206/1549/1206
f 290/326/290 295/331/295 1207/1550/1207
f 1207/1550/1207 1205/1548/1205 290/326/290
f 1207/1550/1207 147/159/147 144/156/144
f 144/156/144 1205/1548/1205 1207/1550/1207
f 144/156/144 143/155/143 1206/1549/1206
f 1206/1549/1206 1205/1548/1205 144/156/144
f 1209/1552/1209 318/357/318 315/360/315
f 315/360/315 1208/1551/1208 1209/1552/1209
f 315/354/315 314/353/314 1210/1553/1210
f 1210/1553/1210 1208/1554/1208 315/354/315
f 1210/1553/1210 183/201/183 180/204/180
f 180/204/180 1208/1554/1208 1210/1553/1210
f 180/198/180 179/197/179 1209/1552/1209
f 1209/1552/1209 1208/1551/1208 180/198/180
f 1212/1556/1212 305/341/305 308/344/308
f 308/344/308 1211/1555/1211 1212/1556/1212
f 308/350/308 313/349/313 1213/1557/1213
f 1213/1557/1213 1211/1558/1211 308/350/308
f 1213/1557/1213 174/189/174 171/192/171
f 171/192/171 1211/1558/1211 1213/1557/1213
f 171/186/171 170/185/170 1212/1556/1212
f 1212/1556/1212 1211/1555/1211 171/186/171
f 1215/1561/1215 336/1403/336 333/1559/333
f 333/1559/333 1214/1560/1214 1215/1561/1215
f 333/375/333 332/374/332 1216/1562/1216
f 1216/1562/1216 1214/1563/1214 333/375/333
f 1216/1562/1216 165/177/165 162/180/162
f 162/180/162 1214/1563/1214 1216/1562/1216
f 162/174/162 161/173/161 1215/1561/1215
f 1215/1561/1215 1214/1560/1214 162/174/162
f 1218/1565/1218 323/365/323 326/368/326
f 326/368/326 1217/1564/1217 1218/1565/1218
f 326/1568/326 331/1393/331 1219/1566/1219
f 1219/1566/1219 1217/1567/1217 326/1568/326
f 1219/1566/1219 192/213/192 189/216/189
f 189/216/189 1217/1567/1217 1219/1566/1219
f 189/210/189 188/209/188 1218/1565/1218
f 1218/1565/1218 1217/1564/1217 189/210/189
f 1221/1570/1221 510/567/510 509/566/509
f 509/566/509 1220/1569/1220 1221/1570/1221
f 509/566/509 508/565/508 1222/1571/1222
f 1222/1571/1222 1220/1569/1220 509/566/509
f 1222/1571/1222 25/25/25 24/24/24
f 24/24/24 1220/1569/1220 1222/1571/1222
f 24/24/24 23/23/23 1221/1570/1221
f 1221/1570/1221 1220/1569/1220 24/24/24
f 1224/1575/1224 501/1572/501 500/1573/500
f 500/1573/500 1223/1574/1223 1224/1575/1224
f 500/1573/500 499/1576/499 1225/1577/1225
f 1225/1577/1225 1223/1574/1223 500/1573/500
f 1225/1577/1225 508/1578/508 507/1579/507
f 507/1579/507 1223/1574/1223 1225/1577/1225
f 507/1579/507 506/1580/506 1224/1575/1224
f 1224/1575/1224 1223/1574/1223 507/1579/507
f 1227/1582/1227 499/556/499 498/555/498
f 498/555/498 1226/1581/1226 1227/1582/1227
f 498/555/498 497/554/497 1228/1583/1228
f 1228/1583/1228 1226/1581/1226 498/555/498
f 1228/1583/1228 1/1/1 4/4/4
f 4/4/4 1226/1581/1226 1228/1583/1228
f 4/4/4 9/9/9 1227/1582/1227
f 1227/1582/1227 1226/1581/1226 4/4/4
f 1230/1585/1230 32/32/32 29/29/29
f 29/29/29 1229/1584/1229 1230/1585/1230
f 29/29/29 28/28/28 1231/1586/1231
f 1231/1586/1231 1229/1584/1229 29/29/29
f 1231/1586/1231 23/23/23 20/20/20
f 20/20/20 1229/1584/1229 1231/1586/1231
f 20/20/20 19/19/19 1230/1585/1230
f 1230/1585/1230 1229/1584/1229 20/20/20
f 1233/1588/1233 519/576/519 518/575/518
f 518/575/518 1232/1587/1232 1233/1588/1233
f 518/575/518 517/574/517 1234/1589/1234
f 1234/1589/1234 1232/1587/1232 518/575/518
f 1234/1589/1234 28/28/28 31/31/31
f 31/31/31 1232/1587/1232 1234/1589/1234
f 31/31/31 36/36/36 1233/1588/1233
f 1233/1588/1233 1232/1587/1232 31/31/31
f 1236/1591/1236 517/574/517 516/573/516
f 516/573/516 1235/1590/1235 1236/1591/1236
f 516/573/516 515/572/515 1237/1592/1237
f 1237/1592/1237 1235/1590/1235 516/573/516
f 1237/1592/1237 502/559/502 505/562/505
f 505/562/505 1235/1590/1235 1237/1592/1237
f 505/562/505 510/567/510 1236/1591/1236
f 1236/1591/1236 1235/1590/1235 505/562/505
f 1239/1594/1239 528/585/528 527/584/527
f 527/584/527 1238/1593/1238 1239/1594/1239
f 527/584/527 526/583/526 1240/1595/1240
f 1240/1595/1240 1238/1593/1238 527/584/527
f 1240/1595/1240 16/16/16 15/15/15
f 15/15/15 1238/1593/1238 1240/1595/1240
f 15/15/15 14/14/14 1239/1594/1239
f 1239/1594/1239 1238/1593/1238 15/15/15
f 1242/1599/1242 526/1596/526 525/1597/525
f 525/1597/525 1241/1598/1241 1242/1599/1242
f 525/1597/525 524/1600/524 1243/1601/1243
f 1243/1601/1243 1241/1598/1241 525/1597/525
f 1243/1601/1243 511/1602/511 514/1603/514
f 514/1603/514 1241/1598/1241 1243/1601/1243
f 514/1603/514 519/1604/519 1242/1599/1242
f 1242/1599/1242 1241/1598/1241 514/1603/514
f 1245/1606/1245 14/14/14 11/11/11
f 11/11/11 1244/1605/1244 1245/1606/1245
f 11/11/11 10/10/10 1246/1607/1246
f 1246/1607/1246 1244/1605/1244 11/11/11
f 1246/1607/1246 5/5/5 2/2/2
f 2/2/2 1244/1605/1244 1246/1607/1246
f 2/2/2 1/1/1 1245/1606/1245
f 1245/1606/1245 1244/1605/1244 2/2/2
f 1248/1609/1248 520/577/520 523/580/523
f 523/580/523 1247/1608/1247 1248/1609/1248
f 523/580/523 528/585/528 1249/1610/1249
f 1249/1610/1249 1247/1608/1247 523/580/523
f 1249/1610/1249 497/554/497 494/551/494
f 494/551/494 1247/1608/1247 1249/1610/1249
f 494/551/494 493/550/493 1248/1609/1248
f 1248/1609/1248 1247/1608/1247 494/551/494
f 1251/1612/1251 394/441/394 393/438/393
f 393/438/393 1250/1611/1250 1251/1612/1251
f 393/438/393 392/437/392 1252/1613/1252
f 1252/1613/1252 1250/1611/1250 393/438/393
f 1252/1613/1252 56/1614/56 55/58/55
f 55/58/55 1250/1611/1250 1252/1613/1252
f 55/58/55 54/57/54 1251/1612/1251
f 1251/1612/1251 1250/1611/1250 55/58/55
f 1254/1616/1254 381/426/381 380/424/380
f 380/424/380 1253/1615/1253 1254/1616/1254
f 380/424/380 379/423/379 1255/1617/1255
f 1255/1617/1255 1253/1615/1253 380/424/380
f 1255/1617/1255 390/435/390 389/434/389
f 389/434/389 1253/1615/1253 1255/1617/1255
f 389/434/389 388/433/388 1254/1616/1254
f 1254/1616/1254 1253/1615/1253 389/434/389
f 1257/1619/1257 377/421/377 376/418/376
f 376/418/376 1256/1618/1256 1257/1619/1257
f 376/418/376 375/417/375 1258/1620/1258
f 1258/1620/1258 1256/1618/1256 376/418/376
f 1258/1620/1258 41/41/41 38/44/38
f 38/44/38 1256/1618/1256 1258/1620/1258
f 38/38/38 37/37/37 1257/1621/1257
f 1257/1621/1257 1256/1622/1256 38/38/38
f 1260/1624/1260 407/457/407 406/454/406
f 406/454/406 1259/1623/1259 1260/1624/1260
f 406/454/406 405/453/405 1261/1625/1261
f 1261/1625/1261 1259/1623/1259 406/454/406
f 1261/1625/1261 82/91/82 81/94/81
f 81/94/81 1259/1623/1259 1261/1625/1261
f 81/94/81 80/1626/80 1260/1624/1260
f 1260/1624/1260 1259/1623/1259 81/94/81
f 1263/1628/1263 403/451/403 402/450/402
f 402/450/402 1262/1627/1262 1263/1628/1263
f 402/450/402 401/449/401 1264/1629/1264
f 1264/1629/1264 1262/1627/1262 402/450/402
f 1264/1629/1264 386/431/386 383/428/383
f 383/428/383 1262/1627/1262 1264/1629/1264
f 383/428/383 382/427/382 1263/1628/1263
f 1263/1628/1263 1262/1627/1262 383/428/383
f 1266/1631/1266 420/473/420 419/470/419
f 419/470/419 1265/1630/1265 1266/1631/1266
f 419/470/419 418/469/418 1267/1632/1267
f 1267/1632/1267 1265/1630/1265 419/470/419
f 1267/1634/1267 69/75/69 68/78/68
f 68/78/68 1265/1633/1265 1267/1634/1267
f 68/74/68 67/73/67 1266/1631/1266
f 1266/1631/1266 1265/1630/1265 68/74/68
f 1269/1636/1269 416/467/416 415/466/415
f 415/466/415 1268/1635/1268 1269/1636/1269
f 415/466/415 414/465/414 1270/1637/1270
f 1270/1637/1270 1268/1635/1268 415/466/415
f 1270/1637/1270 399/447/399 396/444/396
f 396/444/396 1268/1635/1268 1270/1637/1270
f 396/444/396 395/443/395 1269/1636/1269
f 1269/1636/1269 1268/1635/1268 396/444/396
f 1272/1639/1272 412/463/412 409/460/409
f 409/460/409 1271/1638/1271 1272/1639/1272
f 409/460/409 408/459/408 1273/1640/1273
f 1273/1640/1273 1271/1638/1271 409/460/409
f 1273/1640/1273 373/415/373 370/412/370
f 370/412/370 1271/1638/1271 1273/1640/1273
f 370/412/370 369/411/369 1272/1639/1272
f 1272/1639/1272 1271/1638/1271 370/412/370
f 1275/1642/1275 438/492/438 437/491/437
f 437/491/437 1274/1641/1274 1275/1642/1275
f 437/491/437 436/490/436 1276/1643/1276
f 1276/1643/1276 1274/1641/1274 437/491/437
f 1276/1647/1276 348/1644/348 351/1645/351
f 351/1645/351 1274/1646/1274 1276/1647/1276
f 351/1649/351 354/1648/354 1275/1642/1275
f 1275/1642/1275 1274/1641/1274 351/1649/351
f 1278/1651/1278 429/483/429 428/482/428
f 428/482/428 1277/1650/1277 1278/1651/1278
f 428/482/428 427/481/427 1279/1652/1279
f 1279/1652/1279 1277/1650/1277 428/482/428
f 1279/1652/1279 345/1653/345 342/1654/342
f 342/1654/342 1277/1650/1277 1279/1652/1279
f 342/1658/342 341/1655/341 1278/1656/1278
f 1278/1656/1278 1277/1657/1277 342/1658/342
f 1281/1660/1281 430/484/430 433/487/433
f 433/487/433 1280/1659/1280 1281/1660/1281
f 433/487/433 438/492/438 1282/1661/1282
f 1282/1661/1282 1280/1659/1280 433/487/433
f 1282/1661/1282 427/481/427 426/480/426
f 426/480/426 1280/1659/1280 1282/1661/1282
f 426/480/426 425/479/425 1281/1660/1281
f 1281/1660/1281 1280/1659/1280 426/480/426
f 1284/1663/1284 447/503/447 446/500/446
f 446/500/446 1283/1662/1283 1284/1663/1284
f 446/500/446 445/499/445 1285/1664/1285
f 1285/1664/1285 1283/1662/1283 446/500/446
f 1285/1668/1285 355/1665/355 358/1666/358
f 358/1666/358 1283/1667/1283 1285/1668/1285
f 358/1672/358 361/1669/361 1284/1670/1284
f 1284/1670/1284 1283/1671/1283 358/1672/358
f 1287/1676/1287 439/1673/439 442/1674/442
f 442/1674/442 1286/1675/1286 1287/1676/1287
f 442/504/442 447/503/447 1288/1677/1288
f 1288/1677/1288 1286/1678/1286 442/504/442
f 1288/1677/1288 436/490/436 435/489/435
f 435/489/435 1286/1678/1286 1288/1677/1288
f 435/1680/435 434/1679/434 1287/1676/1287
f 1287/1676/1287 1286/1675/1286 435/1680/435
f 1290/1682/1290 456/513/456 455/512/455
f 455/512/455 1289/1681/1289 1290/1682/1290
f 455/512/455 454/511/454 1291/1683/1291
f 1291/1683/1291 1289/1681/1289 455/512/455
f 1291/1687/1291 362/1684/362 365/1685/365
f 365/1685/365 1289/1686/1289 1291/1687/1291
f 365/1689/365 368/1688/368 1290/1682/1290
f 1290/1682/1290 1289/1681/1289 365/1689/365
f 1293/1691/1293 448/505/448 451/508/451
f 451/508/451 1292/1690/1292 1293/1691/1293
f 451/508/451 456/513/456 1294/1692/1294
f 1294/1692/1294 1292/1690/1292 451/508/451
f 1294/1692/1294 445/499/445 444/502/444
f 444/502/444 1292/1690/1292 1294/1692/1294
f 444/502/444 443/1693/443 1293/1691/1293
f 1293/1691/1293 1292/1690/1292 444/502/444
f 1296/1695/1296 454/511/454 453/510/453
f 453/510/453 1295/1694/1295 1296/1695/1296
f 453/1699/453 452/1696/452 1297/1697/1297
f 1297/1697/1297 1295/1698/1295 453/1699/453
f 1297/1697/1297 421/1700/421 424/1701/424
f 424/1701/424 1295/1698/1295 1297/1697/1297
f 424/478/424 429/483/429 1296/1695/1296
f 1296/1695/1296 1295/1694/1295 424/478/424
f 1299/1703/1299 474/531/474 473/530/473
f 473/530/473 1298/1702/1298 1299/1703/1299
f 473/530/473 472/529/472 1300/1704/1300
f 1300/1704/1300 1298/1702/1298 473/530/473
f 1300/1704/1300 434/1679/434 431/1705/431
f 431/1705/431 1298/1702/1298 1300/1704/1300
f 431/1705/431 430/1706/430 1299/1703/1299
f 1299/1703/1299 1298/1702/1298 431/1705/431
f 1302/1708/1302 465/522/465 464/521/464
f 464/521/464 1301/1707/1301 1302/1708/1302
f 464/521/464 463/520/463 1303/1709/1303
f 1303/1709/1303 1301/1707/1301 464/521/464
f 1303/1709/1303 425/1710/425 422/1711/422
f 422/1711/422 1301/1707/1301 1303/1709/1303
f 422/1711/422 421/1700/421 1302/1708/1302
f 1302/1708/1302 1301/1707/1301 422/1711/422
f 1305/1715/1305 466/1712/466 469/1713/469
f 469/1713/469 1304/1714/1304 1305/1715/1305
f 469/1713/469 474/1716/474 1306/1717/1306
f 1306/1717/1306 1304/1714/1304 469/1713/469
f 1306/1717/1306 463/1718/463 462/1719/462
f 462/1719/462 1304/1714/1304 1306/1717/1306
f 462/1719/462 461/1720/461 1305/1715/1305
f 1305/1715/1305 1304/1714/1304 462/1719/462
f 1308/1722/1308 483/540/483 482/539/482
f 482/539/482 1307/1721/1307 1308/1722/1308
f 482/539/482 481/538/481 1309/1723/1309
f 1309/1723/1309 1307/1721/1307 482/539/482
f 1309/1723/1309 443/1724/443 440/1725/440
f 440/1725/440 1307/1721/1307 1309/1723/1309
f 440/1725/440 439/1673/439 1308/1722/1308
f 1308/1722/1308 1307/1721/1307 440/1725/440
f 1311/1727/1311 475/532/475 478/535/478
f 478/535/478 1310/1726/1310 1311/1727/1311
f 478/535/478 483/540/483 1312/1728/1312
f 1312/1728/1312 1310/1726/1310 478/535/478
f 1312/1728/1312 472/529/472 471/528/471
f 471/528/471 1310/1726/1310 1312/1728/1312
f 471/528/471 470/527/470 1311/1727/1311
f 1311/1727/1311 1310/1726/1310 471/528/471
f 1314/1730/1314 492/549/492 491/548/491
f 491/548/491 1313/1729/1313 1314/1730/1314
f 491/548/491 490/547/490 1315/1731/1315
f 1315/1731/1315 1313/1729/1313 491/548/491
f 1315/1731/1315 452/1696/452 449/1732/449
f 449/1732/449 1313/1729/1313 1315/1731/1315
f 449/1732/449 448/1733/448 1314/1730/1314
f 1314/1730/1314 1313/1729/1313 449/1732/449
f 1317/1737/1317 484/1734/484 487/1735/487
f 487/1735/487 1316/1736/1316 1317/1737/1317
f 487/1735/487 492/1738/492 1318/1739/1318
f 1318/1739/1318 1316/1736/1316 487/1735/487
f 1318/1739/1318 481/1740/481 480/1741/480
f 480/1741/480 1316/1736/1316 1318/1739/1318
f 480/1741/480 479/1742/479 1317/1737/1317
f 1317/1737/1317 1316/1736/1316 480/1741/480
f 1320/1744/1320 490/547/490 489/546/489
f 489/546/489 1319/1743/1319 1320/1744/1320
f 489/546/489 488/545/488 1321/1745/1321
f 1321/1745/1321 1319/1743/1319 489/546/489
f 1321/1745/1321 457/514/457 460/517/460
f 460/517/460 1319/1743/1319 1321/1745/1321
f 460/517/460 465/522/465 1320/1744/1320
f 1320/1744/1320 1319/1743/1319 460/517/460
f 1323/1747/1323 506/563/506 503/560/503
f 503/560/503 1322/1746/1322 1323/1747/1323
f 503/560/503 502/559/502 1324/1748/1324
f 1324/1748/1324 1322/1746/1322 503/560/503
f 1324/1748/1324 470/527/470 467/524/467
f 467/524/467 1322/1746/1322 1324/1748/1324
f 467/524/467 466/523/466 1323/1747/1323
f 1323/1747/1323 1322/1746/1322 467/524/467
f 1326/1750/1326 493/550/493 496/553/496
f 496/553/496 1325/1749/1325 1326/1750/1326
f 496/553/496 501/558/501 1327/1751/1327
f 1327/1751/1327 1325/1749/1325 496/553/496
f 1327/1751/1327 461/518/461 458/515/458
f 458/515/458 1325/1749/1325 1327/1751/1327
f 458/515/458 457/514/457 1326/1750/1326
f 1326/1750/1326 1325/1749/1325 458/515/458
f 1329/1753/1329 515/572/515 512/569/512
f 512/569/512 1328/1752/1328 1329/1753/1329
f 512/569/512 511/568/511 1330/1754/1330
f 1330/1754/1330 1328/1752/1328 512/569/512
f 1330/1754/1330 479/536/479 476/533/476
f 476/533/476 1328/1752/1328 1330/1754/1330
f 476/533/476 475/532/475 1329/1753/1329
f 1329/1753/1329 1328/1752/1328 476/533/476
f 1332/1756/1332 524/581/524 521/578/521
f 521/578/521 1331/1755/1331 1332/1756/1332
f 521/578/521 520/577/520 1333/1757/1333
f 1333/1757/1333 1331/1755/1331 521/578/521
f 1333/1757/1333 488/545/488 485/542/485
f 485/542/485 1331/1755/1331 1333/1757/1333
f 485/542/485 484/541/484 1332/1756/1332
f 1332/1756/1332 1331/1755/1331 485/542/485
f 1335/1759/1335 546/612/546 545/609/545
f 545/609/545 1334/1758/1334 1335/1759/1335
f 545/609/545 544/608/544 1336/1760/1336
f 1336/1760/1336 1334/1758/1334 545/609/545
f 1336/1760/1336 388/433/388 387/432/387
f 387/432/387 1334/1758/1334 1336/1760/1336
f 387/432/387 386/431/386 1335/1759/1335
f 1335/1759/1335 1334/1758/1334 387/432/387
f 1338/1762/1338 537/596/537 536/599/536
f 536/599/536 1337/1761/1337 1338/1762/1338
f 536/595/536 535/594/535 1339/1763/1339
f 1339/1763/1339 1337/1764/1337 536/595/536
f 1339/1763/1339 544/608/544 543/611/543
f 543/611/543 1337/1764/1337 1339/1763/1339
f 543/605/543 542/604/542 1338/1762/1338
f 1338/1762/1338 1337/1761/1337 543/605/543
f 1341/1766/1341 535/594/535 534/591/534
f 534/591/534 1340/1765/1340 1341/1766/1341
f 534/591/534 533/590/533 1342/1767/1342
f 1342/1767/1342 1340/1765/1340 534/591/534
f 1342/1767/1342 369/411/369 372/414/372
f 372/414/372 1340/1765/1340 1342/1767/1342
f 372/414/372 381/426/381 1341/1766/1341
f 1341/1766/1341 1340/1765/1340 372/414/372
f 1344/1769/1344 555/626/555 554/623/554
f 554/623/554 1343/1768/1343 1344/1769/1344
f 554/623/554 553/622/553 1345/1770/1345
f 1345/1770/1345 1343/1768/1343 554/623/554
f 1345/1770/1345 401/449/401 400/448/400
f 400/448/400 1343/1768/1343 1345/1770/1345
f 400/448/400 399/447/399 1344/1769/1344
f 1344/1769/1344 1343/1768/1343 400/448/400
f 1347/1772/1347 553/622/553 552/625/552
f 552/625/552 1346/1771/1346 1347/1772/1347
f 552/619/552 551/618/551 1348/1773/1348
f 1348/1773/1348 1346/1774/1346 552/619/552
f 1348/1773/1348 538/600/538 541/603/541
f 541/603/541 1346/1774/1346 1348/1773/1348
f 541/613/541 546/612/546 1347/1772/1347
f 1347/1772/1347 1346/1771/1346 541/613/541
f 1350/1776/1350 564/640/564 563/637/563
f 563/637/563 1349/1775/1349 1350/1776/1350
f 563/637/563 562/636/562 1351/1777/1351
f 1351/1777/1351 1349/1775/1349 563/637/563
f 1351/1777/1351 414/465/414 413/464/413
f 413/464/413 1349/1775/1349 1351/1777/1351
f 413/464/413 412/463/412 1350/1776/1350
f 1350/1776/1350 1349/1775/1349 413/464/413
f 1353/1779/1353 562/636/562 561/639/561
f 561/639/561 1352/1778/1352 1353/1779/1353
f 561/633/561 560/632/560 1354/1780/1354
f 1354/1780/1354 1352/1781/1352 561/633/561
f 1354/1780/1354 547/614/547 550/617/550
f 550/617/550 1352/1781/1352 1354/1780/1354
f 550/627/550 555/626/555 1353/1779/1353
f 1353/1779/1353 1352/1778/1352 550/627/550
f 1356/1783/1356 556/628/556 559/631/559
f 559/631/559 1355/1782/1355 1356/1783/1356
f 559/641/559 564/640/564 1357/1784/1357
f 1357/1784/1357 1355/1785/1355 559/641/559
f 1357/1784/1357 533/590/533 530/593/530
f 530/593/530 1355/1785/1355 1357/1784/1357
f 530/587/530 529/586/529 1356/1783/1356
f 1356/1783/1356 1355/1782/1355 530/587/530
f 1359/1787/1359 582/664/582 581/667/581
f 581/667/581 1358/1786/1358 1359/1787/1359
f 581/663/581 580/662/580 1360/1788/1360
f 1360/1788/1360 1358/1789/1358 581/663/581
f 1360/1788/1360 542/604/542 539/607/539
f 539/607/539 1358/1789/1358 1360/1788/1360
f 539/601/539 538/600/538 1359/1787/1359
f 1359/1787/1359 1358/1786/1358 539/601/539
f 1362/1791/1362 573/652/573 572/649/572
f 572/649/572 1361/1790/1361 1362/1791/1362
f 572/649/572 571/648/571 1363/1792/1363
f 1363/1792/1363 1361/1790/1361 572/649/572
f 1363/1792/1363 580/662/580 579/659/579
f 579/659/579 1361/1790/1361 1363/1792/1363
f 579/659/579 578/658/578 1362/1791/1362
f 1362/1791/1362 1361/1790/1361 579/659/579
f 1365/1794/1365 571/648/571 570/651/570
f 570/651/570 1364/1793/1364 1365/1794/1365
f 570/647/570 569/646/569 1366/1795/1366
f 1366/1795/1366 1364/1796/1364 570/647/570
f 1366/1795/1366 529/586/529 532/589/532
f 532/589/532 1364/1796/1364 1366/1795/1366
f 532/597/532 537/596/537 1365/1794/1365
f 1365/1794/1365 1364/1793/1364 532/597/532
f 1368/1798/1368 591/680/591 590/681/590
f 590/681/590 1367/1797/1367 1368/1798/1368
f 590/677/590 589/676/589 1369/1799/1369
f 1369/1799/1369 1367/1800/1367 590/677/590
f 1369/1799/1369 551/618/551 548/621/548
f 548/621/548 1367/1800/1367 1369/1799/1369
f 548/615/548 547/614/547 1368/1798/1368
f 1368/1798/1368 1367/1797/1367 548/615/548
f 1371/1802/1371 589/676/589 588/679/588
f 588/679/588 1370/1801/1370 1371/1802/1371
f 588/679/588 587/1803/587 1372/1804/1372
f 1372/1804/1372 1370/1801/1370 588/679/588
f 1372/1804/1372 574/1805/574 577/665/577
f 577/665/577 1370/1801/1370 1372/1804/1372
f 577/665/577 582/664/582 1371/1802/1371
f 1371/1802/1371 1370/1801/1370 577/665/577
f 1374/1807/1374 600/692/600 599/693/599
f 599/693/599 1373/1806/1373 1374/1807/1374
f 599/691/599 598/690/598 1375/1808/1375
f 1375/1808/1375 1373/1809/1373 599/691/599
f 1375/1808/1375 560/632/560 557/635/557
f 557/635/557 1373/1809/1373 1375/1808/1375
f 557/629/557 556/628/556 1374/1807/1374
f 1374/1807/1374 1373/1806/1373 557/629/557
f 1377/1811/1377 598/690/598 597/687/597
f 597/687/597 1376/1810/1376 1377/1811/1377
f 597/687/597 596/686/596 1378/1812/1378
f 1378/1812/1378 1376/1810/1376 597/687/597
f 1378/1812/1378 583/668/583 586/671/586
f 586/671/586 1376/1810/1376 1378/1812/1378
f 586/671/586 591/680/591 1377/1811/1377
f 1377/1811/1377 1376/1810/1376 586/671/586
f 1380/1814/1380 592/682/592 595/685/595
f 595/685/595 1379/1813/1379 1380/1814/1380
f 595/685/595 600/692/600 1381/1815/1381
f 1381/1815/1381 1379/1813/1379 595/685/595
f 1381/1815/1381 569/646/569 566/643/566
f 566/643/566 1379/1813/1379 1381/1815/1381
f 566/643/566 565/642/565 1380/1814/1380
f 1380/1814/1380 1379/1813/1379 566/643/566
f 1383/1817/1383 618/711/618 617/710/617
f 617/710/617 1382/1816/1382 1383/1817/1383
f 617/710/617 616/709/616 1384/1818/1384
f 1384/1818/1384 1382/1816/1382 617/710/617
f 1384/1818/1384 578/1819/578 575/655/575
f 575/655/575 1382/1816/1382 1384/1818/1384
f 575/655/575 574/654/574 1383/1817/1383
f 1383/1817/1383 1382/1816/1382 575/655/575
f 1386/1821/1386 609/702/609 608/701/608
f 608/701/608 1385/1820/1385 1386/1821/1386
f 608/701/608 607/700/607 1387/1822/1387
f 1387/1822/1387 1385/1820/1385 608/701/608
f 1387/1822/1387 616/709/616 615/708/615
f 615/708/615 1385/1820/1385 1387/1822/1387
f 615/708/615 614/707/614 1386/1821/1386
f 1386/1821/1386 1385/1820/1385 615/708/615
f 1389/1824/1389 607/700/607 606/699/606
f 606/699/606 1388/1823/1388 1389/1824/1389
f 606/699/606 605/698/605 1390/1825/1390
f 1390/1825/1390 1388/1823/1388 606/699/606
f 1390/1825/1390 565/1826/565 568/1827/568
f 568/1827/568 1388/1823/1388 1390/1825/1390
f 568/1827/568 573/1828/573 1389/1824/1389
f 1389/1824/1389 1388/1823/1388 568/1827/568
f 1392/1830/1392 627/720/627 626/719/626
f 626/719/626 1391/1829/1391 1392/1830/1392
f 626/719/626 625/718/625 1393/1831/1393
f 1393/1831/1393 1391/1829/1391 626/719/626
f 1393/1831/1393 587/672/587 584/675/584
f 584/675/584 1391/1829/1391 1393/1831/1393
f 584/675/584 583/1832/583 1392/1830/1392
f 1392/1830/1392 1391/1829/1391 584/675/584
f 1395/1834/1395 625/718/625 624/717/624
f 624/717/624 1394/1833/1394 1395/1834/1395
f 624/717/624 623/716/623 1396/1835/1396
f 1396/1835/1396 1394/1833/1394 624/717/624
f 1396/1835/1396 610/703/610 613/706/613
f 613/706/613 1394/1833/1394 1396/1835/1396
f 613/706/613 618/711/618 1395/1834/1395
f 1395/1834/1395 1394/1833/1394 613/706/613
f 1398/1837/1398 636/729/636 635/728/635
f 635/728/635 1397/1836/1397 1398/1837/1398
f 635/728/635 634/727/634 1399/1838/1399
f 1399/1838/1399 1397/1836/1397 635/728/635
f 1399/1838/1399 596/1839/596 593/1840/593
f 593/1840/593 1397/1836/1397 1399/1838/1399
f 593/1840/593 592/1841/592 1398/1837/1398
f 1398/1837/1398 1397/1836/1397 593/1840/593
f 1401/1843/1401 634/727/634 633/726/633
f 633/726/633 1400/1842/1400 1401/1843/1401
f 633/726/633 632/725/632 1402/1844/1402
f 1402/1844/1402 1400/1842/1400 633/726/633
f 1402/1844/1402 619/712/619 622/715/622
f 622/715/622 1400/1842/1400 1402/1844/1402
f 622/715/622 627/720/627 1401/1843/1401
f 1401/1843/1401 1400/1842/1400 622/715/622
f 1404/1846/1404 628/721/628 631/724/631
f 631/724/631 1403/1845/1403 1404/1846/1404
f 631/724/631 636/729/636 1405/1847/1405
f 1405/1847/1405 1403/1845/1403 631/724/631
f 1405/1847/1405 605/698/605 602/695/602
f 602/695/602 1403/1845/1403 1405/1847/1405
f 602/695/602 601/694/601 1404/1846/1404
f 1404/1846/1404 1403/1845/1403 602/695/602
f 1407/1849/1407 645/738/645 644/737/644
f 644/737/644 1406/1848/1406 1407/1849/1407
f 644/737/644 643/736/643 1408/1850/1408
f 1408/1850/1408 1406/1848/1406 644/737/644
f 1408/1850/1408 614/707/614 611/704/611
f 611/704/611 1406/1848/1406 1408/1850/1408
f 611/704/611 610/703/610 1407/1849/1407
f 1407/1849/1407 1406/1848/1406 611/704/611
f 1410/1852/1410 643/736/643 642/735/642
f 642/735/642 1409/1851/1409 1410/1852/1410
f 642/735/642 641/734/641 1411/1853/1411
f 1411/1853/1411 1409/1851/1409 642/735/642
f 1411/1853/1411 601/694/601 604/697/604
f 604/697/604 1409/1851/1409 1411/1853/1411
f 604/697/604 609/702/609 1410/1852/1410
f 1410/1852/1410 1409/1851/1409 604/697/604
f 1413/1855/1413 637/730/637 640/733/640
f 640/733/640 1412/1854/1412 1413/1855/1413
f 640/733/640 645/738/645 1414/1856/1414
f 1414/1856/1414 1412/1854/1412 640/733/640
f 1414/1856/1414 623/716/623 620/713/620
f 620/713/620 1412/1854/1412 1414/1856/1414
f 620/713/620 619/712/619 1413/1855/1413
f 1413/1855/1413 1412/1854/1412 620/713/620
f 1416/1858/1416 641/734/641 638/731/638
f 638/731/638 1415/1857/1415 1416/1858/1416
f 638/731/638 637/730/637 1417/1859/1417
f 1417/1859/1417 1415/1857/1415 638/731/638
f 1417/1859/1417 632/725/632 629/722/629
f 629/722/629 1415/1857/1415 1417/1859/1417
f 629/722/629 628/721/628 1416/1858/1416
f 1416/1858/1416 1415/1857/1415 629/722/629
f 1419/1861/1419 296/332/296 299/335/299
f 299/335/299 1418/1860/1418 1419/1861/1419
f 299/335/299 304/340/304 1420/1862/1420
f 1420/1862/1420 1418/1860/1418 299/335/299
f 1420/1862/1420 273/309/273 270/306/270
f 270/306/270 1418/1860/1418 1420/1862/1420
f 270/306/270 269/305/269 1419/1861/1419
f 1419/1861/1419 1418/1860/1418 270/306/270
f 1422/1864/1422 291/327/291 288/324/288
f 288/324/288 1421/1863/1421 1422/1864/1422
f 288/324/288 287/323/287 1423/1865/1423
f 1423/1865/1423 1421/1863/1421 288/324/288
f 1423/1865/1423 278/314/278 281/317/281
f 281/317/281 1421/1863/1421 1423/1865/1423
f 281/317/281 286/322/286 1422/1864/1422
f 1422/1864/1422 1421/1863/1421 281/317/281
f 1425/1867/1425 332/374/332 335/377/335
f 335/377/335 1424/1866/1424 1425/1867/1425
f 335/377/335 340/382/340 1426/1868/1426
f 1426/1868/1426 1424/1866/1424 335/377/335
f 1426/1868/1426 309/345/309 306/342/306
f 306/342/306 1424/1866/1424 1426/1868/1426
f 306/342/306 305/341/305 1425/1867/1425
f 1425/1867/1425 1424/1866/1424 306/342/306
f 1428/1870/1428 104/116/104 103/115/103
f 103/115/103 1427/1869/1427 1428/1870/1428
f 103/115/103 102/114/102 1429/1871/1429
f 1429/1871/1429 1427/1869/1427 103/115/103
f 1429/1871/1429 89/101/89 92/104/92
f 92/104/92 1427/1869/1427 1429/1871/1429
f 92/104/92 97/109/97 1428/1870/1428
f 1428/1870/1428 1427/1869/1427 92/104/92
f 1431/1873/1431 327/369/327 324/366/324
f 324/366/324 1430/1872/1430 1431/1873/1431
f 324/366/324 323/365/323 1432/1874/1432
f 1432/1874/1432 1430/1872/1430 324/366/324
f 1432/1874/1432 314/353/314 317/356/317
f 317/356/317 1430/1872/1430 1432/1874/1432
f 317/356/317 322/364/322 1431/1873/1431
f 1431/1873/1431 1430/1872/1430 317/356/317
f 1434/1876/1434 116/128/116 119/131/119
f 119/131/119 1433/1875/1433 1434/1876/1434
f 119/131/119 124/136/124 1435/1877/1435
f 1435/1877/1435 1433/1875/1433 119/131/119
f 1435/1877/1435 113/125/113 112/124/112
f 112/124/112 1433/1875/1433 1435/1877/1435
f 112/124/112 111/123/111 1434/1876/1434
f 1434/1876/1434 1433/1875/1433 112/124/112
f 1437/1879/1437 210/234/210 207/231/207
f 207/231/207 1436/1878/1436 1437/1879/1437
f 207/231/207 206/230/206 1438/1880/1438
f 1438/1880/1438 1436/1878/1436 207/231/207
f 1438/1880/1438 197/221/197 200/224/200
f 200/224/200 1436/1878/1436 1438/1880/1438
f 200/224/200 205/229/205 1437/1879/1437
f 1437/1879/1437 1436/1878/1436 200/224/200
f 1440/1882/1440 158/170/158 157/169/157
f 157/169/157 1439/1881/1439 1440/1882/1440
f 157/169/157 156/168/156 1441/1883/1441
f 1441/1883/1441 1439/1881/1439 157/169/157
f 1441/1883/1441 125/137/125 128/140/128
f 128/140/128 1439/1881/1439 1441/1883/1441
f 128/140/128 133/145/133 1440/1882/1440
f 1440/1882/1440 1439/1881/1439 128/140/128
f 1443/1885/1443 228/252/228 225/249/225
f 225/249/225 1442/1884/1442 1443/1885/1443
f 225/249/225 224/248/224 1444/1886/1444
f 1444/1886/1444 1442/1884/1442 225/249/225
f 1444/1886/1444 215/239/215 218/242/218
f 218/242/218 1442/1884/1442 1444/1886/1444
f 218/242/218 223/247/223 1443/1885/1443
f 1443/1885/1443 1442/1884/1442 218/242/218
f 1446/1888/1446 143/155/143 146/158/146
f 146/158/146 1445/1887/1445 1446/1888/1446
f 146/158/146 151/163/151 1447/1889/1447
f 1447/1889/1447 1445/1887/1445 146/158/146
f 1447/1889/1447 140/152/140 139/151/139
f 139/151/139 1445/1887/1445 1447/1889/1447
f 139/151/139 138/150/138 1446/1888/1446
f 1446/1888/1446 1445/1887/1445 139/151/139
f 1449/1891/1449 170/185/170 173/188/173
f 173/188/173 1448/1890/1448 1449/1891/1449
f 173/188/173 178/195/178 1450/1892/1450
f 1450/1892/1450 1448/1890/1448 173/188/173
f 1450/1892/1450 167/181/167 166/178/166
f 166/178/166 1448/1890/1448 1450/1892/1450
f 166/178/166 165/177/165 1449/1891/1449
f 1449/1891/1449 1448/1890/1448 166/178/166
f 1452/1894/1452 188/209/188 191/212/191
f 191/212/191 1451/1893/1451 1452/1894/1452
f 191/212/191 196/219/196 1453/1895/1453
f 1453/1895/1453 1451/1893/1451 191/212/191
f 1453/1895/1453 185/205/185 184/202/184
f 184/202/184 1451/1893/1451 1453/1895/1453
f 184/202/184 183/201/183 1452/1894/1452
f 1452/1894/1452 1451/1893/1451 184/202/184
f 1455/1897/1455 654/751/654 653/748/653
f 653/748/653 1454/1896/1454 1455/1897/1455
f 653/748/653 652/747/652 1456/1898/1456
f 1456/1898/1456 1454/1896/1454 653/748/653
f 1456/1898/1456 37/37/37 40/40/40
f 40/40/40 1454/1896/1454 1456/1898/1456
f 40/40/40 49/52/49 1455/1897/1455
f 1455/1897/1455 1454/1896/1454 40/40/40
f 1458/1900/1458 663/765/663 662/762/662
f 662/762/662 1457/1899/1457 1458/1900/1458
f 662/762/662 661/761/661 1459/1901/1459
f 1459/1901/1459 1457/1899/1457 662/762/662
f 1459/1901/1459 58/63/58 57/60/57
f 57/60/57 1457/1899/1457 1459/1901/1459
f 57/60/57 56/59/56 1458/1900/1458
f 1458/1900/1458 1457/1899/1457 57/60/57
f 1461/1903/1461 672/777/672 671/780/671
f 671/780/671 1460/1902/1460 1461/1903/1461
f 671/780/671 670/1904/670 1462/1905/1462
f 1462/1905/1462 1460/1902/1460 671/780/671
f 1462/1905/1462 392/1906/392 391/1907/391
f 391/1907/391 1460/1902/1460 1462/1905/1462
f 391/1907/391 390/1908/390 1461/1903/1461
f 1461/1903/1461 1460/1902/1460 391/1907/391
f 1464/1911/1464 681/1909/681 680/790/680
f 680/790/680 1463/1910/1463 1464/1911/1464
f 680/790/680 679/789/679 1465/1912/1465
f 1465/1912/1465 1463/1910/1463 680/790/680
f 1465/1912/1465 379/1913/379 378/1914/378
f 378/1914/378 1463/1910/1463 1465/1912/1465
f 378/422/378 377/421/377 1464/1915/1464
f 1464/1915/1464 1463/1916/1463 378/422/378
f 1467/1918/1467 661/761/661 660/764/660
f 660/764/660 1466/1917/1466 1467/1918/1467
f 660/758/660 659/757/659 1468/1919/1468
f 1468/1919/1468 1466/1920/1466 660/758/660
f 1468/1919/1468 646/739/646 649/742/649
f 649/742/649 1466/1920/1466 1468/1919/1468
f 649/752/649 654/751/654 1467/1918/1467
f 1467/1918/1467 1466/1917/1466 649/752/649
f 1470/1922/1470 670/775/670 669/772/669
f 669/772/669 1469/1921/1469 1470/1922/1470
f 669/772/669 668/771/668 1471/1923/1471
f 1471/1923/1471 1469/1921/1469 669/772/669
f 1471/1923/1471 655/753/655 658/756/658
f 658/756/658 1469/1921/1469 1471/1923/1471
f 658/756/658 663/1924/663 1470/1922/1470
f 1470/1922/1470 1469/1921/1469 658/756/658
f 1473/1926/1473 679/789/679 678/792/678
f 678/792/678 1472/1925/1472 1473/1926/1473
f 678/786/678 677/785/677 1474/1927/1474
f 1474/1927/1474 1472/1928/1472 678/786/678
f 1474/1927/1474 664/767/664 667/770/667
f 667/770/667 1472/1928/1472 1474/1927/1474
f 667/778/667 672/777/672 1473/1926/1473
f 1473/1926/1473 1472/1925/1472 667/778/667
f 1476/1930/1476 673/781/673 676/784/676
f 676/784/676 1475/1929/1475 1476/1930/1476
f 676/784/676 681/793/681 1477/1931/1477
f 1477/1931/1477 1475/1929/1475 676/784/676
f 1477/1931/1477 652/1932/652 651/744/651
f 651/744/651 1475/1929/1475 1477/1931/1477
f 651/744/651 650/743/650 1476/1930/1476
f 1476/1930/1476 1475/1929/1475 651/744/651
f 1479/1934/1479 690/807/690 689/804/689
f 689/804/689 1478/1933/1478 1479/1934/1479
f 689/804/689 688/803/688 1480/1935/1480
f 1480/1935/1480 1478/1933/1478 689/804/689
f 1480/1935/1480 54/57/54 51/54/51
f 51/54/51 1478/1933/1478 1480/1935/1480
f 51/54/51 50/53/50 1479/1934/1479
f 1479/1934/1479 1478/1933/1478 51/54/51
f 1482/1937/1482 699/821/699 698/818/698
f 698/818/698 1481/1936/1481 1482/1937/1482
f 698/818/698 697/817/697 1483/1938/1483
f 1483/1938/1483 1481/1936/1481 698/818/698
f 1483/1938/1483 84/95/84 83/92/83
f 83/92/83 1481/1936/1481 1483/1938/1483
f 83/92/83 82/91/82 1482/1937/1482
f 1482/1937/1482 1481/1936/1481 83/92/83
f 1485/1940/1485 708/833/708 707/832/707
f 707/832/707 1484/1939/1484 1485/1940/1485
f 707/832/707 706/831/706 1486/1941/1486
f 1486/1941/1486 1484/1939/1484 707/832/707
f 1486/1941/1486 405/453/405 404/456/404
f 404/456/404 1484/1939/1484 1486/1941/1486
f 404/456/404 403/1942/403 1485/1940/1485
f 1485/1940/1485 1484/1939/1484 404/456/404
f 1488/1944/1488 717/846/717 716/844/716
f 716/844/716 1487/1943/1487 1488/1944/1488
f 716/844/716 715/843/715 1489/1945/1489
f 1489/1945/1489 1487/1943/1487 716/844/716
f 1489/1945/1489 382/1946/382 385/442/385
f 385/442/385 1487/1943/1487 1489/1945/1489
f 385/442/385 394/441/394 1488/1944/1488
f 1488/1944/1488 1487/1943/1487 385/442/385
f 1491/1948/1491 697/817/697 696/820/696
f 696/820/696 1490/1947/1490 1491/1948/1491
f 696/814/696 695/813/695 1492/1949/1492
f 1492/1949/1492 1490/1950/1490 696/814/696
f 1492/1949/1492 682/795/682 685/798/685
f 685/798/685 1490/1950/1490 1492/1949/1492
f 685/808/685 690/807/690 1491/1948/1491
f 1491/1948/1491 1490/1947/1490 685/808/685
f 1494/1952/1494 706/831/706 705/828/705
f 705/828/705 1493/1951/1493 1494/1952/1494
f 705/828/705 704/827/704 1495/1953/1495
f 1495/1953/1495 1493/1951/1493 705/828/705
f 1495/1955/1495 691/809/691 694/812/694
f 694/812/694 1493/1954/1493 1495/1955/1495
f 694/822/694 699/821/699 1494/1952/1494
f 1494/1952/1494 1493/1951/1493 694/822/694
f 1497/1957/1497 715/843/715 714/845/714
f 714/845/714 1496/1956/1496 1497/1957/1497
f 714/840/714 713/839/713 1498/1958/1498
f 1498/1958/1498 1496/1959/1496 714/840/714
f 1498/1958/1498 700/823/700 703/826/703
f 703/826/703 1496/1959/1496 1498/1958/1498
f 703/834/703 708/833/708 1497/1957/1497
f 1497/1957/1497 1496/1956/1496 703/834/703
f 1500/1961/1500 709/835/709 712/838/712
f 712/838/712 1499/1960/1499 1500/1961/1500
f 712/838/712 717/846/717 1501/1962/1501
f 1501/1962/1501 1499/1960/1499 712/838/712
f 1501/1962/1501 688/803/688 687/806/687
f 687/806/687 1499/1960/1499 1501/1962/1501
f 687/800/687 686/799/686 1500/1963/1500
f 1500/1963/1500 1499/1964/1499 687/800/687
f 1503/1966/1503 726/859/726 725/856/725
f 725/856/725 1502/1965/1502 1503/1966/1503
f 725/856/725 724/855/724 1504/1967/1504
f 1504/1967/1504 1502/1965/1502 725/856/725
f 1504/1967/1504 80/89/80 77/86/77
f 77/86/77 1502/1965/1502 1504/1967/1504
f 77/86/77 76/85/76 1503/1966/1503
f 1503/1966/1503 1502/1965/1502 77/86/77
f 1506/1969/1506 735/873/735 734/870/734
f 734/870/734 1505/1968/1505 1506/1969/1506
f 734/870/734 733/869/733 1507/1970/1507
f 1507/1970/1507 1505/1968/1505 734/870/734
f 1507/1970/1507 71/79/71 70/76/70
f 70/76/70 1505/1968/1505 1507/1970/1507
f 70/76/70 69/75/69 1506/1969/1506
f 1506/1969/1506 1505/1968/1505 70/76/70
f 1509/1972/1509 744/885/744 743/888/743
f 743/888/743 1508/1971/1508 1509/1972/1509
f 743/888/743 742/1973/742 1510/1974/1510
f 1510/1974/1510 1508/1971/1508 743/888/743
f 1510/1976/1510 418/469/418 417/472/417
f 417/472/417 1508/1975/1508 1510/1976/1510
f 417/1978/417 416/1977/416 1509/1972/1509
f 1509/1972/1509 1508/1971/1508 417/1978/417
f 1512/1981/1512 753/1979/753 752/898/752
f 752/898/752 1511/1980/1511 1512/1981/1512
f 752/898/752 751/897/751 1513/1982/1513
f 1513/1982/1513 1511/1980/1511 752/898/752
f 1513/1982/1513 395/1983/395 398/1984/398
f 398/1984/398 1511/1980/1511 1513/1982/1513
f 398/1984/398 407/1985/407 1512/1981/1512
f 1512/1981/1512 1511/1980/1511 398/1984/398
f 1515/1987/1515 733/869/733 732/872/732
f 732/872/732 1514/1986/1514 1515/1987/1515
f 732/866/732 731/865/731 1516/1988/1516
f 1516/1988/1516 1514/1989/1514 732/866/732
f 1516/1988/1516 718/847/718 721/850/721
f 721/850/721 1514/1989/1514 1516/1988/1516
f 721/860/721 726/859/726 1515/1987/1515
f 1515/1987/1515 1514/1986/1514 721/860/721
f 1518/1991/1518 742/883/742 741/880/741
f 741/880/741 1517/1990/1517 1518/1991/1518
f 741/880/741 740/879/740 1519/1992/1519
f 1519/1992/1519 1517/1990/1517 741/880/741
f 1519/1992/1519 727/861/727 730/864/730
f 730/864/730 1517/1990/1517 1519/1992/1519
f 730/864/730 735/1993/735 1518/1991/1518
f 1518/1991/1518 1517/1990/1517 730/864/730
f 1521/1995/1521 751/897/751 750/900/750
f 750/900/750 1520/1994/1520 1521/1995/1521
f 750/894/750 749/893/749 1522/1996/1522
f 1522/1996/1522 1520/1997/1520 750/894/750
f 1522/1996/1522 736/875/736 739/878/739
f 739/878/739 1520/1997/1520 1522/1996/1522
f 739/886/739 744/885/744 1521/1995/1521
f 1521/1995/1521 1520/1994/1520 739/886/739
f 1524/1999/1524 745/889/745 748/892/748
f 748/892/748 1523/1998/1523 1524/1999/1524
f 748/892/748 753/901/753 1525/2000/1525
f 1525/2000/1525 1523/1998/1523 748/892/748
f 1525/2000/1525 724/2001/724 723/852/723
f 723/852/723 1523/1998/1523 1525/2000/1525
f 723/852/723 722/851/722 1524/1999/1524
f 1524/1999/1524 1523/1998/1523 723/852/723
f 1527/2003/1527 762/915/762 761/912/761
f 761/912/761 1526/2002/1526 1527/2003/1527
f 761/912/761 760/911/760 1528/2004/1528
f 1528/2004/1528 1526/2002/1526 761/912/761
f 1528/2004/1528 67/73/67 64/70/64
f 64/70/64 1526/2002/1526 1528/2004/1528
f 64/70/64 63/69/63 1527/2003/1527
f 1527/2003/1527 1526/2002/1526 64/70/64
f 1530/2006/1530 771/929/771 770/926/770
f 770/926/770 1529/2005/1529 1530/2006/1530
f 770/926/770 769/925/769 1531/2007/1531
f 1531/2007/1531 1529/2005/1529 770/926/770
f 1531/2007/1531 43/45/43 42/42/42
f 42/42/42 1529/2005/1529 1531/2007/1531
f 42/42/42 41/41/41 1530/2006/1530
f 1530/2006/1530 1529/2005/1529 42/42/42
f 1533/2009/1533 780/941/780 779/940/779
f 779/940/779 1532/2008/1532 1533/2009/1533
f 779/940/779 778/939/778 1534/2010/1534
f 1534/2010/1534 1532/2008/1532 779/940/779
f 1534/2010/1534 375/417/375 374/420/374
f 374/420/374 1532/2008/1532 1534/2010/1534
f 374/420/374 373/2011/373 1533/2009/1533
f 1533/2009/1533 1532/2008/1532 374/420/374
f 1536/2013/1536 789/954/789 788/952/788
f 788/952/788 1535/2012/1535 1536/2013/1536
f 788/952/788 787/951/787 1537/2014/1537
f 1537/2014/1537 1535/2012/1535 788/952/788
f 1537/2014/1537 408/2015/408 411/474/411
f 411/474/411 1535/2012/1535 1537/2014/1537
f 411/474/411 420/473/420 1536/2013/1536
f 1536/2013/1536 1535/2012/1535 411/474/411
f 1539/2017/1539 769/925/769 768/928/768
f 768/928/768 1538/2016/1538 1539/2017/1539
f 768/922/768 767/921/767 1540/2018/1540
f 1540/2018/1540 1538/2019/1538 768/922/768
f 1540/2018/1540 754/903/754 757/906/757
f 757/906/757 1538/2019/1538 1540/2018/1540
f 757/916/757 762/915/762 1539/2017/1539
f 1539/2017/1539 1538/2016/1538 757/916/757
f 1542/2021/1542 778/939/778 777/936/777
f 777/936/777 1541/2020/1541 1542/2021/1542
f 777/936/777 776/935/776 1543/2022/1543
f 1543/2022/1543 1541/2020/1541 777/936/777
f 1543/2024/1543 763/917/763 766/920/766
f 766/920/766 1541/2023/1541 1543/2024/1543
f 766/930/766 771/929/771 1542/2021/1542
f 1542/2021/1542 1541/2020/1541 766/930/766
f 1545/2026/1545 787/951/787 786/953/786
f 786/953/786 1544/2025/1544 1545/2026/1545
f 786/948/786 785/947/785 1546/2027/1546
f 1546/2027/1546 1544/2028/1544 786/948/786
f 1546/2027/1546 772/931/772 775/934/775
f 775/934/775 1544/2028/1544 1546/2027/1546
f 775/942/775 780/941/780 1545/2026/1545
f 1545/2026/1545 1544/2025/1544 775/942/775
f 1548/2030/1548 781/943/781 784/946/784
f 784/946/784 1547/2029/1547 1548/2030/1548
f 784/946/784 789/954/789 1549/2031/1549
f 1549/2031/1549 1547/2029/1547 784/946/784
f 1549/2031/1549 760/911/760 759/914/759
f 759/914/759 1547/2029/1547 1549/2031/1549
f 759/908/759 758/907/758 1548/2032/1548
f 1548/2032/1548 1547/2033/1547 759/908/759
f 1551/2035/1551 798/965/798 797/962/797
f 797/962/797 1550/2034/1550 1551/2035/1551
f 797/962/797 796/961/796 1552/2036/1552
f 1552/2036/1552 1550/2034/1550 797/962/797
f 1552/2036/1552 807/977/807 806/974/806
f 806/974/806 1550/2034/1550 1552/2036/1552
f 806/974/806 805/973/805 1551/2035/1551
f 1551/2035/1551 1550/2034/1550 806/974/806
f 1554/2038/1554 816/989/816 815/986/815
f 815/986/815 1553/2037/1553 1554/2038/1554
f 815/986/815 814/985/814 1555/2039/1555
f 1555/2039/1555 1553/2037/1553 815/986/815
f 1555/2039/1555 803/971/803 800/968/800
f 800/968/800 1553/2037/1553 1555/2039/1555
f 800/968/800 799/967/799 1554/2038/1554
f 1554/2038/1554 1553/2037/1553 800/968/800
f 1557/2041/1557 825/1001/825 824/998/824
f 824/998/824 1556/2040/1556 1557/2041/1557
f 824/998/824 823/997/823 1558/2042/1558
f 1558/2042/1558 1556/2040/1556 824/998/824
f 1558/2042/1558 812/983/812 809/980/809
f 809/980/809 1556/2040/1556 1558/2042/1558
f 809/980/809 808/979/808 1557/2041/1557
f 1557/2041/1557 1556/2040/1556 809/980/809
f 1560/2044/1560 821/995/821 818/992/818
f 818/992/818 1559/2043/1559 1560/2044/1560
f 818/992/818 817/991/817 1561/2045/1561
f 1561/2045/1561 1559/2043/1559 818/992/818
f 1561/2045/1561 794/959/794 791/956/791
f 791/956/791 1559/2043/1559 1561/2045/1561
f 791/956/791 790/955/790 1560/2044/1560
f 1560/2044/1560 1559/2043/1559 791/956/791
f 1563/2047/1563 796/961/796 795/964/795
f 795/964/795 1562/2046/1562 1563/2047/1563
f 795/960/795 794/959/794 1564/2048/1564
f 1564/2048/1564 1562/2049/1562 795/960/795
f 1564/2048/1564 650/743/650 647/746/647
f 647/746/647 1562/2049/1562 1564/2048/1564
f 647/740/647 646/739/646 1563/2047/1563
f 1563/2047/1563 1562/2046/1562 647/740/647
f 1566/2051/1566 799/967/799 802/970/802
f 802/970/802 1565/2050/1565 1566/2051/1566
f 802/978/802 807/977/807 1567/2052/1567
f 1567/2052/1567 1565/2053/1565 802/978/802
f 1567/2052/1567 659/757/659 656/760/656
f 656/760/656 1565/2053/1565 1567/2052/1567
f 656/754/656 655/753/655 1566/2051/1566
f 1566/2051/1566 1565/2050/1565 656/754/656
f 1569/2057/1569 808/2054/808 811/2055/811
f 811/2055/811 1568/2056/1568 1569/2057/1569
f 811/990/811 816/989/816 1570/2058/1570
f 1570/2058/1570 1568/2059/1568 811/990/811
f 1570/2058/1570 668/771/668 665/774/665
f 665/774/665 1568/2059/1568 1570/2058/1570
f 665/768/665 664/767/664 1569/2057/1569
f 1569/2057/1569 1568/2056/1568 665/768/665
f 1572/2061/1572 817/991/817 820/994/820
f 820/994/820 1571/2060/1571 1572/2061/1572
f 820/2065/820 825/2062/825 1573/2063/1573
f 1573/2063/1573 1571/2064/1571 820/2065/820
f 1573/2063/1573 677/785/677 674/788/674
f 674/788/674 1571/2064/1571 1573/2063/1573
f 674/782/674 673/781/673 1572/2061/1572
f 1572/2061/1572 1571/2060/1571 674/782/674
f 1575/2067/1575 834/1013/834 833/1010/833
f 833/1010/833 1574/2066/1574 1575/2067/1575
f 833/1010/833 832/1009/832 1576/2068/1576
f 1576/2068/1576 1574/2066/1574 833/1010/833
f 1576/2068/1576 843/1025/843 842/1022/842
f 842/1022/842 1574/2066/1574 1576/2068/1576
f 842/1022/842 841/1021/841 1575/2067/1575
f 1575/2067/1575 1574/2066/1574 842/1022/842
f 1578/2070/1578 852/1037/852 851/1034/851
f 851/1034/851 1577/2069/1577 1578/2070/1578
f 851/1034/851 850/1033/850 1579/2071/1579
f 1579/2071/1579 1577/2069/1577 851/1034/851
f 1579/2071/1579 839/1019/839 836/1016/836
f 836/1016/836 1577/2069/1577 1579/2071/1579
f 836/1016/836 835/1015/835 1578/2070/1578
f 1578/2070/1578 1577/2069/1577 836/1016/836
f 1581/2073/1581 861/1049/861 860/1046/860
f 860/1046/860 1580/2072/1580 1581/2073/1581
f 860/1046/860 859/1045/859 1582/2074/1582
f 1582/2074/1582 1580/2072/1580 860/1046/860
f 1582/2074/1582 848/1031/848 845/1028/845
f 845/1028/845 1580/2072/1580 1582/2074/1582
f 845/1028/845 844/1027/844 1581/2073/1581
f 1581/2073/1581 1580/2072/1580 845/1028/845
f 1584/2076/1584 857/1043/857 854/1040/854
f 854/1040/854 1583/2075/1583 1584/2076/1584
f 854/1040/854 853/1039/853 1585/2077/1585
f 1585/2077/1585 1583/2075/1583 854/1040/854
f 1585/2077/1585 830/1007/830 827/1004/827
f 827/1004/827 1583/2075/1583 1585/2077/1585
f 827/1004/827 826/1003/826 1584/2076/1584
f 1584/2076/1584 1583/2075/1583 827/1004/827
f 1587/2079/1587 832/1009/832 831/1012/831
f 831/1012/831 1586/2078/1586 1587/2079/1587
f 831/1008/831 830/1007/830 1588/2080/1588
f 1588/2080/1588 1586/2081/1586 831/1008/831
f 1588/2080/1588 686/799/686 683/802/683
f 683/802/683 1586/2081/1586 1588/2080/1588
f 683/796/683 682/795/682 1587/2079/1587
f 1587/2079/1587 1586/2078/1586 683/796/683
f 1590/2083/1590 835/1015/835 838/1018/838
f 838/1018/838 1589/2082/1589 1590/2083/1590
f 838/1026/838 843/1025/843 1591/2084/1591
f 1591/2084/1591 1589/2085/1589 838/1026/838
f 1591/2084/1591 695/813/695 692/816/692
f 692/816/692 1589/2085/1589 1591/2084/1591
f 692/810/692 691/809/691 1590/2083/1590
f 1590/2083/1590 1589/2082/1589 692/810/692
f 1593/2087/1593 844/1027/844 847/1030/847
f 847/1030/847 1592/2086/1592 1593/2087/1593
f 847/1038/847 852/1037/852 1594/2088/1594
f 1594/2088/1594 1592/2089/1592 847/1038/847
f 1594/2088/1594 704/2090/704 701/2091/701
f 701/2091/701 1592/2089/1592 1594/2088/1594
f 701/824/701 700/823/700 1593/2087/1593
f 1593/2087/1593 1592/2086/1592 701/824/701
f 1596/2093/1596 853/1039/853 856/1042/856
f 856/1042/856 1595/2092/1595 1596/2093/1596
f 856/1050/856 861/1049/861 1597/2094/1597
f 1597/2094/1597 1595/2095/1595 856/1050/856
f 1597/2094/1597 713/839/713 710/842/710
f 710/842/710 1595/2095/1595 1597/2094/1597
f 710/2097/710 709/2096/709 1596/2093/1596
f 1596/2093/1596 1595/2092/1595 710/2097/710
f 1599/2099/1599 870/1061/870 869/1058/869
f 869/1058/869 1598/2098/1598 1599/2099/1599
f 869/1058/869 868/1057/868 1600/2100/1600
f 1600/2100/1600 1598/2098/1598 869/1058/869
f 1600/2100/1600 879/1073/879 878/1070/878
f 878/1070/878 1598/2098/1598 1600/2100/1600
f 878/1070/878 877/1069/877 1599/2099/1599
f 1599/2099/1599 1598/2098/1598 878/1070/878
f 1602/2102/1602 888/1085/888 887/1082/887
f 887/1082/887 1601/2101/1601 1602/2102/1602
f 887/1082/887 886/1081/886 1603/2103/1603
f 1603/2103/1603 1601/2101/1601 887/1082/887
f 1603/2103/1603 875/1067/875 872/1064/872
f 872/1064/872 1601/2101/1601 1603/2103/1603
f 872/1064/872 871/1063/871 1602/2102/1602
f 1602/2102/1602 1601/2101/1601 872/1064/872
f 1605/2105/1605 897/1097/897 896/1094/896
f 896/1094/896 1604/2104/1604 1605/2105/1605
f 896/1094/896 895/1093/895 1606/2106/1606
f 1606/2106/1606 1604/2104/1604 896/1094/896
f 1606/2106/1606 884/1079/884 881/1076/881
f 881/1076/881 1604/2104/1604 1606/2106/1606
f 881/1076/881 880/1075/880 1605/2105/1605
f 1605/2105/1605 1604/2104/1604 881/1076/881
f 1608/2108/1608 893/1091/893 890/1088/890
f 890/1088/890 1607/2107/1607 1608/2108/1608
f 890/1088/890 889/1087/889 1609/2109/1609
f 1609/2109/1609 1607/2107/1607 890/1088/890
f 1609/2109/1609 866/1055/866 863/1052/863
f 863/1052/863 1607/2107/1607 1609/2109/1609
f 863/1052/863 862/1051/862 1608/2108/1608
f 1608/2108/1608 1607/2107/1607 863/1052/863
f 1611/2111/1611 868/1057/868 867/1060/867
f 867/1060/867 1610/2110/1610 1611/2111/1611
f 867/1056/867 866/1055/866 1612/2112/1612
f 1612/2112/1612 1610/2113/1610 867/1056/867
f 1612/2112/1612 722/851/722 719/854/719
f 719/854/719 1610/2113/1610 1612/2112/1612
f 719/848/719 718/847/718 1611/2111/1611
f 1611/2111/1611 1610/2110/1610 719/848/719
f 1614/2115/1614 871/1063/871 874/1066/874
f 874/1066/874 1613/2114/1613 1614/2115/1614
f 874/1074/874 879/1073/879 1615/2116/1615
f 1615/2116/1615 1613/2117/1613 874/1074/874
f 1615/2116/1615 731/865/731 728/868/728
f 728/868/728 1613/2117/1613 1615/2116/1615
f 728/862/728 727/861/727 1614/2115/1614
f 1614/2115/1614 1613/2114/1613 728/862/728
f 1617/2121/1617 880/2118/880 883/2119/883
f 883/2119/883 1616/2120/1616 1617/2121/1617
f 883/1086/883 888/1085/888 1618/2122/1618
f 1618/2122/1618 1616/2123/1616 883/1086/883
f 1618/2122/1618 740/879/740 737/882/737
f 737/882/737 1616/2123/1616 1618/2122/1618
f 737/876/737 736/875/736 1617/2121/1617
f 1617/2121/1617 1616/2120/1616 737/876/737
f 1620/2125/1620 889/1087/889 892/1090/892
f 892/1090/892 1619/2124/1619 1620/2125/1620
f 892/2129/892 897/2126/897 1621/2127/1621
f 1621/2127/1621 1619/2128/1619 892/2129/892
f 1621/2127/1621 749/893/749 746/896/746
f 746/896/746 1619/2128/1619 1621/2127/1621
f 746/890/746 745/889/745 1620/2125/1620
f 1620/2125/1620 1619/2124/1619 746/890/746
f 1623/2131/1623 906/1109/906 905/1106/905
f 905/1106/905 1622/2130/1622 1623/2131/1623
f 905/1106/905 904/1105/904 1624/2132/1624
f 1624/2132/1624 1622/2130/1622 905/1106/905
f 1624/2132/1624 915/1121/915 914/1118/914
f 914/1118/914 1622/2130/1622 1624/2132/1624
f 914/1118/914 913/1117/913 1623/2131/1623
f 1623/2131/1623 1622/2130/1622 914/1118/914
f 1626/2134/1626 924/1133/924 923/1130/923
f 923/1130/923 1625/2133/1625 1626/2134/1626
f 923/1130/923 922/1129/922 1627/2135/1627
f 1627/2135/1627 1625/2133/1625 923/1130/923
f 1627/2135/1627 911/1115/911 908/1112/908
f 908/1112/908 1625/2133/1625 1627/2135/1627
f 908/1112/908 907/1111/907 1626/2134/1626
f 1626/2134/1626 1625/2133/1625 908/1112/908
f 1629/2137/1629 933/1145/933 932/1142/932
f 932/1142/932 1628/2136/1628 1629/2137/1629
f 932/1142/932 931/1141/931 1630/2138/1630
f 1630/2138/1630 1628/2136/1628 932/1142/932
f 1630/2138/1630 920/1127/920 917/1124/917
f 917/1124/917 1628/2136/1628 1630/2138/1630
f 917/1124/917 916/1123/916 1629/2137/1629
f 1629/2137/1629 1628/2136/1628 917/1124/917
f 1632/2140/1632 929/1139/929 926/1136/926
f 926/1136/926 1631/2139/1631 1632/2140/1632
f 926/1136/926 925/1135/925 1633/2141/1633
f 1633/2141/1633 1631/2139/1631 926/1136/926
f 1633/2141/1633 902/1103/902 899/1100/899
f 899/1100/899 1631/2139/1631 1633/2141/1633
f 899/1100/899 898/1099/898 1632/2140/1632
f 1632/2140/1632 1631/2139/1631 899/1100/899
f 1635/2143/1635 904/1105/904 903/1108/903
f 903/1108/903 1634/2142/1634 1635/2143/1635
f 903/1104/903 902/1103/902 1636/2144/1636
f 1636/2144/1636 1634/2145/1634 903/1104/903
f 1636/2144/1636 758/907/758 755/910/755
f 755/910/755 1634/2145/1634 1636/2144/1636
f 755/904/755 754/903/754 1635/2143/1635
f 1635/2143/1635 1634/2142/1634 755/904/755
f 1638/2147/1638 907/1111/907 910/1114/910
f 910/1114/910 1637/2146/1637 1638/2147/1638
f 910/1122/910 915/1121/915 1639/2148/1639
f 1639/2148/1639 1637/2149/1637 910/1122/910
f 1639/2148/1639 767/921/767 764/924/764
f 764/924/764 1637/2149/1637 1639/2148/1639
f 764/918/764 763/917/763 1638/2147/1638
f 1638/2147/1638 1637/2146/1637 764/918/764
f 1641/2151/1641 916/1123/916 919/1126/919
f 919/1126/919 1640/2150/1640 1641/2151/1641
f 919/1134/919 924/1133/924 1642/2152/1642
f 1642/2152/1642 1640/2153/1640 919/1134/919
f 1642/2152/1642 776/2154/776 773/2155/773
f 773/2155/773 1640/2153/1640 1642/2152/1642
f 773/932/773 772/931/772 1641/2151/1641
f 1641/2151/1641 1640/2150/1640 773/932/773
f 1644/2157/1644 925/1135/925 928/1138/928
f 928/1138/928 1643/2156/1643 1644/2157/1644
f 928/1146/928 933/1145/933 1645/2158/1645
f 1645/2158/1645 1643/2159/1643 928/1146/928
f 1645/2158/1645 785/947/785 782/950/782
f 782/950/782 1643/2159/1643 1645/2158/1645
f 782/2161/782 781/2160/781 1644/2157/1644
f 1644/2157/1644 1643/2156/1643 782/2161/782
f 1647/2163/1647 940/1155/940 939/1152/939
f 939/1152/939 1646/2162/1646 1647/2163/1647
f 939/1152/939 938/1151/938 1648/2164/1648
f 1648/2164/1648 1646/2162/1646 939/1152/939
f 1648/2164/1648 947/1165/947 946/1162/946
f 946/1162/946 1646/2162/1646 1648/2164/1648
f 946/1162/946 945/1161/945 1647/2163/1647
f 1647/2163/1647 1646/2162/1646 946/1162/946
f 1650/2166/1650 954/1173/954 953/1176/953
f 953/1176/953 1649/2165/1649 1650/2166/1650
f 953/1176/953 952/2167/952 1651/2168/1651
f 1651/2168/1651 1649/2165/1649 953/1176/953
f 1651/2168/1651 945/2169/945 942/1158/942
f 942/1158/942 1649/2165/1649 1651/2168/1651
f 942/1158/942 941/1157/941 1650/2166/1650
f 1650/2166/1650 1649/2165/1649 942/1158/942
f 1653/2171/1653 961/1185/961 960/1182/960
f 960/1182/960 1652/2170/1652 1653/2171/1653
f 960/1182/960 959/1181/959 1654/2172/1654
f 1654/2172/1654 1652/2170/1652 960/1182/960
f 1654/2172/1654 952/1171/952 949/1168/949
f 949/1168/949 1652/2170/1652 1654/2172/1654
f 949/1168/949 948/1167/948 1653/2171/1653
f 1653/2171/1653 1652/2170/1652 949/1168/949
f 1656/2175/1656 959/2173/959 956/1178/956
f 956/1178/956 1655/2174/1655 1656/2175/1656
f 956/1178/956 955/1177/955 1657/2176/1657
f 1657/2176/1657 1655/2174/1655 956/1178/956
f 1657/2176/1657 934/1147/934 937/1150/937
f 937/1150/937 1655/2174/1655 1657/2176/1657
f 937/1150/937 940/2177/940 1656/2175/1656
f 1656/2175/1656 1655/2174/1655 937/1150/937
f 1659/2179/1659 938/1151/938 935/1154/935
f 935/1154/935 1658/2178/1658 1659/2179/1659
f 935/1148/935 934/1147/934 1660/2180/1660
f 1660/2180/1660 1658/2181/1658 935/1148/935
f 1660/2180/1660 790/955/790 793/958/793
f 793/958/793 1658/2181/1658 1660/2180/1660
f 793/966/793 798/965/798 1659/2179/1659
f 1659/2179/1659 1658/2178/1658 793/966/793
f 1662/2183/1662 941/1157/941 944/1160/944
f 944/1160/944 1661/2182/1661 1662/2183/1662
f 944/1166/944 947/1165/947 1663/2184/1663
f 1663/2184/1663 1661/2185/1661 944/1166/944
f 1663/2184/1663 805/973/805 804/976/804
f 804/976/804 1661/2185/1661 1663/2184/1663
f 804/972/804 803/971/803 1662/2183/1662
f 1662/2183/1662 1661/2182/1661 804/972/804
f 1665/2187/1665 948/1167/948 951/1170/951
f 951/1170/951 1664/2186/1664 1665/2187/1665
f 951/1174/951 954/1173/954 1666/2188/1666
f 1666/2188/1666 1664/2189/1664 951/1174/951
f 1666/2188/1666 814/985/814 813/988/813
f 813/988/813 1664/2189/1664 1666/2188/1666
f 813/984/813 812/983/812 1665/2187/1665
f 1665/2187/1665 1664/2186/1664 813/984/813
f 1668/2191/1668 955/1177/955 958/1180/958
f 958/1180/958 1667/2190/1667 1668/2191/1668
f 958/1186/958 961/1185/961 1669/2192/1669
f 1669/2192/1669 1667/2193/1667 958/1186/958
f 1669/2192/1669 823/997/823 822/1000/822
f 822/1000/822 1667/2193/1667 1669/2192/1669
f 822/996/822 821/995/821 1668/2191/1668
f 1668/2191/1668 1667/2190/1667 822/996/822
f 1671/2196/1671 968/2194/968 967/1192/967
f 967/1192/967 1670/2195/1670 1671/2196/1671
f 967/1192/967 966/1191/966 1672/2197/1672
f 1672/2197/1672 1670/2195/1670 967/1192/967
f 1672/2197/1672 975/1203/975 974/1206/974
f 974/1206/974 1670/2195/1670 1672/2197/1672
f 974/1206/974 973/2198/973 1671/2196/1671
f 1671/2196/1671 1670/2195/1670 974/1206/974
f 1674/2200/1674 982/1213/982 981/1216/981
f 981/1216/981 1673/2199/1673 1674/2200/1674
f 981/1216/981 980/2201/980 1675/2202/1675
f 1675/2202/1675 1673/2199/1673 981/1216/981
f 1675/2202/1675 973/1201/973 970/1198/970
f 970/1198/970 1673/2199/1673 1675/2202/1675
f 970/1198/970 969/1197/969 1674/2200/1674
f 1674/2200/1674 1673/2199/1673 970/1198/970
f 1677/2204/1677 989/1225/989 988/1222/988
f 988/1222/988 1676/2203/1676 1677/2204/1677
f 988/1222/988 987/1221/987 1678/2205/1678
f 1678/2205/1678 1676/2203/1676 988/1222/988
f 1678/2205/1678 980/1211/980 977/1208/977
f 977/1208/977 1676/2203/1676 1678/2205/1678
f 977/1208/977 976/1207/976 1677/2204/1677
f 1677/2204/1677 1676/2203/1676 977/1208/977
f 1680/2208/1680 987/2206/987 984/1218/984
f 984/1218/984 1679/2207/1679 1680/2208/1680
f 984/1218/984 983/1217/983 1681/2209/1681
f 1681/2209/1681 1679/2207/1679 984/1218/984
f 1681/2209/1681 962/1187/962 965/1190/965
f 965/1190/965 1679/2207/1679 1681/2209/1681
f 965/1190/965 968/1195/968 1680/2208/1680
f 1680/2208/1680 1679/2207/1679 965/1190/965
f 1683/2211/1683 966/1191/966 963/1194/963
f 963/1194/963 1682/2210/1682 1683/2211/1683
f 963/1188/963 962/1187/962 1684/2212/1684
f 1684/2212/1684 1682/2213/1682 963/1188/963
f 1684/2212/1684 826/1003/826 829/1006/829
f 829/1006/829 1682/2213/1682 1684/2212/1684
f 829/1014/829 834/1013/834 1683/2211/1683
f 1683/2211/1683 1682/2210/1682 829/1014/829
f 1686/2215/1686 969/1197/969 972/1200/972
f 972/1200/972 1685/2214/1685 1686/2215/1686
f 972/1204/972 975/1203/975 1687/2216/1687
f 1687/2216/1687 1685/2217/1685 972/1204/972
f 1687/2216/1687 841/1021/841 840/1024/840
f 840/1024/840 1685/2217/1685 1687/2216/1687
f 840/1020/840 839/1019/839 1686/2215/1686
f 1686/2215/1686 1685/2214/1685 840/1020/840
f 1689/2219/1689 976/1207/976 979/1210/979
f 979/1210/979 1688/2218/1688 1689/2219/1689
f 979/1214/979 982/1213/982 1690/2220/1690
f 1690/2220/1690 1688/2221/1688 979/1214/979
f 1690/2220/1690 850/1033/850 849/1036/849
f 849/1036/849 1688/2221/1688 1690/2220/1690
f 849/1032/849 848/1031/848 1689/2219/1689
f 1689/2219/1689 1688/2218/1688 849/1032/849
f 1692/2223/1692 983/1217/983 986/1220/986
f 986/1220/986 1691/2222/1691 1692/2223/1692
f 986/1226/986 989/1225/989 1693/2224/1693
f 1693/2224/1693 1691/2225/1691 986/1226/986
f 1693/2224/1693 859/1045/859 858/1048/858
f 858/1048/858 1691/2225/1691 1693/2224/1693
f 858/1044/858 857/1043/857 1692/2223/1692
f 1692/2223/1692 1691/2222/1691 858/1044/858
f 1695/2227/1695 996/1235/996 995/1232/995
f 995/1232/995 1694/2226/1694 1695/2227/1695
f 995/1232/995 994/1231/994 1696/2228/1696
f 1696/2228/1696 1694/2226/1694 995/1232/995
f 1696/2228/1696 1003/1245/1003 1002/1242/1002
f 1002/1242/1002 1694/2226/1694 1696/2228/1696
f 1002/1242/1002 1001/1241/1001 1695/2227/1695
f 1695/2227/1695 1694/2226/1694 1002/1242/1002
f 1698/2230/1698 1010/1253/1010 1009/1256/1009
f 1009/1256/1009 1697/2229/1697 1698/2230/1698
f 1009/1256/1009 1008/2231/1008 1699/2232/1699
f 1699/2232/1699 1697/2229/1697 1009/1256/1009
f 1699/2232/1699 1001/2233/1001 998/1238/998
f 998/1238/998 1697/2229/1697 1699/2232/1699
f 998/1238/998 997/1237/997 1698/2230/1698
f 1698/2230/1698 1697/2229/1697 998/1238/998
f 1701/2235/1701 1017/1265/1017 1016/1262/1016
f 1016/1262/1016 1700/2234/1700 1701/2235/1701
f 1016/1262/1016 1015/1261/1015 1702/2236/1702
f 1702/2236/1702 1700/2234/1700 1016/1262/1016
f 1702/2236/1702 1008/1251/1008 1005/1248/1005
f 1005/1248/1005 1700/2234/1700 1702/2236/1702
f 1005/1248/1005 1004/1247/1004 1701/2235/1701
f 1701/2235/1701 1700/2234/1700 1005/1248/1005
f 1704/2239/1704 1015/2237/1015 1012/1258/1012
f 1012/1258/1012 1703/2238/1703 1704/2239/1704
f 1012/1258/1012 1011/1257/1011 1705/2240/1705
f 1705/2240/1705 1703/2238/1703 1012/1258/1012
f 1705/2240/1705 990/1227/990 993/1230/993
f 993/1230/993 1703/2238/1703 1705/2240/1705
f 993/1230/993 996/2241/996 1704/2239/1704
f 1704/2239/1704 1703/2238/1703 993/1230/993
f 1707/2243/1707 994/1231/994 991/1234/991
f 991/1234/991 1706/2242/1706 1707/2243/1707
f 991/1228/991 990/1227/990 1708/2244/1708
f 1708/2244/1708 1706/2245/1706 991/1228/991
f 1708/2244/1708 862/1051/862 865/1054/865
f 865/1054/865 1706/2245/1706 1708/2244/1708
f 865/1062/865 870/1061/870 1707/2243/1707
f 1707/2243/1707 1706/2242/1706 865/1062/865
f 1710/2247/1710 997/1237/997 1000/1240/1000
f 1000/1240/1000 1709/2246/1709 1710/2247/1710
f 1000/1246/1000 1003/1245/1003 1711/2248/1711
f 1711/2248/1711 1709/2249/1709 1000/1246/1000
f 1711/2248/1711 877/1069/877 876/1072/876
f 876/1072/876 1709/2249/1709 1711/2248/1711
f 876/1068/876 875/1067/875 1710/2247/1710
f 1710/2247/1710 1709/2246/1709 876/1068/876
f 1713/2251/1713 1004/1247/1004 1007/1250/1007
f 1007/1250/1007 1712/2250/1712 1713/2251/1713
f 1007/1254/1007 1010/1253/1010 1714/2252/1714
f 1714/2252/1714 1712/2253/1712 1007/1254/1007
f 1714/2252/1714 886/1081/886 885/1084/885
f 885/1084/885 1712/2253/1712 1714/2252/1714
f 885/1080/885 884/1079/884 1713/2251/1713
f 1713/2251/1713 1712/2250/1712 885/1080/885
f 1716/2255/1716 1011/1257/1011 1014/1260/1014
f 1014/1260/1014 1715/2254/1715 1716/2255/1716
f 1014/1266/1014 1017/1265/1017 1717/2256/1717
f 1717/2256/1717 1715/2257/1715 1014/1266/1014
f 1717/2256/1717 895/1093/895 894/1096/894
f 894/1096/894 1715/2257/1715 1717/2256/1717
f 894/1092/894 893/1091/893 1716/2255/1716
f 1716/2255/1716 1715/2254/1715 894/1092/894
f 1719/2260/1719 1024/2258/1024 1023/1272/1023
f 1023/1272/1023 1718/2259/1718 1719/2260/1719
f 1023/1272/1023 1022/1271/1022 1720/2261/1720
f 1720/2261/1720 1718/2259/1718 1023/1272/1023
f 1720/2261/1720 1031/1283/1031 1030/1286/1030
f 1030/1286/1030 1718/2259/1718 1720/2261/1720
f 1030/1286/1030 1029/2262/1029 1719/2260/1719
f 1719/2260/1719 1718/2259/1718 1030/1286/1030
f 1722/2264/1722 1038/1293/1038 1037/1296/1037
f 1037/1296/1037 1721/2263/1721 1722/2264/1722
f 1037/1296/1037 1036/2265/1036 1723/2266/1723
f 1723/2266/1723 1721/2263/1721 1037/1296/1037
f 1723/2266/1723 1029/1281/1029 1026/1278/1026
f 1026/1278/1026 1721/2263/1721 1723/2266/1723
f 1026/1278/1026 1025/1277/1025 1722/2264/1722
f 1722/2264/1722 1721/2263/1721 1026/1278/1026
f 1725/2268/1725 1045/1305/1045 1044/1302/1044
f 1044/1302/1044 1724/2267/1724 1725/2268/1725
f 1044/1302/1044 1043/1301/1043 1726/2269/1726
f 1726/2269/1726 1724/2267/1724 1044/1302/1044
f 1726/2269/1726 1036/1291/1036 1033/1288/1033
f 1033/1288/1033 1724/2267/1724 1726/2269/1726
f 1033/1288/1033 1032/1287/1032 1725/2268/1725
f 1725/2268/1725 1724/2267/1724 1033/1288/1033
f 1728/2272/1728 1043/2270/1043 1040/1298/1040
f 1040/1298/1040 1727/2271/1727 1728/2272/1728
f 1040/1298/1040 1039/1297/1039 1729/2273/1729
f 1729/2273/1729 1727/2271/1727 1040/1298/1040
f 1729/2273/1729 1018/1267/1018 1021/1270/1021
f 1021/1270/1021 1727/2271/1727 1729/2273/1729
f 1021/1270/1021 1024/1275/1024 1728/2272/1728
f 1728/2272/1728 1727/2271/1727 1021/1270/1021
f 1731/2275/1731 1022/1271/1022 1019/1274/1019
f 1019/1274/1019 1730/2274/1730 1731/2275/1731
f 1019/1268/1019 1018/1267/1018 1732/2276/1732
f 1732/2276/1732 1730/2277/1730 1019/1268/1019
f 1732/2276/1732 898/1099/898 901/1102/901
f 901/1102/901 1730/2277/1730 1732/2276/1732
f 901/1110/901 906/1109/906 1731/2275/1731
f 1731/2275/1731 1730/2274/1730 901/1110/901
f 1734/2279/1734 1025/1277/1025 1028/1280/1028
f 1028/1280/1028 1733/2278/1733 1734/2279/1734
f 1028/1284/1028 1031/1283/1031 1735/2280/1735
f 1735/2280/1735 1733/2281/1733 1028/1284/1028
f 1735/2280/1735 913/1117/913 912/1120/912
f 912/1120/912 1733/2281/1733 1735/2280/1735
f 912/1116/912 911/1115/911 1734/2279/1734
f 1734/2279/1734 1733/2278/1733 912/1116/912
f 1737/2283/1737 1032/1287/1032 1035/1290/1035
f 1035/1290/1035 1736/2282/1736 1737/2283/1737
f 1035/1294/1035 1038/1293/1038 1738/2284/1738
f 1738/2284/1738 1736/2285/1736 1035/1294/1035
f 1738/2284/1738 922/1129/922 921/1132/921
f 921/1132/921 1736/2285/1736 1738/2284/1738
f 921/1128/921 920/1127/920 1737/2283/1737
f 1737/2283/1737 1736/2282/1736 921/1128/921
f 1740/2287/1740 1039/1297/1039 1042/1300/1042
f 1042/1300/1042 1739/2286/1739 1740/2287/1740
f 1042/1306/1042 1045/1305/1045 1741/2288/1741
f 1741/2288/1741 1739/2289/1739 1042/1306/1042
f 1741/2288/1741 931/1141/931 930/1144/930
f 930/1144/930 1739/2289/1739 1741/2288/1741
f 930/1140/930 929/1139/929 1740/2287/1740
f 1740/2287/1740 1739/2286/1739 930/1140/930
f 1047/1308/1047 352/394/352 1051/1312/1051
f 1051/1312/1051 1742/2290/1742 1047/1308/1047
f 1051/1312/1051 359/401/359 1054/1315/1054
f 1054/1315/1054 1742/2290/1742 1051/1312/1051
f 1054/1315/1054 366/408/366 1056/1317/1056
f 1056/1317/1056 1742/2290/1742 1054/1315/1054
f 1056/1317/1056 347/389/347 1047/1308/1047
f 1047/1308/1047 1742/2290/1742 1056/1317/1056
f 1059/1322/1059 34/1327/34 1063/2291/1063
f 1063/2291/1063 1743/2292/1743 1059/1322/1059
f 1063/2291/1063 284/1337/284 1066/1336/1066
f 1066/1336/1066 1743/2292/1743 1063/2291/1063
f 1066/1336/1066 275/1335/275 1068/2293/1068
f 1068/2293/1068 1743/2292/1743 1066/1336/1066
f 1068/2293/1068 18/1319/18 1059/1322/1059
f 1059/1322/1059 1743/2292/1743 1068/2293/1068
f 1075/2295/1075 302/1361/302 1078/1360/1078
f 1078/1360/1078 1744/2294/1744 1075/2295/1075
f 1078/1360/1078 293/1359/293 1080/2296/1080
f 1080/2296/1080 1744/2294/1744 1078/1360/1078
f 1080/2296/1080 27/1349/27 1072/1348/1072
f 1072/1348/1072 1744/2294/1744 1080/2296/1080
f 1072/1348/1072 7/1347/7 1075/2295/1075
f 1075/2295/1075 1744/2294/1744 1072/1348/1072
f 1093/1386/1093 115/1385/115 1083/2297/1083
f 1083/2297/1083 1745/2298/1745 1093/1386/1093
f 1083/2297/1083 320/1376/320 1087/1373/1087
f 1087/1373/1087 1745/2298/1745 1083/2297/1083
f 1087/1373/1087 311/1372/311 1090/2299/1090
f 1090/2299/1090 1745/2298/1745 1087/1373/1087
f 1090/2299/1090 95/1387/95 1093/1386/1093
f 1093/1386/1093 1745/2298/1745 1090/2299/1090
f 1095/2301/1095 338/1401/338 1099/1398/1099
f 1099/1398/1099 1746/2300/1746 1095/2301/1095
f 1099/1398/1099 329/1397/329 1102/2302/1102
f 1102/2302/1102 1746/2300/1746 1099/1398/1099
f 1102/2302/1102 122/1408/122 1104/1411/1104
f 1104/1411/1104 1746/2300/1746 1102/2302/1102
f 1104/1411/1104 106/1416/106 1095/2301/1095
f 1095/2301/1095 1746/2300/1746 1104/1411/1104
f 1117/1437/1117 142/1436/142 1107/2303/1107
f 1107/2303/1107 1747/2304/1747 1117/1437/1117
f 1107/2306/1107 221/1426/221 1111/1425/1111
f 1111/1425/1111 1747/2305/1747 1107/2306/1107
f 1111/1425/1111 212/1424/212 1114/2307/1114
f 1114/2307/1114 1747/2305/1747 1111/1425/1111
f 1114/2308/1114 131/1438/131 1117/1437/1117
f 1117/1437/1117 1747/2304/1747 1114/2308/1114
f 1129/1461/1129 160/1460/160 1119/2309/1119
f 1119/2309/1119 1748/2310/1748 1129/1461/1129
f 1119/2312/1119 203/1450/203 1123/1449/1123
f 1123/1449/1123 1748/2311/1748 1119/2312/1119
f 1123/1449/1123 230/1448/230 1126/2313/1126
f 1126/2313/1126 1748/2311/1748 1123/1449/1123
f 1126/2314/1126 149/1462/149 1129/1461/1129
f 1129/1461/1129 1748/2310/1748 1126/2314/1126
f 1141/1478/1141 187/207/187 1131/1466/1131
f 1131/1466/1131 1749/2315/1749 1141/1478/1141
f 1131/1466/1131 257/289/257 1135/1471/1135
f 1135/1471/1135 1749/2315/1749 1131/1466/1131
f 1135/1471/1135 248/275/248 1138/1474/1138
f 1138/1474/1138 1749/2315/1749 1135/1471/1135
f 1138/1474/1138 176/193/176 1141/1478/1141
f 1141/1478/1141 1749/2315/1749 1138/1474/1138
f 1143/1480/1143 239/265/239 1147/1485/1147
f 1147/1485/1147 1750/2316/1750 1143/1480/1143
f 1147/1485/1147 266/299/266 1150/1488/1150
f 1150/1488/1150 1750/2316/1750 1147/1485/1147
f 1150/1488/1150 194/217/194 1152/1491/1152
f 1152/1491/1152 1750/2316/1750 1150/1488/1150
f 1152/1491/1152 169/183/169 1143/1480/1143
f 1143/1480/1143 1750/2316/1750 1152/1491/1152
f 1159/2318/1159 214/1420/214 1110/1423/1110
f 1110/1423/1110 1751/2317/1751 1159/2318/1159
f 1110/1423/1110 219/1428/219 1155/2319/1155
f 1155/2319/1155 1751/2317/1751 1110/1423/1110
f 1155/2319/1155 107/1381/107 1092/1384/1092
f 1092/1384/1092 1751/2317/1751 1155/2319/1155
f 1092/1384/1092 93/1389/93 1159/2318/1159
f 1159/2318/1159 1751/2317/1751 1092/1384/1092
f 1105/1413/1105 120/1412/120 1165/2320/1165
f 1165/2320/1165 1752/2321/1752 1105/1413/1105
f 1165/2320/1165 232/1444/232 1122/1447/1122
f 1122/1447/1122 1752/2321/1752 1165/2320/1165
f 1122/1447/1122 201/1452/201 1161/2322/1161
f 1161/2322/1161 1752/2321/1752 1122/1447/1122
f 1161/2322/1161 98/1414/98 1105/1413/1105
f 1105/1413/1105 1752/2321/1752 1161/2322/1161
f 1174/1514/1174 233/257/233 1177/1518/1177
f 1177/1518/1177 1753/2323/1753 1174/1514/1174
f 1177/1518/1177 242/269/242 1168/1507/1168
f 1168/1507/1168 1753/2323/1753 1177/1518/1177
f 1168/1507/1168 60/65/60 1171/1511/1171
f 1171/1511/1171 1753/2323/1753 1168/1507/1168
f 1171/1511/1171 47/49/47 1174/1514/1174
f 1174/1514/1174 1753/2323/1753 1171/1511/1171
f 1167/1506/1167 250/279/250 1134/1470/1134
f 1134/1470/1134 1754/2324/1754 1167/1506/1167
f 1134/1470/1134 255/285/255 1180/1521/1180
f 1180/1521/1180 1754/2324/1754 1134/1470/1134
f 1180/1521/1180 86/97/86 1182/1524/1182
f 1182/1524/1182 1754/2324/1754 1180/1521/1180
f 1182/1524/1182 62/67/62 1167/1506/1167
f 1167/1506/1167 1754/2324/1754 1182/1524/1182
f 1189/1532/1189 88/99/88 1179/1520/1179
f 1179/1520/1179 1755/2325/1755 1189/1532/1189
f 1179/1520/1179 251/281/251 1192/1535/1192
f 1192/1535/1192 1755/2325/1755 1179/1520/1179
f 1192/1535/1192 260/293/260 1186/1528/1186
f 1186/1528/1186 1755/2325/1755 1192/1535/1192
f 1186/1528/1186 73/81/73 1189/1532/1189
f 1189/1532/1189 1755/2325/1755 1186/1528/1186
f 1195/1538/1195 75/83/75 1185/1527/1185
f 1185/1527/1185 1756/2326/1756 1195/1538/1195
f 1185/1527/1185 268/303/268 1146/1484/1146
f 1146/1484/1146 1756/2326/1756 1185/1527/1185
f 1146/1484/1146 237/261/237 1173/1513/1173
f 1173/1513/1173 1756/2326/1756 1146/1484/1146
f 1173/1513/1173 45/47/45 1195/1538/1195
f 1195/1538/1195 1756/2326/1756 1173/1513/1173
f 1201/2328/1201 277/1331/277 1065/1334/1065
f 1065/1334/1065 1757/2327/1757 1201/2328/1201
f 1065/1334/1065 282/1339/282 1197/2329/1197
f 1197/2329/1197 1757/2327/1757 1065/1334/1065
f 1197/2329/1197 134/1432/134 1116/1435/1116
f 1116/1435/1116 1757/2327/1757 1197/2329/1197
f 1116/1435/1116 129/1440/129 1201/2328/1201
f 1201/2328/1201 1757/2327/1757 1116/1435/1116
f 1207/2331/1207 295/1355/295 1077/1358/1077
f 1077/1358/1077 1758/2330/1758 1207/2331/1207
f 1077/1358/1077 300/1363/300 1203/2332/1203
f 1203/2332/1203 1758/2330/1758 1077/1358/1077
f 1203/2332/1203 152/1456/152 1128/1459/1128
f 1128/1459/1128 1758/2330/1758 1203/2332/1203
f 1128/1459/1128 147/1464/147 1207/2331/1207
f 1207/2331/1207 1758/2330/1758 1128/1459/1128
f 1213/1557/1213 313/349/313 1086/1371/1086
f 1086/1371/1086 1759/2333/1759 1213/1557/1213
f 1086/1371/1086 318/357/318 1209/1552/1209
f 1209/1552/1209 1759/2333/1759 1086/1371/1086
f 1209/1552/1209 179/197/179 1140/1477/1140
f 1140/1477/1140 1759/2333/1759 1209/1552/1209
f 1140/1477/1140 174/189/174 1213/1557/1213
f 1213/1557/1213 1759/2333/1759 1140/1477/1140
f 1153/1492/1153 192/213/192 1219/1566/1219
f 1219/1566/1219 1760/2334/1760 1153/1492/1153
f 1219/1566/1219 331/1393/331 1098/1396/1098
f 1098/1396/1098 1760/2334/1760 1219/1566/1219
f 1098/1396/1098 336/1403/336 1215/1561/1215
f 1215/1561/1215 1760/2334/1760 1098/1396/1098
f 1215/1561/1215 161/173/161 1153/1492/1153
f 1153/1492/1153 1760/2334/1760 1215/1561/1215
f 1071/1346/1071 25/1351/25 1222/2335/1222
f 1222/2335/1222 1761/2336/1761 1071/1346/1071
f 1222/2335/1222 508/1578/508 1225/1577/1225
f 1225/1577/1225 1761/2336/1761 1222/2335/1222
f 1225/1577/1225 499/1576/499 1227/2337/1227
f 1227/2337/1227 1761/2336/1761 1225/1577/1225
f 1227/2337/1227 9/1343/9 1071/1346/1071
f 1071/1346/1071 1761/2336/1761 1227/2337/1227
f 1231/1586/1231 28/28/28 1234/1589/1234
f 1234/1589/1234 1762/2338/1762 1231/1586/1231
f 1234/1589/1234 517/574/517 1236/1591/1236
f 1236/1591/1236 1762/2338/1762 1234/1589/1234
f 1236/1591/1236 510/567/510 1221/1570/1221
f 1221/1570/1221 1762/2338/1762 1236/1591/1236
f 1221/1570/1221 23/23/23 1231/1586/1231
f 1231/1586/1231 1762/2338/1762 1221/1570/1221
f 1240/2340/1240 526/1596/526 1242/1599/1242
f 1242/1599/1242 1763/2339/1763 1240/2340/1240
f 1242/1599/1242 519/1604/519 1233/2341/1233
f 1233/2341/1233 1763/2339/1763 1242/1599/1242
f 1233/2341/1233 36/1325/36 1060/1324/1060
f 1060/1324/1060 1763/2339/1763 1233/2341/1233
f 1060/1324/1060 16/1323/16 1240/2340/1240
f 1240/2340/1240 1763/2339/1763 1060/1324/1060
f 1228/1583/1228 497/554/497 1249/1610/1249
f 1249/1610/1249 1764/2342/1764 1228/1583/1228
f 1249/1610/1249 528/585/528 1239/1594/1239
f 1239/1594/1239 1764/2342/1764 1249/1610/1249
f 1239/1594/1239 14/14/14 1245/1606/1245
f 1245/1606/1245 1764/2342/1764 1239/1594/1239
f 1245/1606/1245 1/1/1 1228/1583/1228
f 1228/1583/1228 1764/2342/1764 1245/1606/1245
f 1647/2163/1647 945/1161/945 1651/2343/1651
f 1651/2343/1651 1765/2344/1765 1647/2163/1647
f 1651/2346/1651 952/1171/952 1654/2172/1654
f 1654/2172/1654 1765/2345/1765 1651/2346/1651
f 1654/2172/1654 959/1181/959 1656/2347/1656
f 1656/2347/1656 1765/2345/1765 1654/2172/1654
f 1656/2348/1656 940/1155/940 1647/2163/1647
f 1647/2163/1647 1765/2344/1765 1656/2348/1656
f 1671/2196/1671 973/2198/973 1675/2349/1675
f 1675/2349/1675 1766/2350/1766 1671/2196/1671
f 1675/2354/1675 980/2351/980 1678/2352/1678
f 1678/2352/1678 1766/2353/1766 1675/2354/1675
f 1678/2352/1678 987/2355/987 1680/2356/1680
f 1680/2356/1680 1766/2353/1766 1678/2352/1678
f 1680/2357/1680 968/2194/968 1671/2196/1671
f 1671/2196/1671 1766/2350/1766 1680/2357/1680
f 1695/2227/1695 1001/1241/1001 1699/2358/1699
f 1699/2358/1699 1767/2359/1767 1695/2227/1695
f 1699/2361/1699 1008/1251/1008 1702/2236/1702
f 1702/2236/1702 1767/2360/1767 1699/2361/1699
f 1702/2236/1702 1015/1261/1015 1704/2362/1704
f 1704/2362/1704 1767/2360/1767 1702/2236/1702
f 1704/2363/1704 996/1235/996 1695/2227/1695
f 1695/2227/1695 1767/2359/1767 1704/2363/1704
f 1719/2260/1719 1029/2262/1029 1723/2364/1723
f 1723/2364/1723 1768/2365/1768 1719/2260/1719
f 1723/2369/1723 1036/2366/1036 1726/2367/1726
f 1726/2367/1726 1768/2368/1768 1723/2369/1723
f 1726/2367/1726 1043/2370/1043 1728/2371/1728
f 1728/2371/1728 1768/2368/1768 1726/2367/1726
f 1728/2372/1728 1024/2258/1024 1719/2260/1719
f 1719/2260/1719 1768/2365/1768 1728/2372/1728
f 1279/1652/1279 427/481/427 1282/1661/1282
f 1282/1661/1282 1769/2373/1769 1279/1652/1279
f 1282/1661/1282 438/492/438 1275/1642/1275
f 1275/1642/1275 1769/2373/1769 1282/1661/1282
f 1275/2377/1275 354/2374/354 1048/2375/1048
f 1048/2375/1048 1769/2376/1769 1275/2377/1275
f 1048/2375/1048 345/2378/345 1279/2379/1279
f 1279/2379/1279 1769/2376/1769 1048/2375/1048
f 1276/1643/1276 436/490/436 1288/1677/1288
f 1288/1677/1288 1770/2380/1770 1276/1643/1276
f 1288/1677/1288 447/503/447 1284/1663/1284
f 1284/1663/1284 1770/2380/1770 1288/1677/1288
f 1284/1670/1284 361/1669/361 1050/2381/1050
f 1050/2381/1050 1770/2382/1770 1284/1670/1284
f 1050/2381/1050 348/1644/348 1276/1647/1276
f 1276/1647/1276 1770/2382/1770 1050/2381/1050
f 1285/1664/1285 445/499/445 1294/1692/1294
f 1294/1692/1294 1771/2383/1771 1285/1664/1285
f 1294/1692/1294 456/513/456 1290/1682/1290
f 1290/1682/1290 1771/2383/1771 1294/1692/1294
f 1290/2387/1290 368/2384/368 1053/2385/1053
f 1053/2385/1053 1771/2386/1771 1290/2387/1290
f 1053/2385/1053 355/2388/355 1285/2389/1285
f 1285/2389/1285 1771/2386/1771 1053/2385/1053
f 1057/2391/1057 362/1684/362 1291/1687/1291
f 1291/1687/1291 1772/2390/1772 1057/2391/1057
f 1291/1683/1291 454/511/454 1296/1695/1296
f 1296/1695/1296 1772/2392/1772 1291/1683/1291
f 1296/1695/1296 429/483/429 1278/1651/1278
f 1278/1651/1278 1772/2392/1772 1296/1695/1296
f 1278/1656/1278 341/1655/341 1057/2391/1057
f 1057/2391/1057 1772/2390/1772 1278/1656/1278
f 1303/2394/1303 463/1718/463 1306/1717/1306
f 1306/1717/1306 1773/2393/1773 1303/2394/1303
f 1306/1717/1306 474/1716/474 1299/2395/1299
f 1299/2395/1299 1773/2393/1773 1306/1717/1306
f 1299/2395/1299 430/2396/430 1281/2397/1281
f 1281/2397/1281 1773/2393/1773 1299/2395/1299
f 1281/2397/1281 425/2398/425 1303/2394/1303
f 1303/2394/1303 1773/2393/1773 1281/2397/1281
f 1300/1704/1300 472/529/472 1312/1728/1312
f 1312/1728/1312 1774/2399/1774 1300/1704/1300
f 1312/1728/1312 483/540/483 1308/1722/1308
f 1308/1722/1308 1774/2399/1774 1312/1728/1312
f 1308/1722/1308 439/1673/439 1287/1676/1287
f 1287/1676/1287 1774/2399/1774 1308/1722/1308
f 1287/1676/1287 434/1679/434 1300/1704/1300
f 1300/1704/1300 1774/2399/1774 1287/1676/1287
f 1309/2401/1309 481/1740/481 1318/1739/1318
f 1318/1739/1318 1775/2400/1775 1309/2401/1309
f 1318/1739/1318 492/1738/492 1314/2402/1314
f 1314/2402/1314 1775/2400/1775 1318/1739/1318
f 1314/2402/1314 448/2403/448 1293/2404/1293
f 1293/2404/1293 1775/2400/1775 1314/2402/1314
f 1293/2404/1293 443/2405/443 1309/2401/1309
f 1309/2401/1309 1775/2400/1775 1293/2404/1293
f 1297/1697/1297 452/1696/452 1315/1731/1315
f 1315/1731/1315 1776/2406/1776 1297/1697/1297
f 1315/1731/1315 490/547/490 1320/1744/1320
f 1320/1744/1320 1776/2406/1776 1315/1731/1315
f 1320/1744/1320 465/522/465 1302/1708/1302
f 1302/1708/1302 1776/2406/1776 1320/1744/1320
f 1302/1708/1302 421/1700/421 1297/1697/1297
f 1297/1697/1297 1776/2406/1776 1302/1708/1302
f 1327/2408/1327 501/1572/501 1224/1575/1224
f 1224/1575/1224 1777/2407/1777 1327/2408/1327
f 1224/1575/1224 506/1580/506 1323/2409/1323
f 1323/2409/1323 1777/2407/1777 1224/1575/1224
f 1323/2409/1323 466/1712/466 1305/1715/1305
f 1305/1715/1305 1777/2407/1777 1323/2409/1323
f 1305/1715/1305 461/1720/461 1327/2408/1327
f 1327/2408/1327 1777/2407/1777 1305/1715/1305
f 1324/1748/1324 502/559/502 1237/1592/1237
f 1237/1592/1237 1778/2410/1778 1324/1748/1324
f 1237/1592/1237 515/572/515 1329/1753/1329
f 1329/1753/1329 1778/2410/1778 1237/1592/1237
f 1329/1753/1329 475/532/475 1311/1727/1311
f 1311/1727/1311 1778/2410/1778 1329/1753/1329
f 1311/1727/1311 470/527/470 1324/1748/1324
f 1324/1748/1324 1778/2410/1778 1311/1727/1311
f 1330/2412/1330 511/1602/511 1243/1601/1243
f 1243/1601/1243 1779/2411/1779 1330/2412/1330
f 1243/1601/1243 524/1600/524 1332/2413/1332
f 1332/2413/1332 1779/2411/1779 1243/1601/1243
f 1332/2413/1332 484/1734/484 1317/1737/1317
f 1317/1737/1317 1779/2411/1779 1332/2413/1332
f 1317/1737/1317 479/1742/479 1330/2412/1330
f 1330/2412/1330 1779/2411/1779 1317/1737/1317
f 1321/1745/1321 488/545/488 1333/1757/1333
f 1333/1757/1333 1780/2414/1780 1321/1745/1321
f 1333/1757/1333 520/577/520 1248/1609/1248
f 1248/1609/1248 1780/2414/1780 1333/1757/1333
f 1248/1609/1248 493/550/493 1326/1750/1326
f 1326/1750/1326 1780/2414/1780 1248/1609/1248
f 1326/1750/1326 457/514/457 1321/1745/1321
f 1321/1745/1321 1780/2414/1780 1326/1750/1326
f 1254/1616/1254 388/433/388 1336/1760/1336
f 1336/1760/1336 1781/2415/1781 1254/1616/1254
f 1336/1760/1336 544/608/544 1339/1763/1339
f 1339/1763/1339 1781/2415/1781 1336/1760/1336
f 1339/1763/1339 535/594/535 1341/1766/1341
f 1341/1766/1341 1781/2415/1781 1339/1763/1339
f 1341/1766/1341 381/426/381 1254/1616/1254
f 1254/1616/1254 1781/2415/1781 1341/1766/1341
f 1264/1629/1264 401/449/401 1345/1770/1345
f 1345/1770/1345 1782/2416/1782 1264/1629/1264
f 1345/1770/1345 553/622/553 1347/1772/1347
f 1347/1772/1347 1782/2416/1782 1345/1770/1345
f 1347/1772/1347 546/612/546 1335/1759/1335
f 1335/1759/1335 1782/2416/1782 1347/1772/1347
f 1335/1759/1335 386/431/386 1264/1629/1264
f 1264/1629/1264 1782/2416/1782 1335/1759/1335
f 1270/1637/1270 414/465/414 1351/1777/1351
f 1351/1777/1351 1783/2417/1783 1270/1637/1270
f 1351/1777/1351 562/636/562 1353/1779/1353
f 1353/1779/1353 1783/2417/1783 1351/1777/1351
f 1353/1779/1353 555/626/555 1344/1769/1344
f 1344/1769/1344 1783/2417/1783 1353/1779/1353
f 1344/1769/1344 399/447/399 1270/1637/1270
f 1270/1637/1270 1783/2417/1783 1344/1769/1344
f 1342/1767/1342 533/590/533 1357/1784/1357
f 1357/1784/1357 1784/2418/1784 1342/1767/1342
f 1357/1784/1357 564/640/564 1350/1776/1350
f 1350/1776/1350 1784/2418/1784 1357/1784/1357
f 1350/1776/1350 412/463/412 1272/1639/1272
f 1272/1639/1272 1784/2418/1784 1350/1776/1350
f 1272/1639/1272 369/411/369 1342/1767/1342
f 1342/1767/1342 1784/2418/1784 1272/1639/1272
f 1338/1762/1338 542/604/542 1360/1788/1360
f 1360/1788/1360 1785/2419/1785 1338/1762/1338
f 1360/1788/1360 580/662/580 1363/1792/1363
f 1363/1792/1363 1785/2419/1785 1360/1788/1360
f 1363/1792/1363 571/648/571 1365/1794/1365
f 1365/1794/1365 1785/2419/1785 1363/1792/1363
f 1365/1794/1365 537/596/537 1338/1762/1338
f 1338/1762/1338 1785/2419/1785 1365/1794/1365
f 1348/1773/1348 551/618/551 1369/1799/1369
f 1369/1799/1369 1786/2420/1786 1348/1773/1348
f 1369/1799/1369 589/676/589 1371/1802/1371
f 1371/1802/1371 1786/2420/1786 1369/1799/1369
f 1371/1802/1371 582/664/582 1359/1787/1359
f 1359/1787/1359 1786/2420/1786 1371/1802/1371
f 1359/1787/1359 538/600/538 1348/1773/1348
f 1348/1773/1348 1786/2420/1786 1359/1787/1359
f 1354/1780/1354 560/632/560 1375/1808/1375
f 1375/1808/1375 1787/2421/1787 1354/1780/1354
f 1375/1808/1375 598/690/598 1377/1811/1377
f 1377/1811/1377 1787/2421/1787 1375/1808/1375
f 1377/1811/1377 591/680/591 1368/1798/1368
f 1368/1798/1368 1787/2421/1787 1377/1811/1377
f 1368/1798/1368 547/614/547 1354/1780/1354
f 1354/1780/1354 1787/2421/1787 1368/1798/1368
f 1366/1795/1366 569/646/569 1381/1815/1381
f 1381/1815/1381 1788/2422/1788 1366/1795/1366
f 1381/1815/1381 600/692/600 1374/1807/1374
f 1374/1807/1374 1788/2422/1788 1381/1815/1381
f 1374/1807/1374 556/628/556 1356/1783/1356
f 1356/1783/1356 1788/2422/1788 1374/1807/1374
f 1356/1783/1356 529/586/529 1366/1795/1366
f 1366/1795/1366 1788/2422/1788 1356/1783/1356
f 1362/2424/1362 578/1819/578 1384/1818/1384
f 1384/1818/1384 1789/2423/1789 1362/2424/1362
f 1384/1818/1384 616/709/616 1387/1822/1387
f 1387/1822/1387 1789/2423/1789 1384/1818/1384
f 1387/1822/1387 607/700/607 1389/1824/1389
f 1389/1824/1389 1789/2423/1789 1387/1822/1387
f 1389/1824/1389 573/1828/573 1362/2424/1362
f 1362/2424/1362 1789/2423/1789 1389/1824/1389
f 1372/2426/1372 587/672/587 1393/1831/1393
f 1393/1831/1393 1790/2425/1790 1372/2426/1372
f 1393/1831/1393 625/718/625 1395/1834/1395
f 1395/1834/1395 1790/2425/1790 1393/1831/1393
f 1395/1834/1395 618/711/618 1383/1817/1383
f 1383/1817/1383 1790/2425/1790 1395/1834/1395
f 1383/1817/1383 574/654/574 1372/2426/1372
f 1372/2426/1372 1790/2425/1790 1383/1817/1383
f 1378/2428/1378 596/1839/596 1399/1838/1399
f 1399/1838/1399 1791/2427/1791 1378/2428/1378
f 1399/1838/1399 634/727/634 1401/1843/1401
f 1401/1843/1401 1791/2427/1791 1399/1838/1399
f 1401/1843/1401 627/720/627 1392/1830/1392
f 1392/1830/1392 1791/2427/1791 1401/1843/1401
f 1392/1830/1392 583/1832/583 1378/2428/1378
f 1378/2428/1378 1791/2427/1791 1392/1830/1392
f 1390/1825/1390 605/698/605 1405/1847/1405
f 1405/1847/1405 1792/2429/1792 1390/1825/1390
f 1405/1847/1405 636/729/636 1398/1837/1398
f 1398/1837/1398 1792/2429/1792 1405/1847/1405
f 1398/1837/1398 592/1841/592 1380/2430/1380
f 1380/2430/1380 1792/2429/1792 1398/1837/1398
f 1380/2430/1380 565/1826/565 1390/1825/1390
f 1390/1825/1390 1792/2429/1792 1380/2430/1380
f 1386/1821/1386 614/707/614 1408/1850/1408
f 1408/1850/1408 1793/2431/1793 1386/1821/1386
f 1408/1850/1408 643/736/643 1410/1852/1410
f 1410/1852/1410 1793/2431/1793 1408/1850/1408
f 1410/1852/1410 609/702/609 1386/1821/1386
f 1386/1821/1386 1793/2431/1793 1410/1852/1410
f 1396/1835/1396 623/716/623 1414/1856/1414
f 1414/1856/1414 1794/2432/1794 1396/1835/1396
f 1414/1856/1414 645/738/645 1407/1849/1407
f 1407/1849/1407 1794/2432/1794 1414/1856/1414
f 1407/1849/1407 610/703/610 1396/1835/1396
f 1396/1835/1396 1794/2432/1794 1407/1849/1407
f 1402/1844/1402 632/725/632 1417/1859/1417
f 1417/1859/1417 1795/2433/1795 1402/1844/1402
f 1417/1859/1417 637/730/637 1413/1855/1413
f 1413/1855/1413 1795/2433/1795 1417/1859/1417
f 1413/1855/1413 619/712/619 1402/1844/1402
f 1402/1844/1402 1795/2433/1795 1413/1855/1413
f 1411/1853/1411 641/734/641 1416/1858/1416
f 1416/1858/1416 1796/2434/1796 1411/1853/1411
f 1416/1858/1416 628/721/628 1404/1846/1404
f 1404/1846/1404 1796/2434/1796 1416/1858/1416
f 1404/1846/1404 601/694/601 1411/1853/1411
f 1411/1853/1411 1796/2434/1796 1404/1846/1404
f 1246/1607/1246 10/10/10 1069/1342/1069
f 1069/1342/1069 1797/2435/1797 1246/1607/1246
f 1069/1342/1069 273/309/273 1420/1862/1420
f 1420/1862/1420 1797/2435/1797 1069/1342/1069
f 1420/1862/1420 304/340/304 1074/1353/1074
f 1074/1353/1074 1797/2435/1797 1420/1862/1420
f 1074/1353/1074 5/5/5 1246/1607/1246
f 1246/1607/1246 1797/2435/1797 1074/1353/1074
f 1081/1366/1081 291/327/291 1422/1864/1422
f 1422/1864/1422 1798/2436/1798 1081/1366/1081
f 1422/1864/1422 286/322/286 1062/1329/1062
f 1062/1329/1062 1798/2436/1798 1422/1864/1422
f 1062/1329/1062 32/32/32 1230/1585/1230
f 1230/1585/1230 1798/2436/1798 1062/1329/1062
f 1230/1585/1230 19/19/19 1081/1366/1081
f 1081/1366/1081 1798/2436/1798 1230/1585/1230
f 1089/1379/1089 309/345/309 1426/1868/1426
f 1426/1868/1426 1799/2437/1799 1089/1379/1089
f 1426/1868/1426 340/382/340 1096/1392/1096
f 1096/1392/1096 1799/2437/1799 1426/1868/1426
f 1096/1392/1096 104/116/104 1428/1870/1428
f 1428/1870/1428 1799/2437/1799 1096/1392/1096
f 1428/1870/1428 97/109/97 1089/1379/1089
f 1089/1379/1089 1799/2437/1799 1428/1870/1428
f 1435/1877/1435 124/136/124 1101/1406/1101
f 1101/1406/1101 1800/2438/1800 1435/1877/1435
f 1101/1406/1101 327/369/327 1431/1873/1431
f 1431/1873/1431 1800/2438/1800 1101/1406/1101
f 1431/1873/1431 322/364/322 1084/1369/1084
f 1084/1369/1084 1800/2438/1800 1431/1873/1431
f 1084/1369/1084 113/125/113 1435/1877/1435
f 1435/1877/1435 1800/2438/1800 1084/1369/1084
f 1113/1430/1113 210/234/210 1437/1879/1437
f 1437/1879/1437 1801/2439/1801 1113/1430/1113
f 1437/1879/1437 205/229/205 1120/1443/1120
f 1120/1443/1120 1801/2439/1801 1437/1879/1437
f 1120/1443/1120 158/170/158 1440/1882/1440
f 1440/1882/1440 1801/2439/1801 1120/1443/1120
f 1440/1882/1440 133/145/133 1113/1430/1113
f 1113/1430/1113 1801/2439/1801 1440/1882/1440
f 1447/1889/1447 151/163/151 1125/1454/1125
f 1125/1454/1125 1802/2440/1802 1447/1889/1447
f 1125/1454/1125 228/252/228 1443/1885/1443
f 1443/1885/1443 1802/2440/1802 1125/1454/1125
f 1443/1885/1443 223/247/223 1108/1419/1108
f 1108/1419/1108 1802/2440/1802 1443/1885/1443
f 1108/1419/1108 140/152/140 1447/1889/1447
f 1447/1889/1447 1802/2440/1802 1108/1419/1108
f 1450/1892/1450 178/195/178 1137/1473/1137
f 1137/1473/1137 1803/2441/1803 1450/1892/1450
f 1137/1473/1137 246/273/246 1176/1517/1176
f 1176/1517/1176 1803/2441/1803 1137/1473/1137
f 1176/1517/1176 241/267/241 1144/1481/1144
f 1144/1481/1144 1803/2441/1803 1176/1517/1176
f 1144/1481/1144 167/181/167 1450/1892/1450
f 1450/1892/1450 1803/2441/1803 1144/1481/1144
f 1453/1895/1453 196/219/196 1149/1487/1149
f 1149/1487/1149 1804/2442/1804 1453/1895/1453
f 1149/1487/1149 264/297/264 1191/1534/1191
f 1191/1534/1191 1804/2442/1804 1149/1487/1149
f 1191/1534/1191 259/291/259 1132/1467/1132
f 1132/1467/1132 1804/2442/1804 1191/1534/1191
f 1132/1467/1132 185/205/185 1453/1895/1453
f 1453/1895/1453 1804/2442/1804 1132/1467/1132
f 1429/1871/1429 102/114/102 1162/1501/1162
f 1162/1501/1162 1805/2443/1805 1429/1871/1429
f 1162/1501/1162 197/221/197 1438/1880/1438
f 1438/1880/1438 1805/2443/1805 1162/1501/1162
f 1438/1880/1438 206/230/206 1158/1497/1158
f 1158/1497/1158 1805/2443/1805 1438/1880/1438
f 1158/1497/1158 89/101/89 1429/1871/1429
f 1429/1871/1429 1805/2443/1805 1158/1497/1158
f 1156/1495/1156 215/239/215 1444/1886/1444
f 1444/1886/1444 1806/2444/1806 1156/1495/1156
f 1444/1886/1444 224/248/224 1164/1503/1164
f 1164/1503/1164 1806/2444/1806 1444/1886/1444
f 1164/1503/1164 116/128/116 1434/1876/1434
f 1434/1876/1434 1806/2444/1806 1164/1503/1164
f 1434/1876/1434 111/123/111 1156/1495/1156
f 1156/1495/1156 1806/2444/1806 1434/1876/1434
f 1441/1883/1441 156/168/156 1204/1547/1204
f 1204/1547/1204 1807/2445/1807 1441/1883/1441
f 1204/1547/1204 296/332/296 1419/1861/1419
f 1419/1861/1419 1807/2445/1807 1204/1547/1204
f 1419/1861/1419 269/305/269 1200/1543/1200
f 1200/1543/1200 1807/2445/1807 1419/1861/1419
f 1200/1543/1200 125/137/125 1441/1883/1441
f 1441/1883/1441 1807/2445/1807 1200/1543/1200
f 1198/1541/1198 278/314/278 1423/1865/1423
f 1423/1865/1423 1808/2446/1808 1198/1541/1198
f 1423/1865/1423 287/323/287 1206/1549/1206
f 1206/1549/1206 1808/2446/1808 1423/1865/1423
f 1206/1549/1206 143/155/143 1446/1888/1446
f 1446/1888/1446 1808/2446/1808 1206/1549/1206
f 1446/1888/1446 138/150/138 1198/1541/1198
f 1198/1541/1198 1808/2446/1808 1446/1888/1446
f 1216/1562/1216 332/374/332 1425/1867/1425
f 1425/1867/1425 1809/2447/1809 1216/1562/1216
f 1425/1867/1425 305/341/305 1212/1556/1212
f 1212/1556/1212 1809/2447/1809 1425/1867/1425
f 1212/1556/1212 170/185/170 1449/1891/1449
f 1449/1891/1449 1809/2447/1809 1212/1556/1212
f 1449/1891/1449 165/177/165 1216/1562/1216
f 1216/1562/1216 1809/2447/1809 1449/1891/1449
f 1210/1553/1210 314/353/314 1432/1874/1432
f 1432/1874/1432 1810/2448/1810 1210/1553/1210
f 1432/1874/1432 323/365/323 1218/1565/1218
f 1218/1565/1218 1810/2448/1810 1432/1874/1432
f 1218/1565/1218 188/209/188 1452/1894/1452
f 1452/1894/1452 1810/2448/1810 1218/1565/1218
f 1452/1894/1452 183/201/183 1210/1553/1210
f 1210/1553/1210 1810/2448/1810 1452/1894/1452
f 1170/1510/1170 58/63/58 1459/1901/1459
f 1459/1901/1459 1811/2449/1811 1170/1510/1170
f 1459/1901/1459 661/761/661 1467/1918/1467
f 1467/1918/1467 1811/2449/1811 1459/1901/1459
f 1467/1918/1467 654/751/654 1455/1897/1455
f 1455/1897/1455 1811/2449/1811 1467/1918/1467
f 1455/1897/1455 49/52/49 1170/1510/1170
f 1170/1510/1170 1811/2449/1811 1455/1897/1455
f 1252/1613/1252 392/437/392 1462/2450/1462
f 1462/2450/1462 1812/2451/1812 1252/1613/1252
f 1462/2450/1462 670/775/670 1470/1922/1470
f 1470/1922/1470 1812/2451/1812 1462/2450/1462
f 1470/2453/1470 663/765/663 1458/1900/1458
f 1458/1900/1458 1812/2452/1812 1470/2453/1470
f 1458/1900/1458 56/59/56 1252/2454/1252
f 1252/2454/1252 1812/2452/1812 1458/1900/1458
f 1465/1912/1465 679/789/679 1473/1926/1473
f 1473/1926/1473 1813/2455/1813 1465/1912/1465
f 1473/1926/1473 672/777/672 1461/1903/1461
f 1461/1903/1461 1813/2455/1813 1473/1926/1473
f 1461/1903/1461 390/1908/390 1255/2456/1255
f 1255/2456/1255 1813/2455/1813 1461/1903/1461
f 1255/2456/1255 379/1913/379 1465/1912/1465
f 1465/1912/1465 1813/2455/1813 1255/2456/1255
f 1456/1898/1456 652/747/652 1477/2457/1477
f 1477/2457/1477 1814/2458/1814 1456/1898/1456
f 1477/1931/1477 681/793/681 1464/1915/1464
f 1464/1915/1464 1814/2459/1814 1477/1931/1477
f 1464/1915/1464 377/421/377 1257/1619/1257
f 1257/1619/1257 1814/2459/1814 1464/1915/1464
f 1257/1621/1257 37/37/37 1456/1898/1456
f 1456/1898/1456 1814/2458/1814 1257/1621/1257
f 1183/1525/1183 84/95/84 1483/1938/1483
f 1483/1938/1483 1815/2460/1815 1183/1525/1183
f 1483/1938/1483 697/817/697 1491/1948/1491
f 1491/1948/1491 1815/2460/1815 1483/1938/1483
f 1491/1948/1491 690/807/690 1479/1934/1479
f 1479/1934/1479 1815/2460/1815 1491/1948/1491
f 1479/1934/1479 50/53/50 1183/1525/1183
f 1183/1525/1183 1815/2460/1815 1479/1934/1479
f 1261/1625/1261 405/453/405 1486/1941/1486
f 1486/1941/1486 1816/2461/1816 1261/1625/1261
f 1486/1941/1486 706/831/706 1494/1952/1494
f 1494/1952/1494 1816/2461/1816 1486/1941/1486
f 1494/1952/1494 699/821/699 1482/1937/1482
f 1482/1937/1482 1816/2461/1816 1494/1952/1494
f 1482/1937/1482 82/91/82 1261/1625/1261
f 1261/1625/1261 1816/2461/1816 1482/1937/1482
f 1489/1945/1489 715/843/715 1497/1957/1497
f 1497/1957/1497 1817/2462/1817 1489/1945/1489
f 1497/1957/1497 708/833/708 1485/1940/1485
f 1485/1940/1485 1817/2462/1817 1497/1957/1497
f 1485/1940/1485 403/1942/403 1263/2463/1263
f 1263/2463/1263 1817/2462/1817 1485/1940/1485
f 1263/2463/1263 382/1946/382 1489/1945/1489
f 1489/1945/1489 1817/2462/1817 1263/2463/1263
f 1480/1935/1480 688/803/688 1501/1962/1501
f 1501/1962/1501 1818/2464/1818 1480/1935/1480
f 1501/1962/1501 717/846/717 1488/1944/1488
f 1488/1944/1488 1818/2464/1818 1501/1962/1501
f 1488/1944/1488 394/441/394 1251/1612/1251
f 1251/1612/1251 1818/2464/1818 1488/1944/1488
f 1251/1612/1251 54/57/54 1480/1935/1480
f 1480/1935/1480 1818/2464/1818 1251/1612/1251
f 1507/1970/1507 733/869/733 1515/1987/1515
f 1515/1987/1515 1819/2465/1819 1507/1970/1507
f 1515/1987/1515 726/859/726 1503/1966/1503
f 1503/1966/1503 1819/2465/1819 1515/1987/1515
f 1503/1966/1503 76/85/76 1188/1531/1188
f 1188/1531/1188 1819/2465/1819 1503/1966/1503
f 1188/1531/1188 71/79/71 1507/1970/1507
f 1507/1970/1507 1819/2465/1819 1188/1531/1188
f 1267/1632/1267 418/469/418 1510/1976/1510
f 1510/1976/1510 1820/2466/1820 1267/1632/1267
f 1510/1976/1510 742/883/742 1518/1991/1518
f 1518/1991/1518 1820/2466/1820 1510/1976/1510
f 1518/2468/1518 735/873/735 1506/1969/1506
f 1506/1969/1506 1820/2467/1820 1518/2468/1518
f 1506/1969/1506 69/75/69 1267/1634/1267
f 1267/1634/1267 1820/2467/1820 1506/1969/1506
f 1513/1982/1513 751/897/751 1521/1995/1521
f 1521/1995/1521 1821/2469/1821 1513/1982/1513
f 1521/1995/1521 744/885/744 1509/1972/1509
f 1509/1972/1509 1821/2469/1821 1521/1995/1521
f 1509/1972/1509 416/1977/416 1269/2470/1269
f 1269/2470/1269 1821/2469/1821 1509/1972/1509
f 1269/2470/1269 395/1983/395 1513/1982/1513
f 1513/1982/1513 1821/2469/1821 1269/2470/1269
f 1504/1967/1504 724/855/724 1525/2471/1525
f 1525/2471/1525 1822/2472/1822 1504/1967/1504
f 1525/2000/1525 753/901/753 1512/2473/1512
f 1512/2473/1512 1822/2474/1822 1525/2000/1525
f 1512/2473/1512 407/457/407 1260/1624/1260
f 1260/1624/1260 1822/2474/1822 1512/2473/1512
f 1260/2475/1260 80/89/80 1504/1967/1504
f 1504/1967/1504 1822/2472/1822 1260/2475/1260
f 1531/2007/1531 769/925/769 1539/2017/1539
f 1539/2017/1539 1823/2476/1823 1531/2007/1531
f 1539/2017/1539 762/915/762 1527/2003/1527
f 1527/2003/1527 1823/2476/1823 1539/2017/1539
f 1527/2003/1527 63/69/63 1194/1537/1194
f 1194/1537/1194 1823/2476/1823 1527/2003/1527
f 1194/1537/1194 43/45/43 1531/2007/1531
f 1531/2007/1531 1823/2476/1823 1194/1537/1194
f 1258/1620/1258 375/417/375 1534/2010/1534
f 1534/2010/1534 1824/2477/1824 1258/1620/1258
f 1534/2010/1534 778/939/778 1542/2021/1542
f 1542/2021/1542 1824/2477/1824 1534/2010/1534
f 1542/2021/1542 771/929/771 1530/2006/1530
f 1530/2006/1530 1824/2477/1824 1542/2021/1542
f 1530/2006/1530 41/41/41 1258/1620/1258
f 1258/1620/1258 1824/2477/1824 1530/2006/1530
f 1273/2479/1273 408/2015/408 1537/2014/1537
f 1537/2014/1537 1825/2478/1825 1273/2479/1273
f 1537/2014/1537 787/951/787 1545/2026/1545
f 1545/2026/1545 1825/2478/1825 1537/2014/1537
f 1545/2026/1545 780/941/780 1533/2009/1533
f 1533/2009/1533 1825/2478/1825 1545/2026/1545
f 1533/2009/1533 373/2011/373 1273/2479/1273
f 1273/2479/1273 1825/2478/1825 1533/2009/1533
f 1528/2004/1528 760/911/760 1549/2031/1549
f 1549/2031/1549 1826/2480/1826 1528/2004/1528
f 1549/2031/1549 789/954/789 1536/2013/1536
f 1536/2013/1536 1826/2480/1826 1549/2031/1549
f 1536/2013/1536 420/473/420 1266/1631/1266
f 1266/1631/1266 1826/2480/1826 1536/2013/1536
f 1266/1631/1266 67/73/67 1528/2004/1528
f 1528/2004/1528 1826/2480/1826 1266/1631/1266
f 1468/1919/1468 659/757/659 1567/2052/1567
f 1567/2052/1567 1827/2481/1827 1468/1919/1468
f 1567/2052/1567 807/977/807 1552/2036/1552
f 1552/2036/1552 1827/2481/1827 1567/2052/1567
f 1552/2036/1552 796/961/796 1563/2047/1563
f 1563/2047/1563 1827/2481/1827 1552/2036/1552
f 1563/2047/1563 646/739/646 1468/1919/1468
f 1468/1919/1468 1827/2481/1827 1563/2047/1563
f 1471/1923/1471 668/771/668 1570/2058/1570
f 1570/2058/1570 1828/2482/1828 1471/1923/1471
f 1570/2058/1570 816/989/816 1554/2038/1554
f 1554/2038/1554 1828/2482/1828 1570/2058/1570
f 1554/2038/1554 799/967/799 1566/2051/1566
f 1566/2051/1566 1828/2482/1828 1554/2038/1554
f 1566/2051/1566 655/753/655 1471/1923/1471
f 1471/1923/1471 1828/2482/1828 1566/2051/1566
f 1474/1927/1474 677/785/677 1573/2063/1573
f 1573/2063/1573 1829/2483/1829 1474/1927/1474
f 1573/2063/1573 825/2062/825 1557/2484/1557
f 1557/2484/1557 1829/2483/1829 1573/2063/1573
f 1557/2484/1557 808/2054/808 1569/2057/1569
f 1569/2057/1569 1829/2483/1829 1557/2484/1557
f 1569/2057/1569 664/767/664 1474/1927/1474
f 1474/1927/1474 1829/2483/1829 1569/2057/1569
f 1564/2048/1564 794/959/794 1561/2045/1561
f 1561/2045/1561 1830/2485/1830 1564/2048/1564
f 1561/2045/1561 817/991/817 1572/2061/1572
f 1572/2061/1572 1830/2485/1830 1561/2045/1561
f 1572/2061/1572 673/781/673 1476/1930/1476
f 1476/1930/1476 1830/2485/1830 1572/2061/1572
f 1476/1930/1476 650/743/650 1564/2048/1564
f 1564/2048/1564 1830/2485/1830 1476/1930/1476
f 1492/1949/1492 695/813/695 1591/2084/1591
f 1591/2084/1591 1831/2486/1831 1492/1949/1492
f 1591/2084/1591 843/1025/843 1576/2068/1576
f 1576/2068/1576 1831/2486/1831 1591/2084/1591
f 1576/2068/1576 832/1009/832 1587/2079/1587
f 1587/2079/1587 1831/2486/1831 1576/2068/1576
f 1587/2079/1587 682/795/682 1492/1949/1492
f 1492/1949/1492 1831/2486/1831 1587/2079/1587
f 1495/1955/1495 704/2090/704 1594/2088/1594
f 1594/2088/1594 1832/2487/1832 1495/1955/1495
f 1594/2088/1594 852/1037/852 1578/2070/1578
f 1578/2070/1578 1832/2487/1832 1594/2088/1594
f 1578/2070/1578 835/1015/835 1590/2083/1590
f 1590/2083/1590 1832/2487/1832 1578/2070/1578
f 1590/2083/1590 691/809/691 1495/1955/1495
f 1495/1955/1495 1832/2487/1832 1590/2083/1590
f 1498/1958/1498 713/839/713 1597/2094/1597
f 1597/2094/1597 1833/2488/1833 1498/1958/1498
f 1597/2094/1597 861/1049/861 1581/2073/1581
f 1581/2073/1581 1833/2488/1833 1597/2094/1597
f 1581/2073/1581 844/1027/844 1593/2087/1593
f 1593/2087/1593 1833/2488/1833 1581/2073/1581
f 1593/2087/1593 700/823/700 1498/1958/1498
f 1498/1958/1498 1833/2488/1833 1593/2087/1593
f 1588/2080/1588 830/1007/830 1585/2077/1585
f 1585/2077/1585 1834/2489/1834 1588/2080/1588
f 1585/2077/1585 853/1039/853 1596/2093/1596
f 1596/2093/1596 1834/2489/1834 1585/2077/1585
f 1596/2093/1596 709/2096/709 1500/1963/1500
f 1500/1963/1500 1834/2489/1834 1596/2093/1596
f 1500/1963/1500 686/799/686 1588/2080/1588
f 1588/2080/1588 1834/2489/1834 1500/1963/1500
f 1516/1988/1516 731/865/731 1615/2116/1615
f 1615/2116/1615 1835/2490/1835 1516/1988/1516
f 1615/2116/1615 879/1073/879 1600/2100/1600
f 1600/2100/1600 1835/2490/1835 1615/2116/1615
f 1600/2100/1600 868/1057/868 1611/2111/1611
f 1611/2111/1611 1835/2490/1835 1600/2100/1600
f 1611/2111/1611 718/847/718 1516/1988/1516
f 1516/1988/1516 1835/2490/1835 1611/2111/1611
f 1519/1992/1519 740/879/740 1618/2122/1618
f 1618/2122/1618 1836/2491/1836 1519/1992/1519
f 1618/2122/1618 888/1085/888 1602/2102/1602
f 1602/2102/1602 1836/2491/1836 1618/2122/1618
f 1602/2102/1602 871/1063/871 1614/2115/1614
f 1614/2115/1614 1836/2491/1836 1602/2102/1602
f 1614/2115/1614 727/861/727 1519/1992/1519
f 1519/1992/1519 1836/2491/1836 1614/2115/1614
f 1522/1996/1522 749/893/749 1621/2127/1621
f 1621/2127/1621 1837/2492/1837 1522/1996/1522
f 1621/2127/1621 897/2126/897 1605/2493/1605
f 1605/2493/1605 1837/2492/1837 1621/2127/1621
f 1605/2493/1605 880/2118/880 1617/2121/1617
f 1617/2121/1617 1837/2492/1837 1605/2493/1605
f 1617/2121/1617 736/875/736 1522/1996/1522
f 1522/1996/1522 1837/2492/1837 1617/2121/1617
f 1612/2112/1612 866/1055/866 1609/2109/1609
f 1609/2109/1609 1838/2494/1838 1612/2112/1612
f 1609/2109/1609 889/1087/889 1620/2125/1620
f 1620/2125/1620 1838/2494/1838 1609/2109/1609
f 1620/2125/1620 745/889/745 1524/1999/1524
f 1524/1999/1524 1838/2494/1838 1620/2125/1620
f 1524/1999/1524 722/851/722 1612/2112/1612
f 1612/2112/1612 1838/2494/1838 1524/1999/1524
f 1540/2018/1540 767/921/767 1639/2148/1639
f 1639/2148/1639 1839/2495/1839 1540/2018/1540
f 1639/2148/1639 915/1121/915 1624/2132/1624
f 1624/2132/1624 1839/2495/1839 1639/2148/1639
f 1624/2132/1624 904/1105/904 1635/2143/1635
f 1635/2143/1635 1839/2495/1839 1624/2132/1624
f 1635/2143/1635 754/903/754 1540/2018/1540
f 1540/2018/1540 1839/2495/1839 1635/2143/1635
f 1543/2024/1543 776/2154/776 1642/2152/1642
f 1642/2152/1642 1840/2496/1840 1543/2024/1543
f 1642/2152/1642 924/1133/924 1626/2134/1626
f 1626/2134/1626 1840/2496/1840 1642/2152/1642
f 1626/2134/1626 907/1111/907 1638/2147/1638
f 1638/2147/1638 1840/2496/1840 1626/2134/1626
f 1638/2147/1638 763/917/763 1543/2024/1543
f 1543/2024/1543 1840/2496/1840 1638/2147/1638
f 1546/2027/1546 785/947/785 1645/2158/1645
f 1645/2158/1645 1841/2497/1841 1546/2027/1546
f 1645/2158/1645 933/1145/933 1629/2137/1629
f 1629/2137/1629 1841/2497/1841 1645/2158/1645
f 1629/2137/1629 916/1123/916 1641/2151/1641
f 1641/2151/1641 1841/2497/1841 1629/2137/1629
f 1641/2151/1641 772/931/772 1546/2027/1546
f 1546/2027/1546 1841/2497/1841 1641/2151/1641
f 1636/2144/1636 902/1103/902 1633/2141/1633
f 1633/2141/1633 1842/2498/1842 1636/2144/1636
f 1633/2141/1633 925/1135/925 1644/2157/1644
f 1644/2157/1644 1842/2498/1842 1633/2141/1633
f 1644/2157/1644 781/2160/781 1548/2032/1548
f 1548/2032/1548 1842/2498/1842 1644/2157/1644
f 1548/2032/1548 758/907/758 1636/2144/1636
f 1636/2144/1636 1842/2498/1842 1548/2032/1548
f 1551/2035/1551 805/973/805 1663/2184/1663
f 1663/2184/1663 1843/2499/1843 1551/2035/1551
f 1663/2184/1663 947/1165/947 1648/2164/1648
f 1648/2164/1648 1843/2499/1843 1663/2184/1663
f 1648/2164/1648 938/1151/938 1659/2179/1659
f 1659/2179/1659 1843/2499/1843 1648/2164/1648
f 1659/2179/1659 798/965/798 1551/2035/1551
f 1551/2035/1551 1843/2499/1843 1659/2179/1659
f 1555/2039/1555 814/985/814 1666/2188/1666
f 1666/2188/1666 1844/2500/1844 1555/2039/1555
f 1666/2188/1666 954/1173/954 1650/2166/1650
f 1650/2166/1650 1844/2500/1844 1666/2188/1666
f 1650/2166/1650 941/1157/941 1662/2183/1662
f 1662/2183/1662 1844/2500/1844 1650/2166/1650
f 1662/2183/1662 803/971/803 1555/2039/1555
f 1555/2039/1555 1844/2500/1844 1662/2183/1662
f 1558/2042/1558 823/997/823 1669/2192/1669
f 1669/2192/1669 1845/2501/1845 1558/2042/1558
f 1669/2192/1669 961/1185/961 1653/2171/1653
f 1653/2171/1653 1845/2501/1845 1669/2192/1669
f 1653/2171/1653 948/1167/948 1665/2187/1665
f 1665/2187/1665 1845/2501/1845 1653/2171/1653
f 1665/2187/1665 812/983/812 1558/2042/1558
f 1558/2042/1558 1845/2501/1845 1665/2187/1665
f 1660/2180/1660 934/1147/934 1657/2176/1657
f 1657/2176/1657 1846/2502/1846 1660/2180/1660
f 1657/2176/1657 955/1177/955 1668/2191/1668
f 1668/2191/1668 1846/2502/1846 1657/2176/1657
f 1668/2191/1668 821/995/821 1560/2044/1560
f 1560/2044/1560 1846/2502/1846 1668/2191/1668
f 1560/2044/1560 790/955/790 1660/2180/1660
f 1660/2180/1660 1846/2502/1846 1560/2044/1560
f 1575/2067/1575 841/1021/841 1687/2216/1687
f 1687/2216/1687 1847/2503/1847 1575/2067/1575
f 1687/2216/1687 975/1203/975 1672/2197/1672
f 1672/2197/1672 1847/2503/1847 1687/2216/1687
f 1672/2197/1672 966/1191/966 1683/2211/1683
f 1683/2211/1683 1847/2503/1847 1672/2197/1672
f 1683/2211/1683 834/1013/834 1575/2067/1575
f 1575/2067/1575 1847/2503/1847 1683/2211/1683
f 1579/2071/1579 850/1033/850 1690/2220/1690
f 1690/2220/1690 1848/2504/1848 1579/2071/1579
f 1690/2220/1690 982/1213/982 1674/2200/1674
f 1674/2200/1674 1848/2504/1848 1690/2220/1690
f 1674/2200/1674 969/1197/969 1686/2215/1686
f 1686/2215/1686 1848/2504/1848 1674/2200/1674
f 1686/2215/1686 839/1019/839 1579/2071/1579
f 1579/2071/1579 1848/2504/1848 1686/2215/1686
f 1582/2074/1582 859/1045/859 1693/2224/1693
f 1693/2224/1693 1849/2505/1849 1582/2074/1582
f 1693/2224/1693 989/1225/989 1677/2204/1677
f 1677/2204/1677 1849/2505/1849 1693/2224/1693
f 1677/2204/1677 976/1207/976 1689/2219/1689
f 1689/2219/1689 1849/2505/1849 1677/2204/1677
f 1689/2219/1689 848/1031/848 1582/2074/1582
f 1582/2074/1582 1849/2505/1849 1689/2219/1689
f 1684/2212/1684 962/1187/962 1681/2209/1681
f 1681/2209/1681 1850/2506/1850 1684/2212/1684
f 1681/2209/1681 983/1217/983 1692/2223/1692
f 1692/2223/1692 1850/2506/1850 1681/2209/1681
f 1692/2223/1692 857/1043/857 1584/2076/1584
f 1584/2076/1584 1850/2506/1850 1692/2223/1692
f 1584/2076/1584 826/1003/826 1684/2212/1684
f 1684/2212/1684 1850/2506/1850 1584/2076/1584
f 1599/2099/1599 877/1069/877 1711/2248/1711
f 1711/2248/1711 1851/2507/1851 1599/2099/1599
f 1711/2248/1711 1003/1245/1003 1696/2228/1696
f 1696/2228/1696 1851/2507/1851 1711/2248/1711
f 1696/2228/1696 994/1231/994 1707/2243/1707
f 1707/2243/1707 1851/2507/1851 1696/2228/1696
f 1707/2243/1707 870/1061/870 1599/2099/1599
f 1599/2099/1599 1851/2507/1851 1707/2243/1707
f 1603/2103/1603 886/1081/886 1714/2252/1714
f 1714/2252/1714 1852/2508/1852 1603/2103/1603
f 1714/2252/1714 1010/1253/1010 1698/2230/1698
f 1698/2230/1698 1852/2508/1852 1714/2252/1714
f 1698/2230/1698 997/1237/997 1710/2247/1710
f 1710/2247/1710 1852/2508/1852 1698/2230/1698
f 1710/2247/1710 875/1067/875 1603/2103/1603
f 1603/2103/1603 1852/2508/1852 1710/2247/1710
f 1606/2106/1606 895/1093/895 1717/2256/1717
f 1717/2256/1717 1853/2509/1853 1606/2106/1606
f 1717/2256/1717 1017/1265/1017 1701/2235/1701
f 1701/2235/1701 1853/2509/1853 1717/2256/1717
f 1701/2235/1701 1004/1247/1004 1713/2251/1713
f 1713/2251/1713 1853/2509/1853 1701/2235/1701
f 1713/2251/1713 884/1079/884 1606/2106/1606
f 1606/2106/1606 1853/2509/1853 1713/2251/1713
f 1708/2244/1708 990/1227/990 1705/2240/1705
f 1705/2240/1705 1854/2510/1854 1708/2244/1708
f 1705/2240/1705 1011/1257/1011 1716/2255/1716
f 1716/2255/1716 1854/2510/1854 1705/2240/1705
f 1716/2255/1716 893/1091/893 1608/2108/1608
f 1608/2108/1608 1854/2510/1854 1716/2255/1716
f 1608/2108/1608 862/1051/862 1708/2244/1708
f 1708/2244/1708 1854/2510/1854 1608/2108/1608
f 1623/2131/1623 913/1117/913 1735/2280/1735
f 1735/2280/1735 1855/2511/1855 1623/2131/1623
f 1735/2280/1735 1031/1283/1031 1720/2261/1720
f 1720/2261/1720 1855/2511/1855 1735/2280/1735
f 1720/2261/1720 1022/1271/1022 1731/2275/1731
f 1731/2275/1731 1855/2511/1855 1720/2261/1720
f 1731/2275/1731 906/1109/906 1623/2131/1623
f 1623/2131/1623 1855/2511/1855 1731/2275/1731
f 1627/2135/1627 922/1129/922 1738/2284/1738
f 1738/2284/1738 1856/2512/1856 1627/2135/1627
f 1738/2284/1738 1038/1293/1038 1722/2264/1722
f 1722/2264/1722 1856/2512/1856 1738/2284/1738
f 1722/2264/1722 1025/1277/1025 1734/2279/1734
f 1734/2279/1734 1856/2512/1856 1722/2264/1722
f 1734/2279/1734 911/1115/911 1627/2135/1627
f 1627/2135/1627 1856/2512/1856 1734/2279/1734
f 1630/2138/1630 931/1141/931 1741/2288/1741
f 1741/2288/1741 1857/2513/1857 1630/2138/1630
f 1741/2288/1741 1045/1305/1045 1725/2268/1725
f 1725/2268/1725 1857/2513/1857 1741/2288/1741
f 1725/2268/1725 1032/1287/1032 1737/2283/1737
f 1737/2283/1737 1857/2513/1857 1725/2268/1725
f 1737/2283/1737 920/1127/920 1630/2138/1630
f 1630/2138/1630 1857/2513/1857 1737/2283/1737
f 1732/2276/1732 1018/1267/1018 1729/2273/1729
f 1729/2273/1729 1858/2514/1858 1732/2276/1732
f 1729/2273/1729 1039/1297/1039 1740/2287/1740
f 1740/2287/1740 1858/2514/1858 1729/2273/1729
f 1740/2287/1740 929/1139/929 1632/2140/1632
f 1632/2140/1632 1858/2514/1858 1740/2287/1740
f 1632/2140/1632 898/1099/898 1732/2276/1732
f 1732/2276/1732 1858/2514/1858 1632/2140/1632
